-- MySQL dump 10.13  Distrib 5.7.18, for Win32 (AMD64)
--
-- Host: localhost    Database: bd_inventario2
-- ------------------------------------------------------
-- Server version	5.7.18-log

/*!40101 SET @OLD_CHARACTER_SET_CLIENT=@@CHARACTER_SET_CLIENT */;
/*!40101 SET @OLD_CHARACTER_SET_RESULTS=@@CHARACTER_SET_RESULTS */;
/*!40101 SET @OLD_COLLATION_CONNECTION=@@COLLATION_CONNECTION */;
/*!40101 SET NAMES utf8 */;
/*!40103 SET @OLD_TIME_ZONE=@@TIME_ZONE */;
/*!40103 SET TIME_ZONE='+00:00' */;
/*!40014 SET @OLD_UNIQUE_CHECKS=@@UNIQUE_CHECKS, UNIQUE_CHECKS=0 */;
/*!40014 SET @OLD_FOREIGN_KEY_CHECKS=@@FOREIGN_KEY_CHECKS, FOREIGN_KEY_CHECKS=0 */;
/*!40101 SET @OLD_SQL_MODE=@@SQL_MODE, SQL_MODE='NO_AUTO_VALUE_ON_ZERO' */;
/*!40111 SET @OLD_SQL_NOTES=@@SQL_NOTES, SQL_NOTES=0 */;

--
-- Table structure for table `categorias`
--

DROP TABLE IF EXISTS `categorias`;
/*!40101 SET @saved_cs_client     = @@character_set_client */;
/*!40101 SET character_set_client = utf8 */;
CREATE TABLE `categorias` (
  `Id_Categoria` int(11) NOT NULL AUTO_INCREMENT,
  `Nombre_Categoria` varchar(45) DEFAULT NULL,
  PRIMARY KEY (`Id_Categoria`)
) ENGINE=InnoDB AUTO_INCREMENT=8 DEFAULT CHARSET=utf8;
/*!40101 SET character_set_client = @saved_cs_client */;

--
-- Dumping data for table `categorias`
--

LOCK TABLES `categorias` WRITE;
/*!40000 ALTER TABLE `categorias` DISABLE KEYS */;
INSERT INTO `categorias` VALUES (1,'Reactivo'),(2,'Repuestos'),(3,'Equipos'),(4,'Servicios');
/*!40000 ALTER TABLE `categorias` ENABLE KEYS */;
UNLOCK TABLES;

--
-- Table structure for table `categorias_sub`
--

DROP TABLE IF EXISTS `categorias_sub`;
/*!40101 SET @saved_cs_client     = @@character_set_client */;
/*!40101 SET character_set_client = utf8 */;
CREATE TABLE `categorias_sub` (
  `Id_SubCategoria` int(11) NOT NULL AUTO_INCREMENT,
  `Nombre_SubCategoria` varchar(45) DEFAULT NULL,
  `Id_Categoria` int(11) DEFAULT NULL,
  PRIMARY KEY (`Id_SubCategoria`),
  KEY `fk_Categorias_Sub_Categorias_idx` (`Id_Categoria`),
  CONSTRAINT `fk_Categorias_Sub_Categorias` FOREIGN KEY (`Id_Categoria`) REFERENCES `categorias` (`Id_Categoria`) ON DELETE NO ACTION ON UPDATE NO ACTION
) ENGINE=InnoDB AUTO_INCREMENT=23 DEFAULT CHARSET=utf8;
/*!40101 SET character_set_client = @saved_cs_client */;

--
-- Dumping data for table `categorias_sub`
--

LOCK TABLES `categorias_sub` WRITE;
/*!40000 ALTER TABLE `categorias_sub` DISABLE KEYS */;
INSERT INTO `categorias_sub` VALUES (1,'Controlado',1),(2,'No Controlado',1),(3,'Consumibles',2),(4,'Repuestos',2),(6,'Equipos',3),(7,'Mantenimiento',4),(19,'Gases',1),(20,'Patrones',1),(21,'Calibracion',4),(22,'Otros',4);
/*!40000 ALTER TABLE `categorias_sub` ENABLE KEYS */;
UNLOCK TABLES;

--
-- Table structure for table `cotizacion_solicitud`
--

DROP TABLE IF EXISTS `cotizacion_solicitud`;
/*!40101 SET @saved_cs_client     = @@character_set_client */;
/*!40101 SET character_set_client = utf8 */;
CREATE TABLE `cotizacion_solicitud` (
  `IdCotizacion_Solicitud` int(11) NOT NULL AUTO_INCREMENT,
  `IdSolicitud_Compras` int(11) DEFAULT NULL,
  `Cotizacion` varchar(200) DEFAULT NULL,
  PRIMARY KEY (`IdCotizacion_Solicitud`)
) ENGINE=InnoDB DEFAULT CHARSET=utf8;
/*!40101 SET character_set_client = @saved_cs_client */;

--
-- Dumping data for table `cotizacion_solicitud`
--

LOCK TABLES `cotizacion_solicitud` WRITE;
/*!40000 ALTER TABLE `cotizacion_solicitud` DISABLE KEYS */;
/*!40000 ALTER TABLE `cotizacion_solicitud` ENABLE KEYS */;
UNLOCK TABLES;

--
-- Table structure for table `datos_app`
--

DROP TABLE IF EXISTS `datos_app`;
/*!40101 SET @saved_cs_client     = @@character_set_client */;
/*!40101 SET character_set_client = utf8 */;
CREATE TABLE `datos_app` (
  `IdDatos_App` int(11) NOT NULL AUTO_INCREMENT,
  `Nombre` varchar(45) DEFAULT NULL,
  `Detalles` varchar(200) DEFAULT NULL,
  PRIMARY KEY (`IdDatos_App`)
) ENGINE=InnoDB AUTO_INCREMENT=8 DEFAULT CHARSET=utf8;
/*!40101 SET character_set_client = @saved_cs_client */;

--
-- Dumping data for table `datos_app`
--

LOCK TABLES `datos_app` WRITE;
/*!40000 ALTER TABLE `datos_app` DISABLE KEYS */;
INSERT INTO `datos_app` VALUES (1,'Estante','3'),(2,'Entrepano','4'),(3,'Caja','4'),(4,'Azul','Salud'),(5,'Rojo','Inflamabilidad'),(6,'Amarillo','Reactividad'),(7,'Blanco','Especifico');
/*!40000 ALTER TABLE `datos_app` ENABLE KEYS */;
UNLOCK TABLES;

--
-- Table structure for table `doag`
--

DROP TABLE IF EXISTS `doag`;
/*!40101 SET @saved_cs_client     = @@character_set_client */;
/*!40101 SET character_set_client = utf8 */;
CREATE TABLE `doag` (
  `Id_Doag` int(11) NOT NULL AUTO_INCREMENT,
  `Nombre_Doag` varchar(45) DEFAULT NULL,
  `Monto` double DEFAULT NULL,
  `Comentario` varchar(45) DEFAULT NULL,
  PRIMARY KEY (`Id_Doag`)
) ENGINE=InnoDB AUTO_INCREMENT=6 DEFAULT CHARSET=utf8;
/*!40101 SET character_set_client = @saved_cs_client */;

--
-- Dumping data for table `doag`
--

LOCK TABLES `doag` WRITE;
/*!40000 ALTER TABLE `doag` DISABLE KEYS */;
INSERT INTO `doag` VALUES (1,'Basico',2500000,NULL),(2,'Certificado',7000000,NULL),(3,'Advanced',25000000,NULL),(4,'Elite',1000000000,'t'),(5,'Prueba3',9000099,'otro');
/*!40000 ALTER TABLE `doag` ENABLE KEYS */;
UNLOCK TABLES;

--
-- Table structure for table `equipos`
--

DROP TABLE IF EXISTS `equipos`;
/*!40101 SET @saved_cs_client     = @@character_set_client */;
/*!40101 SET character_set_client = utf8 */;
CREATE TABLE `equipos` (
  `Id_Equipo` int(11) NOT NULL AUTO_INCREMENT,
  `Cod_Equipo` varchar(45) DEFAULT NULL,
  `Nombre_Equipo` varchar(65) DEFAULT NULL,
  `Marca` varchar(45) DEFAULT NULL,
  `Serie` varchar(45) DEFAULT NULL,
  `Foto` longtext,
  `Activo` tinyint(1) DEFAULT NULL,
  PRIMARY KEY (`Id_Equipo`)
) ENGINE=InnoDB AUTO_INCREMENT=7 DEFAULT CHARSET=utf8;
/*!40101 SET character_set_client = @saved_cs_client */;

--
-- Dumping data for table `equipos`
--

LOCK TABLES `equipos` WRITE;
/*!40000 ALTER TABLE `equipos` DISABLE KEYS */;
INSERT INTO `equipos` VALUES (1,'34FGHR76590','INFRARROJO','PRUEBA 0','FGRTY643','/9j/4AAQSkZJRgABAQEA8ADwAAD/2wBDAAUDBAQEAwUEBAQFBQUGBwwIBwcHBw8LCwkMEQ8SEhEPERETFhwXExQaFRERGCEYGh0dHx8fExciJCIeJBweHx7/2wBDAQUFBQcGBw4ICA4eFBEUHh4eHh4eHh4eHh4eHh4eHh4eHh4eHh4eHh4eHh4eHh4eHh4eHh4eHh4eHh4eHh4eHh7/wgARCAHgAeADASIAAhEBAxEB/8QAHAABAAEFAQEAAAAAAAAAAAAAAAYBAgMEBQcI/8QAGQEBAQEBAQEAAAAAAAAAAAAAAAECAwQF/9oADAMBAAIQAxAAAAH2UAAAAAAAAAAAAAAAAAAAAAAAAAAAAAAAAAAAAAAAAAAAAAAAAAAAAAAAAAAAAAAAAAAAAAAAAAAAAAAAAAAAAAAAAAAAAAAAAAAAAAAA5UdVHxIEf45OHD7RcKAAAAAAAAAAAAAAAAAAAAAAAAAxeDe6fMidazl1OrZzRJPZPnj3uWUigAAAAAAAAAAAAAAAAAAAAAAAANX5j+nfmJAooLvffAvfYlAUAAAAAAAAAAAAAAAAAAAAAA1tmHE7fFrzVxolE+guruWU3c2WtTT61hyvfvBPe5ZQAAc6OiKAAAAAAAAAAAAAAAAAAYsvJPAvbfnSRZfR7yf02tmAeg0rzzzH2PyEqHcoW32jxn0ecvRmLLcDzGJ/81dyMR9I96GzKgoAAAAAAAAAAAAAAAABwu7xI+aGrbHQ9N8l+hjkZ5NdUS889w8QstKUBWaQv1WNeyT1zYn479IfNRSzV2T32bwib0FAAAAAAAAAAAAAAAAANDfHyb6pn9DG6oLrQ+e/ob56TGooCvtHi3tcd0LXJiqQ3wf6s8lJhL9XagKAAAKCoAAAAAAAAAAAABQYVAADJ87+9fOibtAAr7Z4l7OSIKBXNgqZ1KgA5p0uZD9yNbHO7SK34rCX7dl9AAAAAAAAAAACgwqABUUBBvJ5rEUzbfD61ZVKFJhC96Pc1tygAVzYKmfFyoVErju1UwXacfzen0pv0LOP2DQAAAAAAAAAAAUGFQAAVoMltt54Dy7NJNlp0O7i0MZ0djh7R9C9Ll9RQAHNv5ccvz73Xzk5FJHLYgc57daCgAAAAAAAAAAAGDPrgAAAAHz3y/dcJ4K9Xgq8mvckE1AbPeIXc+mdfT2Utt2LDFhzRmEl19kCq59fYAAAAAAAAAAAADHGIlaNSUWXq12TGAAAAC4i/mXp3lcZ5FHpBHqPn/oGhpsZ4RN4rkxKvg8k40SpdzK6KN9yNzIUAAAAAAAAOYdNEqxLEStJfoxy8r4P75H08695h/ZJLngvUlk2PHsaa7JjAAAAIr5J6t5vCR8Ltx6sjvKrm+k+ZdMnSD1O0jVYl/nHf5VeVexQuZHpilaAs5O/Dom+Tgd+gAAAAAABqHO0HKjBx9zGmTf6MRNPYnVyxHs6vnh6bb5pmT0uvn++TCkStJfSI0JbZE8K96MV5dnX24X2JZDK4VlJDvRSsTBDh368TjRMNDnynSDd7V6JIcePomrdmtNPmdaGk+lMJkB2xQAAAAAFI9v8uPLoV7R5pG169ApNW9KoVvEuRG0j8NkescbuY9c7Wbk86JVSD2k5pB6VObYNjJdpRulbd3N5cekVgXaJoh9Yl1IjoEpw8zJG36B5J6vpCfPfToQU+lvGfQ4kyNUqTeXSvkHHk0XkUTHJGOtXRFAAAAMWWCxk2orZEnjeLlVMM0dmpv166uTFp/5BEfvpdW9J+f240uTIeXHPwc2su/dp7moVLoYNnEaWj0dc2ujzO2Y6ZtJMODNaSK3X283X6kD7dky0uLxK9B3YH0YnNJBkqNpIrxTubkRie96FymJCNAAAAHj3sPkuUV7PB6Uue3lZTpSSI9Wz0G6BUqc+caWodivFuqc54Sibcjg3Rs3atTZv0x1Kc/arHZS9dfHlpGSuXUsrhItpkvM2fTtNbFfpHUw4NSXqZeRtnsV/nrU9Cr5/UlEF2+eVnMFn8s5GoAAAA8t9S50eHYPon5rjg+kQn6Wrzv0y28tpdy68g0eXU6t/HoSnPD6kwth6JbfDxL6RFUsROhLM0S3jpWaOiSdEqxLaxCpLrIqJXbFqHa4F2udHl62MS+E9OX6nW11KqYiJeN+weNRIfSJhzDrCgAAAAHzd9I/N0asmhY+gex83+rV6Vw+xwY8ObN+pqZ8Q2Ne7EX3hgw58Cq1JSlbI2culmrPfojex6lxtX6dRjsujJWtKx4MuGVdbSy7kdvWX6G7nzd9FZa0LgUYqeRbU3c36XUrqAAAAAAPm76Q+eIjPR5W+SD03zv0g7vJycKI5GM/I06F/I3sNjX3bJ6tWvOrvy9vb4Uz4XiU9L8m46wc/a1PdjZlEWkHNu3a+JebXDsavX5XW5X0PJzsnMyeH09fRWGPpa9S/mZuedpo9A9DmVm1EA879m8nNfNpb59IVtrVQAAAAFKGD5h9x8Ai7paHeJnJ+b05b+DIY4QXm79upobmWtm7XSxcnMv6OPoxTKM73m36F5d09Dza5up2NX6XPW7WrmnpuvwbDza2DYNd+zUx+vzRi7ft8vevU07zZ51m0YqX9DOOLn2NbWvad/l9HOrfE/bfNKh2rtclPrHJG5GXKVoAAACll+I8a8z6/NjLPYl7Gb+fdtrQiU0hUec48lNLtbfr05867dyHJy35Oe1t9kVVVZpb9kuth27TWbNTVpuWmpfuZDnZs9xTW29LHqruam2zrehed04fO7fO183fr7b1eV2ddLYpMNOvnnU6/Lj2f0rwv3QurStAAAAI3JIpHz1sU3qk/rnAlhis2KGlBvQYZHkOTUV3duLrJNWLju4+MO84Np3ckduJBy9MbWPCl2enw6WdnJw6Hes4tDsZOHU6Wtql22pWNlrDZx4h7t2uX1outvurxqE+w+Smz9OfLv1FFbrbqAAAAWXjzTX9SGlsZRgt2LTXiM05585U9N4pC0vtIkllSJJdUiGSW2xGdWX2ETSnHUaSURqkloRtIxHUhEeSAR+kgtOC7lDiu3ccJI5ETroWZ4pdky1yPK/bqnn/oN1RUAAAAAAAAFKjHbloYmUYq5BjXiymQY6ZRhpnoYWUYmWhjplGJlpWNkGKmYYKZxgrmqYcl1xWqsUVqUVCoAAAAAAAChVSoAABRUUVFFRSl1AVKUuFq4WrqFFRQAAACtBWtouWi5QVUFQAAAAAAAAAAAAAAAAAAAAAAAAAAAAAAAAf/xAAzEAABBAECBAQEBwEBAAMAAAACAAEDBAUREgYTFBUQICEwIjE1UCMkJTIzNEAWQUNwgP/aAAgBAQABBQL/APX/AHCnrPlYYnbKw6HlAZWMhJZcMlWYQJjH7pMWyIso7q3b6pPY1FrOihnGKbuZu+Bnexifulz+p5uFPoX3S3/V83Cv0H7pb/q+bhX6D9xzGQDH1/8AosoZf9PdZScS3ZRTM7u0LJ4WRM4uuFfoP26SeCM/DMY+PI1LGFy1MTl3OEjcxmdyjBgbwMWJiF2fhT6D5SvUxn+zzHy4bV45bfDVjn4vwMWMbHCWNkks8L0WpAG1vIYsTcLemD8mRl5FGd4+fw/K82I+zZktmJBhc8fmrVGOvxazRU5msVU76J7GReTzYya9FiIn1DwscVgB3OILs8Y/iScGvrgfs3EH0UzHaNjRc+Pbi84UNFs9IT94NFmJV/75cbkzr1O8J827Is67J7Ee5rTjG1eUm4JEhwX2bPNrhiZ07Nrsd1hsVR7S2MoMu3UU+Oo6P8/LgqVSXF9uort9Jdtx5K3A4WdopppRXBOr4L7NkQ5lCx6FwrhqVumFGnCPgza+B/v8vD30fxbR1lcDjeif+Xg8NmC+z5DhMprmOqhQp+PyRfOX+Ty8P/R/ITNIB8JTNaqQR1a3s6t/ud9PN8wkfWTy4D6P5WfX2Ld6tWafPEZh3mwhpZFfma5VJObX/wBTvp57M41oOZpP5eHZBPFeZn18ty9XqNNkb986uBZ3gghgGazBCrucFlTp2rjgIgP+l309jiCz6yEwqCTUfFiZ1w9Z5c/nZ9fCSQI2t2Z5EEEYyjNLI43ZYStZO7PNVw92dqWNqVP9bvp5tH8c3JuvW4XNRjsaMtw+Ax6PXkeKYH3D58lb5UUFx3mjgsWI9KFR5ssWgEc81CsNeD/W76ex6OnZ1kbGl0LJEVgzY68xM+8lLKYDDORtvJYt9cb5rVjarUZyV6wzvaO3OYhXsyqrjhkfH0Ar/wCx309pnWS+ognfV1GZMJyObAW0mnWH9cV5bU2xVYeoRCxBkcaQzY/H2yCDHQghZhb/AGP8/ayMTFdONxj8AbU+Sa5RpxJlhPo7tqnbTxnkGKKGIrMrejfbJMJjzN8BjnWXwdCvD0oONOuGmLpQTzdhxyjpV4s/DGMUTF4OPhkp9bFaLkw/Yib3eIP68X7KjfDg/wCyuLInjkryjNB4M6ldmjxv4+S8gt/qkMI45c9SB6mapWJvEm9sX0XEb/l4C9Kz6Q4H+0sjXa3S4SsudTxykjx47hYdaxaK3dr1V3qkqViG1H/psWGifLSPdxd2CxWscPVbFjIdW+6GRpG8Cb2+I3/Kwuof24D+14D+Q4t8c8/6Zgm0xxWxZcTxzTTSTEZ8Gxy0YPIZbAe+DPGbGHuX+pdtmTW3JLZkVsyScbwttQg2l3DVLc1HE1qbuLRi1mWObMW4wiimCXwJva4o/pU42krVgco8SxwWstd5MPU5LS7NIDtYyTjzsmudk1bnttDVmtlCxyK9GdmHs0YqvLICZ2dvG5/VY/gxkr/4rh7z0V+palk6S2q1OZpMlPyo47jyRPLE7U7UdaXva72u8+rZbVu7Luy7uu7uu8OnzLrvRLI3usgj5EcVMwhIpi1I3Nhy76ZGxFfghyHKh7o67oshZG5DTujTr17XXS34Jd3Lt8ypVtPLNflqJsvKmy0q7rKp8pIcVWy3OYtrxG0kfv2pNgEYg02QhjEstLr3OR1Gf4OQfnyhgaDD2Ggs3iKFal0sa6WNDFtaMzFMZrfIy3GtxrUk+51sUzEymY9oymq00krNquZIy50i50i50q58jLqIVYtRueELSa6bRRdwYXhyHwQhWyS/5+iv+doL/nMerPDdLkNE0aqyc2HHyaP7zvo0p8w+LJpYb725dOGJJJsszCjF5ZhijHx4qtbrm9b1TrRyRcmkyGGqtlJbaK0oL8gv09fkFa6TZHyXqNHCyxzwNLcOmEFNq7w7KC5dFPFSXKp6ZOCMYqVWucGjVMwL7g4rLp4uoNxxVmbrgLcHjmYeRcxsu2VicSjJjD3bknhnKXVVCwt9UMXINapH0kUF6KGXvILvIrvLKeOpNNyKC5NBFTxZlFWxUQTUKm445Ix0d1oS0NExsvjT7nTasxBqOwgKEi1bmJhlW2ZO02kpTk71NyaGQQx0PMtRuG2xRkJPichrgMfPXGO9yI+7Rru8a7tGsnPDdEawMTPq0Ft4AqWgsP7cptGFiGvaOvEMY25HAHycrPWnkladnkkbGUdO2UF22iuJIqtSoJH4UImls9LXRVYNtKUqoc+PnTzRmTaLRloy0ZW2bZXb8jVbWHlc0YoAAIxFx2AtgKRhJbAUGx65z11MdIhxps4SHy27hGobDSoIYp5ey0V2Wguy0V2WirAFXsYmw+p6O1CrXh9zNZYa13vULLvfpLmIjZ70WtbJjvw8Tmfjn7HUZLwxAfhrRZQtK/gBbU3ja9Ar/wBCqWsMZuJvN8bNoyMtfGto9fpxkjyJvzeH5tI58vWNdTW1r5GrEhzkDPGW+Px4qr7ZIJHA+rousPajm9zitv1eD+TdKjkNk0huic3DBZYK1JstG67qClyv4XSSrpZF0sirm0UPUCuoBXtZ35BLkOuQ6GNxWxbXU0ZE0UZjVrwyAAwS6lXXLsKSOclyJ1yZ1yplA0sYiRM9quckos0CI2Z+aKaUUxi6DM0RDvVFd6orvNFZfI1LWPjiLUlwm3xe3xe36mHhNM2kL7gf9seFyDh2fJMu05RWhu1pObZXOtoDyEhcrLrlZdcrLposuuVlVyssuXlly8sgHKs+3JqQ8jGjfJgEM1+aTn39/wCqqQsy765ta5tbs0tcwt2YTyZhlLbyAIrlgkeusj6NGSB315WcXKziaLOrl55TvmYI2vW9zrhNvw/b4xb88ME2/JTCEJEsPh7k9EcFb18clZezf9V8SA5QIcjdFd0srulhPk53YMlMDd1sLutld2tLu9pNmLOti5LYGW/LJWozyVrXOkaYsxY17vZXd7C7tYXdrCPJym3dp2Xd7Ct5KeeFppRd54lbmHUJjAqTNLY8nGL6YcH2yc2JcKaPV9s6cB3lkG/HwdcbeXlkhqwC7EPhlncMZufXfIt8i3yLfKt8q3yLdIt0i3SLdIt0i1Namo5DF9+ou7ipJCJaktTWprca3Gtxrca1JPqjZ04EnidSCYqlI/N8TlAC4zf9KJMzbcbRioD7ua+G1w/M1bKZLKSWyp5jHdLWu1bBrOvphwjeSRgN2eKTR6srN0VjXkyLkTIa0xI45AbyhERB0s6etIMnSmnqyCHIPXppl0k+0wIHTM7pwNltNFqyYSdtho49R+KKTCZCPJUF19JcW3a5Vshliu4sfWX3+IvTI0/RiffJyOYXCugjqs9qWJ2z1yG5YFpbZmHWGutkdgsOLdbK6azMLSSnJ5SJmQz7U9uVyKwZP1J6PYImGc09mR11UqKXV2fVBIYLqZBfmnoTkSEyFdQaeQiaePmDw7kpMVkRkEg4hrcu+4uMcRatV9bvv8UemXB9sMJRaQvG74kBCLcslLtqZYo3TnEouUYaRp4WNo4nIpnhEY5InaOaEWAoZVKLs88sbKQtXk/dDtIyowc2SrWAwqVni/BWsLE445qtaKuVcjh0CSLTfErDRSKAXdO0YJyiW+DeBROpR2rL4Mb6xdZqVDiyH4iFyeEBBYz4sn7/ABLtfNfMovni4t8sHwx71m5XDHWJSOu6jW41V5jvXeTWwz6w+HDH7pC1isfJ0f7odu5o/jlhcn5BJo5GViF2PqakdKuUDUUPyZBp1EH88/8AI6+BD8rH8dZ9a2qzUXPoSbYgid9cF65f3p5GhhtzPLNGolig2Ax/DuWeL9Nk/gdB6LmtrRnAVWsCp/3Q+HDRMKI9YbHydF+6D1ln5kRzzzBJVkmlEZfhKU+YN0+hoXDDHug+UY7igqycxqsjTztpK1cnHpSdpIiBWW/DpF+U1ZH8slG8NyH9tKV4pgJjD3eMLPIxB+pD88dHzJq0WgiHw7FxC2mPjNtrjEo2rMhatzBkhBQyRDJY5JNGES2xKrZ6RFlbTouWScYkUcTkEQidx958sTKvtiblgnjBy7lMFajkJ4YCiFCEWjDEtQjTO7E/LNbYdegdHEEMkxblQbWltWi4pg2zxOzIfQ+G5+fhfd45s77oqNlhYFHHotE64lf8gnUeTKEO4Lr02RUtrnqL5eR1IRAT5K2uusLrrC66wuusLrbC62wmv2mYrlmRB+3/AM5ryO5uzr/5fVZX+03yxh/kGJariKHm0TRLgKfdS9wvRsvYe1e0VKLmzYivtDROyJlxR/S8I6jzA+OPcNByDtkmrQ/DscU4kzLR07Ozu2i0ZOArliuWy5K5S5bIa+4nqky5W1bfA4dXji2upNV1V5McsiZYj6azLRWQZxuxcmwTenAs+zK+5xHO9fDCzmbRuL4GtqoI9keidk7Li70pCS3Mq9sIoSyTE/cn39z0eveeCLqhYGvaR9c7udxyXcCTX3ZETO+rI39ALRddLzOqJ4utLR7j6lbcl1Sa6SsT84tWWrLVlqy1Zei1+LC/SvCRtR4og2XCZYabpsr7nFYueCESZQRmZ4iqwNp4uy4sHXEbWW1ltZbWW1ltZbWW1ltZaDq+1m2strLay2strLay2strLay2strLay2strLay2strLay2strLayxTaY1vHievvpO8gvTByt+4TatmeHOqtY3hsq09eLlhp4uuKm/RvZjM4yOeYw0/wAuPbSj426/OjscM5IS4dwT1H97Tx0Wi0V2sFmvdwlaN3xbLtq7cu3LtrrtZrtMi7RKu0SrtMy7VKnxpsu3ku3mu3SLt8i7fIu3yLt8i7fKu3yrt8q7fKuglXQyLozXRkujJdE6GiqOHrSqMdosLpgTCtFp/n0WjLay2strLRlotPDRaLRaLay2stq0ZbWWjLRloy0ZbWWjLay2stjLYK2CtgrYKYW+86fc9FotFotFotFotFotFp9z1Wq1Wq1Wq1Wq1Wq1Wq1Wq1Wq1/8AoH//xAArEQABAwEGAgsAAAAAAAAAAAABAAIRAwQQEiExcBNAFCAjMDJgYZGh4fD/2gAIAQMBAT8B3g7JTSylPIJy02xyWScQ4ystlcuoOZlT5Up8DCMX70+7mtxGE9mG6FCDZEp5McrKxKUwwZVRwdc11EUCD45+Li6RC97gCdFEJzw3UoGeQNNq4bEABp3NjtHR6mOFaq3HqF8KvRNQ5Km3C2Nnv//EACURAAIBAgYCAwEBAAAAAAAAAAERAAIQAwQSICFAMDETUGAFQf/aAAgBAgEBPwH9S+6hEIvuFB3HZ3NibDqqLaorD864u4uu/tCUH4Dx1TF4PduZzOYPMrOPYC9zjhPmce8BeAhhXfiNx3FuUUUUV1ZRRRbV1eNp6HLhqtmsf4MI1zJZw5nUwlaoFwgr3HMKml+h1dMOWpqLhCmcwTjYRoE/n5WvA1av92KBcetlVdNPuAv10PlrE+bEhJqLOzmczmc2xKNQUop0hTMYJxCFMOnTSBsHkcdnHtcfTcccduI444444444/wBF/8QARxAAAQICBAkGCwcDBQEBAAAAAQACAxEEEiExEBMiMjNBUZGSIDRhcYGhIzBCUFJyk7HR4fBAYmNzgqLBFCRDRFNwg6SA4v/aAAgBAQAGPwL/AOv5f1DCdgQBY6ZU8VGkNdWxGUCMZfdUoVeFK+Vqk98iL5oOaZgiY86vf6ImtGhjJ2GeTYqpMUjpiFeXxlCM1rqw2uWU0FQIpErJbvOsX1D7uXA/V7/OsX1D7uXR+33nzrF9Q+7l0bt9585Ywis51jQvBMhnXKrcv9OeppTmeDANljMEgrSrCpHBRu33nzfUfGhtdsLsJguNVwtY7YVEfipsa0zcx4uVrQ3owSHJkVRu33nlYh1JhCJ6NbzQ+J6LSU57jOZTbZ1DVwlrhMESIVZj40Iei02d6ZDa+IDCrOrWTd1rp5MlR29fvPJjRfRajWrOdO0zVHe51Y1ZT8z0p2yE5ZTpJ0OA6QLppoiwazpWmahxwJB7Z4Y7W0Ws0GQLsndy4RhQJsFzm2uv2ITvlbhe0QbWEi3WnwnxJsdZJOJcAoXrO9/mel/lFZtqlUh8KA/p4R6bVCgiM0VW64ZXOIXsXK2lMP8A0lEY2Gf0Hlw4WMYAPuErnI9gVzn/AMxXOf8AzFOnAhOMzaZqoGQuAKbWPM9gTWuBBD3X+Z6WPwnYCswlUZ0WiQzEMMEzbarKJB4VzWFwrmsLhR5UGJEgMc4zmSOlc1hcK5rC4VzSFuUVuLdY8jvWtVA51nSmk+m7zPSGbYbh3KWxPi0qBXNbJtOxQg2jw/BaOy0ck9fKo/UffyLlSIkKihsWqSDM3p0hYoPSSe/zQYkCMxsMm514TKOwzlr28p3WeVR/V/nklhuIkVKHGg4id7hlBQ6PCEmQ2yHir/Mr/WPKo3q+O8JEE9gVSjQnE9AmVM0ZzR998lbiQgIzm/pKa/b5idFOrUnzuLjyoTRewSPjPCvt9HWsVQoJa3asZToxiu9FtgVWDCawdAWXEaFUgCZWMpU4UM6tZQa0SAu8xGGLme9EuktRWpalqXyQZqOSfFTe4BVYLsS30tanIRn3zcbV4OFYr5dCMGEXud6LAgaVEEEbBaV4OHN3pOtPmC3kRGjU5TaSpTPIvJTX7EHDX4iqx0oh7kQ582uuLghPwfbYpuiYyINiLYLWwwpNm5xTWyFeWUdvmS3BSLf8jvepGxX3oguV6mCrTar1Rj+E33cvFw5VtZNzVj2jIBznXv6epGGCQ6+RuQg13nU1oV2LHSslroxF51Ku4Nr9GrzNaqT+a73qtsUzgIUjJTWaqKZf4m+7lYtmkd3dKmZ/0852/wCU7T0ItIsNinUc4eS4LMbCmc516nEJinpuUgJDzRHN3hHe9HXhs2YM1Wgqifkt93JMR1wTsZ/2/wAMUh5tc90J03GZyytG/jKDoTYgMj5adIHejOZKDYgJBO1aJ/GUaFSGkwnHIt3JsOGJNaJBW4LMAhttqWy2u1JrLzrO0+Y5+NHUVERTPWGCj09l7DVP8JkVtzhPkFx1CacXeRlHr5M/tRiRHBrReSsms/pCbBBc17rgeRMeMHUU5OTfWGCLAPlNs60+ivz4J7uRGd91Rox8t6sQEWJJx8nWvLHYsbBeHt+1SvUejwmitEbIWp0GLY5vSodIhFsoEQOdNyliT1zWzDMeL/SVNSQ9bDK6HSP5+fIidY96b0klWMcV/WNZVhshyNtotUmkyUSHSYZbjHgt5JcdQUi3vQc24+NbiGz22rR/vWj/AHLRfvWh/epxGVRtrq17t6zjvRixHxK5sscnYmLEFa/LVauT2plZoaHFQyK1kQOsGxCqbxPBMeKn1qKdYCJFp2JjogqCvbNMdCdPKttXNIu9Mj0yjEEWNc9BzaPHIPSubR965tH3r+5gRBD+86xf28CLi/uusRD2uYRqJToRiODDeJrOdvQFYu9YqY5EX1StHXKqOYWTuBP2Kr5IUlWh0jI9C5Wn96DjFcEbc0T7VDEWLDybjaudw+0u+CxjKZCnKVpPwXOKL3/Bc5om8/Bc4om8/BWR6NvK01G4itLRuIrS0biWlovEtLRuJZ9H4lfA4linugjqenND2zP4vyR8Iwk/iIeHabfSuWVSoZ63rSUXiQgxo1HqzrZMRMhNpFFk0SE3rnFE41p6LxrFRKRRw2c7HrFMjUYtnPKenPNTZk3KtDd2KZBd+pB+MENuy9Na0wg0+m6S0tD9otLQvaLT0H2ic0x6FIjVEV4kVMXhB41/YLLypucGjpWRKI7rkpCAzeubA9RQiOaWWXFCDfM2oAh5PrK6LxovDowdOTfCLPfvWe/erIju5aUy6gtKdwWlPCFpTuC0h3BaQ7gtIdwWkKseSjEy1e7cs6W2xZ/cFnjgas9vs2/BZ7fZt+Cz2+zb8FaQR6jfgm1nxG+l4Jlic2EYjmTs8G21PvlYZFVy0u6lkwpz2OVsG3ZNNbErtt1XhZ0biV8biV8fjT8WY1eVmUpAoO160Ye27x8yqybVudDCvtTXRLWNY4HYFky7EyA3XehJjbOjC2jg2Qxb14cZEfKdwUq0I/rVgEuh6vbxLObxLPZxLPZxLPZxLPZxLwbmz60+sRWntUSbgbMk3LwrmgT2omAWuebspAx4rK56blpGcaz28ase0/rVrgP1qbAQg55FY/eUCG05EQSQKguhBrXOcZ2dCttI1qj1XEeEFyDtvIcBmuymrFm5yBGpBw1+OxY7cGSAYjQatl6so2raE1sSFVdrygi2cxflOTnzYXHaVfC3lXwu9Xwu9PivjkucZm35LTHf8lpTv+SJdFfb94/BOaylRwHX/Ul/ajGN113kIOEF4Z0PlZqUxW9qvK9qvK9qvL9os53GrS7iUpul6yLcq3pXlg+spPxh7V/n3hXUnuV1K7l/qtysFLl6in/ddr2lVTBaG6i6EPigHPIypg7FY8FPBD4uwmS5o/csa8OhPnaJXhVXM/cs0cYWa32gWa3jCZa1hbrrAoEUi7q+KsBKILCR1otEpjYfGFyrRMp3Q9ZNymFKoFbIJkC8uXN2Fc1hrm0PcmtgwGNivNh6FacADhNotK0LNyPgWbk6cEumq+KHqzsQc2G1m1oC1K5XBXBXKOo3Ui0Z2ooNIBI1lZo3LNG5ZoWaJLNCg1pSultTRDhloGqqqzYJEWWcpNUyrlYgyM2w7Csx/GVmP41mv41mv40+C69hkjCdbsVV1qx0GtljWfGGjugudVAuK5q7eFmP7lzd/EFMQXBBoguPQJBPpT77m8h8jkw8gYXRNtmGr6R8RHd1KMZakLNdq0bsPRhaXZsOLM9SxDiZwnXjXsVUak+bSajpyF8iiKsTtZ81e/hVmN4UDlWfc+aa/aJ8iHSmix2S7+E14vBUzYfUT4cNxdK27xh6WNTda0cP2QVrIXsmqyHC9kEZw2DqhgLExIFIOUTOqrKNSOArm1I9mU4Q4EcPlZNhVtbgd8Fr4HfBa+B3wTYdSJZ9wrMi8BWZE4Cm1Q4Bu1pX/wCSs79pWd+0q/8AaVt/SVc7hQkxx6wosMwzN11liigwy2tdVCym2dAWSD2hZ43KyKwD66FpWfXYtIz67FpGfXYnB0RuUpteAZS1pz68O3pUhWrEakf7WjnrhrmlG9muZ0b2a5lR/ZoNrGwbFnncs87lpDuUWDDdN5zZrUerBSD1eMb+WP5w2IOVl6Bxsfh+asj0nd81p6V9dqxcWNSw6/6tXOKX9dq5xS/rtVVkWlk/XSr6Zv8Amr6Zv+avpn12rPpv12rSU367Vpadu+a0tO3fNaWnbvmrX00j1fmrH0vd81lxKS366017n0oNdd096xUKNSXP9FVMdSa2xZ1L3fNWGmgdXzWfTt3zWkp275rS07h+a09O4D8Vp6dwH4rT072Z+K8JTKU3rYfiraZGd+ko24L0LSuc0n2TlzqkeycudR/ZOXOaR7JyxkamRYbNrobgg007Gg3iRwUg9I8ZAPpMkN6DcTFmTLMKc1jsutVNinWfPXNMjtqhsS0TKFZ0MCdtvIixdROT1YazDVdtVogv6xJaCDvK0ELeVIwIW8qTaPCHaVoIO8rQQd5Wgg7ytBB3laCDvKthsHUU1j4TK8MSEWdoC/qSwRX/AHinRi1szarIEKXWVzeDvK5vC3lc3hbyubwuIrKo0I/qK5tD4iubwt5RhmBCHTMryB1NWf3LItVprBQ2McCS4Dk9cRqBNyzworm2gvv8YymPbWisbVb0YKSDqe73qjQIomxz8odCrPIZDaEHC4ieGkuBkRCKlXt6lpDuWkO5aU7lpXblpXdy0rlpXLSOWlctK5aVy0hWkKzzJTxliterHmSzytIVpCtI5aRy0jlpHLPcs8rOKzlehNNe10iCDyGNe4AvMm9KaNsUfzglJRWQcx8QvA9Ho8dTPzXe9QqQRMQ7ZIuiukPJbqChVqXDBqCYKqQIzXulOQwUr8soNaJnUFMNcR1KdR0upEyEgJnKUqmuV6u1kDpWiduRyCOtTcwjr5VYSvkswhCG6QmZA7U3KZlOqhFzqokJmZ+tikBN0pyWYp1exScJHBMArNduWadytUwDJZh3KTmkTXUmR2WOue3YcHO4HGFAbCpDHOxk8l3QodHjWxWPnW2iSYNrh7/sFLH45TnLoCrEqI4ZxNXBSGtBJLbghEMNzNhIQDH1at0gsW+ICEcttoAu2KRihACIMm0dC0ykIhWW6fJtVhO1E4x9qBL3ki5SruUnOcQrHPuVr3rSRFNxODJdJaVysiO3rKJKyXELSuWU4ldOpeEni3ZMVqD2EFptBUaG2wVqzeoqU8EAbYrff9gpI/FOAZNp6EAG9yBAVyd1gXy1ohr60JrhKeqxZvcnu8EKuoi0rMZwqbAzcpZO5SkyfUs3uUjBa7rClDobT2FS/opdMih/bQlMNDegIJrC283pgDJDpJUsWCi/F7VE8HddYhJksnYg7EAuqelrVaJOvs2o5I3LN7lm9ylcqutSIWb3LNt6lcNysuUKkQKjIjmjGT12XqHRBEdEqa3KFHHqFSCqyBVEH4zff9gpWvLQbqwT2IDA9wqm0XietNBDAL8lssGbNZiIEOZT/BnpRO04aR+lRLCLCm4AmiRrTvmm+FiX+krHxOJZ8TiUWQO9Qw0kipbPbK1NhugwS6pK7WjWGXyMrYijg1TngCg+oPdgiMllXjsXSi4qh/nN8e+K65jZlPiuve4lT24Bhd6wQwA27lc7cn1mutl5KefCV6xN21O68MeZvqhRZ3yduTcLbZWqHKKbSgBEPYEZxSJdCpAfeBky69abaM1NlBNjJaNNaIRNVv8AtzRwBswJ7VbUkbJ1l5HEiEHBzOJTrw+JW1ewoKB6jfdhiwzqdZ1JyhxRexwcg8XET8c5gOVFNVSwDYOR+sKq5Z3esp/7la+z1kW1pT1znJEkmr1qdbXtWd3rO707FOZbfMTRAMMB1mYrXDes7vQt70HSNih1RcspOFl6fflIWmwSQgsD5gSzLJJsGq/JuyUSQQhld6zu9SaJk6lWlbNWlAVhM9KuHEqr5TvvVlyo/wCW33YWRh5QqlGZAUlRnztDap7PHMo4NkJtvWUTgFl9quwj1xhEP+nhmWshaBq0DVzaHuQGJazq5Yey8K1/ctW5aty1blq3LVuWpSDu5ScZzQwEm9ATwN9bAPVwUf8ALGF8hazKGAFR4HoPrDt8aSblGjem9STWKtyGfmYa4qyrhnaU0BrXTJFnReq4qSrVR94qxreg7fqSrBhltkrWkIEtIBwCw23KRCtwXK5XLN7lm9yzVVDLVaySBq33K7BNrqqmTM4Mm9aZ6rRXFx6cFH/LGG5RIR8l0kQsV/usI/nxtIe28irvVgmbgpOEiFjJX2BBvIhfmfwrSr0GFs/CiJfsUzDtk5s62oovaCC4zIr5O5WMEha23Xb8VUa1ptnM9nwTmCG2TmyNqayozJEgrYcO5MsE2OrAzWZDQyIaJstV6sKDp2hV5tul3rFuquarmXSQdZOZKymsOxNm1mQcnoVzd6m6SvV4V6vw3qjfl8hsXU8d4wQIupsQHxtIkJyke9CSDZzLigJWNHJd67Vcrlcrlcrlcrlcpa1MiQ6lcrlcrlcrlcrlcrlcrlcrlcrlcrlcrlcqMPwxyHO1wzWRq3EKANsQDv8AHGNR4ogzvErEIsSNjHC7YpcmL6zff4qbHVekXqq+M5/QQJfZoA/Db7uQ5krHCS/t4sOK37xkVj6aGRI08iVzPsroMVpLHXrwUGLxLQxFoXrQvWhetA9aCIubxFzeIubxFzeIubxFoHrQvWhetA9aB60D1oHrQP3LQP3LQP3LQP3LQP3LQP3LQv3LRPWictE9aN60b14RkXeg0CwWfbrlcrvE3eIuw3K5XK5XK5Xf8Y3K5XK7/gj/xAAsEAEAAgECAwcFAQEBAQAAAAABABEhMUFRYXEQgZGhsfDxIDDB0eFAUGCA/9oACAEBAAE/If8A6/TRBxZavCNk3Yxjv0lgw1LfNA9zrHScZcfR2W11raBmmrdxKLjJxP8Aq7u2+AlogG7u5pEFAUCJvoOPWbfbXsZZyW4jyeUslB7pcgK8RPx/1fZ+KbfST33P/wBX2Xi+o/613sPF9RPKf9LA7a5ti/jSwvTixx23jQ9YlE3fXeuriOsrRbK2ZeUeZBlIMwnlP+fhCloIYZ7GZsonuIlkorHHvdQbGOAgKVdpKEWygGXd7a29zKGTyH1bYNtjf/IJD9CS75tVhMu1d9B/PaF95GiMZu2xfIWJf6mX3irQqFxlqwJUo4ypYXc8ILjU+nUi0qjwYS0y2quLgyi1aa/49J/Cl66qXLWeLtqvQJSi8OlspVUThfZUjJH0wV6iOsuXyl8peZczgtZ3EK+5VR7RvFAs3utduMTbbVDSAtotLme7B/xzp41NUpV85vTWMm4G1nNZ84RiqpfdZKoF3k3FpqAJ0o6vqHtnwoMw3l3s3i1OXL9sMab0/fM401dnPWBag3WfGFCOVuwFxaCnX/j+zrEsE3Rdw0HQS7vRzFzmZ4V8Ox4CqLHrfSTXZ+BcoBMvrgitnnyH6jsOyjvUekxRGJTI0xV1+v8Ax/YuKUKvBFbUbVYpenOFDVpN+9jlt7KjnMdyefev1H3G7tMNk4NcGVh7Fq0uHIVnGZgWhX/HJZTLodkHoYj0N9bo2tvaKrub3Ge3cfq829X0GGyBblByZYCVrlHCtGVkA7v7SWoO+COiP+0hG1t+h0hi4wlHsfq9jzfpMNkqfYUYDnMtEWhMD+wJiLLTdf5NSnUYuzxZ451/1kI2tv1aQOjidiC3FOjf1MZoL6jDZKn03UeEQgQOnHNhfiNebqzl/eqEK4bXbErCYN2Dbgv38QSx6Bsf6iEbW3spdHTb6VXqPxcsRry1ALQ41L5eCXy8Evl4JoAQ6blo66Pj9ZhslTs7yFZYk3WW+nCP8Hcg64XvKQz0TUZ77PCbNXZcVuzOZ6w8T/1sEI2tv0LfNxneHLt1bC3Aqh3qNlDuzJb7ynhEvFTNd+hIvLMHTgE+sw2QK6nvHGL3M5Snj0inouXUJQO0g7zDEXi94bNXWA3bMyv9hCNrb9QppBwjMFzh66mLvS0OWmZYR4RCZels5ua5F1KJgec5yIw2v1iyphvTHFi/Vqr+TkmSeQmVZfK4cqEDII4uuDNMuIjhwoDH+xUja2/Zpx4p7nxwGUWeqJYWvYYKaLLhQBTtGIzieeWs1LfUailGL0O6nBxRu9gCHGSscpZR2huznKZUyaI5Gs9gDbQaYNAKP9qtP2xpa/ImVTIZU0YiA0XpHPg8Yj/U0Vd3ZUGqLzHboqHjBi9KPNuHLdgAAA0DtGm/9+inP7dzRKNRgSNLiSbQzbdKg+sjUdbQ3A9xGmdiSHkao5LyPCUbLO9A7AImJdnBnWIG0xxWBCtaM8Y1fH/h2Ya/dv73aemmb7dDvgqdb/KMvZz2FjZDcOGaCzRfMrvkD8/Tuv8AUan7VQErlLgUR3r0Uy/fTQViFce+pgeJAgV9jbscLhsfGYgdC8X9v6NdFU8Was2vwP7MlDO8SGBYMo6TJlLi/wByjsNY2f8AUeoLfOksyW7jcAhr4Mc6VFkFerF7RPJnJitoQ6Xb95KFftqIPAtRZ80Xh+0LDce/R9FHMHyQWmPWJe4V2qN6gXnUfuVQuvWJc8yHas/SWhmYeoLpZ+9ZACLXsdIAYD1/qD6n36zPv9ucG1p785XJu/JMs3uSj7xGViJ1KiMju6o4ug0U3BvApNauOoskm7Tvh1i8BM/cTEcg9JYQLBDQdkRYVZ0cSiJtAbKiuGfcUSCnB3XDULAFiazwh73+Ie9/iIm8F7zbaBlgaJCGoVoIG4aA5hy3y/qBalM2VLACO59HsXCImmWEEHzj11wAc93+LDH8rMnzRoU2K6eEScDztBHg2g3cHEBf9BBTa1ZbOc4mNWwFLqsKtTb+0rQjrdapMok920t7T0iz3nlLf3fqfJP1OY9/9QG50/mOzDdDOP8ACHRIrdPdFMPLL0PhG32KXnBYqtPilLixx/qGTA6Bvw5w0EdstHdPYP1L+1+IOMOf+UrSCst+k4o7lWx1l5i89VLh4gTTCq39MKtKp1Ep3Oo7PPAEJ1PSUYthw4lC1JZNMwf4MOtsnOqCmfV7BB3xoC6tigOgZZZdazrk1nR1M5XTwgtYUoy+6PAO/GKUBuY9mzFRV52/ER1eD+EQWV+zaDrPY8paq+25T2f+I+0/SUqfZcpb+J+pQpHBCBudwIu9Y0wgC7BrBKdH7uUPYryh2INjRVUgjpoNivCF31OWJq38p+YmtbEaLNnQ5x0OuqEap17OCKXotEmuGhAlek+N/qfD/wBT2T9S5VFr3z4QEVjRg9GdUsXTLq++SJQax1Wmxylp61jTC6TGFBq8ZlEAu4YvvhiwCNxBfKTVi0tL7c0V7qfydEpwhqv0CE1JHOj6wpbeo/MSaSYNwZQ/Yj85PaU95QmyqMvGyA5OkRJBaCwUAN1xMRfK275rggmPRDsQ6hkOEmX3Pg+pNtu0sBZ4fKWlW3boun4nOAzKX20EUhKrQ1M0v+vc5hFaC/op9XhD/blwnB6xgqVZNN4X973DwiJ14S3KpCVTzdIurR1JqeMqX5mZnwl/JHK2umIGePHHlPcn4j/U/SP9f9I9aeZCR+XOD86by/VUpR9xN4phqsqx6BL2obsBalbAWgZr/lPdEC1HcZc6hlSGAlqGqZsBwTbBQ4CMxHZS1CiwfSSNO5Y4Hgwawd4wCBPLmKq1xYD+CygemU286gKfQjhzNGnORmYhdWvzmgJfJAmzU3zIWTA4UET7eYiBFG0cB21gRrVkKZ6LX7lgcWWCotta6sx9xid0KLtZD0YiCibyr6xaNpPTShZNnKD+kZIMCw3d58B2MohbAyDX8ERDLvKhAQd+wGAWUxQEO1cV5TW0OMvgqazKPM74wMsEdJyHhPiJ8ZBihvtCWQsSrJckLMLOcvVB4aavVAtWZ7jx2LIF+TMEdw7Is5ZFJrDa+6VtzYH8xDhhhR4XLtW03fEY9QJKXUzLGoy5xGDMVgfMJ8+nKe9FszVz4PhFa4LlOqttYMwjaly/ctiUsQbIGKGuEDY8LHpKAzG60cRiryYp7zWATk5Nvo1oeU6+cDspVvp0IjCl655yvtkTuM9qLiRCWadro7414ZhrQ0NOsXFpwILjQ72QgCOC2X6IezPFNXxbxcMr7lNXRKhmDlTFanuBB+yabnDMeEX2p6f1LbI+/GYPbDh3iDAECy5/R+eQzV4Wd03kVLFmS9WsoQK5oq/uVPxXrGjAK8CXH3X6Qazdf0Q/LPbtKj4LtjxCAllHMUw20+7hPYn4hKkIdIdto2rYuvbLFL7aMpkfCPsj0j7k9Jj8DzXhOe+3lDlvfwiPt+k41OH8ZbZej9EeLd6FlBssAproPxRQQMETvjTebrMy4K7vZDVTOr9RKupGEf3sfJMfOMM4lMF/qYEMteg0IJWveV+ohxwW0sMsFq7V7435P35xe53v3GK1eb9yqTQVt+jztGWGYaBEzcYTBzXFTid0T6/coXj60LJ1mhmaVvrpBoNYVQqRRARXps9YNIO5KO53Tj51BDSfjpdiEy56Ax8Sn4pJ/WJ4I8Jw48M+iTG33vdFotUBbO5wNVLbBaF5Rr6wZBg07vWWSZhmPH2CvmMH9R2ElMJqEhRZ7SpD2T4P7otUteMyi3La0dGNIus3ibpRPaPpPbX0iWns+USDiCQ9I7QaD8k1Tuh+T9yvAumMq8nfECqA4/hEPooXKzmKYpjzYX14dTUUdBWM6vtWi1olyTRuXBL4ZfBATw0EOrnyryYdim16MZIBy2/RIYCpxSZ1b1AhRcUmObKZIuRShfELwDbLxuL8SfTRLbAUAyFICkgnCvAuhsI/as11IlfySotma8IRps8IRi8Xvf0tRwXq/iG6q1MEzDSsgDRo+5r5D9M7sOPYZo3q0q2dk1GX0mM/RyOATTfQlSo56gptiZltAdM+ET49PjU+IfqfEfpH+IT4g/U+KP1PgCfEH6nwBPjSfAkyp+CiZFzuwQzKHQjVB6TM+GJ8CT40nwh+p8AfqfAH6nwB+ov/AC/Ut/j+os/XHRuY0w5JCu8adYMuXM2BFuq6nszxBujiwQqqq0j3ps1sGHLH3sFyJVPcQ3xU4RcIVcHeKRqLg6zgdlwgmZ9yc1cCqZAfEqol6UlMDpMtAbZHWr9JiyCwLyjWuMHi2pC9kpC1qxXYErsqWqpp73VzXzg8dP3LnC/uFBOLEtqzXaOBjzIa465TRSizqCWfjxiZlnKyHE91nn3mFrQXXLsGsjpNYLbVHqZcXKCb5jJoOUJcDhuoSlGhSVbsFXKwh13vNyXMsoFX0ZQFnGkAJB4NwzzzOl35P8HtLrc77VEEvcZip2iNce1bHzDCY22mo5JZ4DWDupUoYAipQiaK6aeswDG1hoKIqtFJoaJXpB1hOEctamFg04wdYVADTSVWhtMcdfoZqKNgcspWFlIdV4xFPjadmcA7Xx1nKtz75vjMIxqY4QhFiZufNTLQ4LYAscTX7dHKWcFuG2htsjl0nGdTHDMzutuXMDAuuWBh06pjQtfMhxrifuAdUBonGcnfupH2ZMygg5WfL/g77XkTvzMyI6jJJbWDwh0jjFxBL0DUN2Fr1bTKy+u84JNSb2lq7cYghkupqoNXONiGsWK1shmSkUlabW4L2Q1pPSJARWjHLpmd8kJwPcEVyqJaRtnWZom3gDiMtHCNCbKrs2CdZwOeaBSsu+m4mUMqzw114y/VFVTHegMhIThJw0q0DLhpKjoSrAvMuV3CXa8qmmKoPPUmBlqwpTx+sogx4z+jlKytb9U/MIhFnEbpDzD0f32G/AH4kaIwPSC7RMHEWM95iq1hGJhDHcZe1RQbtco8zReS8PCNoo8Yn5gwazFkrNLxArMLWec3dnkPUy/4Z55XnsensFlMWnDKKtNYG7KDOYZOKDTxzlchqupr5zjAnyaa6QrurhxXfOM0ZpjKwQ0O8rg0t7cXId1d56diq9m06yi4F6McuwO/yjwMrziErVpmH9lw+89dM7ojbZj3sGOL0Q6TQmdWed/MzmJ4+rPInZvYK3oapgLvS3dgFZGNpllFwdRRnlA6SZ7c5oeyyEWLm5xGJTRUc1eXYtMeECO2DJFoL7usRJqzOr5x9vlYEzwtVg13QEXojXDO/wCERxWsseICIPfHdpoRjrCr0QZsMChLllvNdsuLUlDGl5okoTuXdKpqAi1bss9xygX3ItvHbNZaFm9Q8obPniK/gnc3HFsQ6P3WYFBnpqx1HecDTaLYNxlCBAKb3+YCEvOKdnOHSQcLbRDprfgiIAaBRBPr0MmHGfbtKuiXhIrbBaWn5lPFWxupUDAivokCCrtGsoXFzEWUHEor1XG4QLlqX+TXWW9nfFm11RWzGgijWwqph1CnoP3K94ZdppZNPROIzPBvEroMhiMQHm1HUAUT8Ll8DXDODjoQsrsBxlXsd+Gnl6Tfybsytksy3e7D7jGbrBHs2qeJwTJGU680oEYGkQbTCcfzdvkN0qylwrAcbHGDA0m7Ndg/RplFmpEiamuE58OfDmw5vYVzPBMaBd6JfhopwSxZrN8VXwdDaDLU1XLsul5PWVFsnD6xwOl8MF2lHaanPKtfK4Zi9yyyXIByH7IfbYh3QLYtG1E6beUMgaEUQwtvSZSHAhU7SNcwejCJBI7wehC0U9eL3uk1+lNUdDGOcHqkayYTZR4o+4tUwjj0Wck0m0KYez8YtekuAHgkZUE3zFNSK2zkJfg8s6sJNake4RitLlU5gqzWcXjjiIDUDeGpL8XhKTWyZ2Kd6Wm0OvANkSg1s6PBNMAvXwwOEBwjsbCUxd9Xc28pZxEvk471MPRh9tl6WLTbRM9kaDdiViKR2iXWT7iAFsfQMWPbKcFczkpjS7VTonDuJV8PU4xO+FNtQnVjWDDTYOkWt4wUZmc5wAR6yq7j1vMawMsvKrjcJ0aS1JoBR1WvOAeVyzcSWlx6S1gstE5CNojnHYVSxuccdCsbv50idnN075WvOZxrHW4rhmUsVNNiysevWMjV3ltZT10vrGwV5L9GOZiAKNR3Lm9++KFVBMPO/wAzlOwOUnLTmkvjJwBXrMm5IQljKYNG+zhUyXOLYOi0+sPtsM2QwchHMpW8fqECELQDsVE7IrZp6k5aclOSnJTkvCchOSnLTlo6PxUFwdYBc5actOWnJTlpy05KctOSnLTlpyk5actOWnLTlpy05KctOQmKNPT7BKsqUaYA6aPkzhqDGMZS7xN2H27Yap4xNrS6nI2jzs0aBg8RvGEiQS3kJFdlSuypXZUAsd5Aw4ZiQNe7PCFAJUqVK7K7KlSuypUqVK7KlRMTkF6SBCBL/sld8Z8A4L8SqKhGXM5sBh9xOxUrsMrmjuQNMqCO8wmnnRPyz3bl/lnvWWaedBNPMj8hPbMfmojr5k1bwWP8dnxbPgWfEs+JZ8az5VPkU+TT5VPlUf7KIa+KnxTPhWfCMP4zLdfPlF3a5BpoAHAidonYEAgf5WMcqchOQnITlSnCU4SuxSU4SvCchORKcCconIJyiconK7JyJypyE5acn4TkfCcn4Tl/CHA+EBsQCVK/11KlSpUqVKlSpUqV2VKlSpUqVKlSpUqV2KlQP+PXbUqVKlSvugAVKlf5qeMzxmfvVK+u+svkzofCdD4TofCdD4TofCdD4TreE63hOt4TreE6HwnQ+E6HwnQ+E6HwnQ+E6GXyZfJl/wDvv//aAAwDAQACAAMAAAAQ8888888888888888888888888888888888888888888888888888888888888888888888888888888888888888888888888888888+28y88888888888888888888888888RpV688888888888888888888888888zgcl88888888888888888888888+8IhhJg88+8888888888888888888ol8KIBAP84D0888888888888888888+Thgj0whef908888888888888888884oksbBxB8YM28888088888888888884E8sPfzN88I0846aE8888888888884Esc0bB1V088I2g+v8888888888884E88s83DnP088i4hn8888888888888888888DduKIwqe8c8888888888886+s888888Q7oecg068888888888+623vT0888886R+cwOOM882888888884WnbIEnLTbyHWUyYq4YymSP8APPPPPPIvhstrDOreGmIjH7YyCovu0/vPPPPKiULnKoAmprTPmSIXUIYd/rKU/PPPPO2co/mvOh69wUPiY+1X25S683fPPPPLow6uPRoPsvJCGCioi/ibMOKzfPPPPPLE7TsRwz/MU8VSRUzehdHjYmPPPPPPOF/bzCyqs5eOTDrGJBCIpf0bNPPPPKOmzCnkFd8dwLYUI/E312JinRmPPPPDsgyN7DVsnyckEFHKNIpqW/R0IPPPPEkPXLvsz6cXQQjVR6fGoluyXYqPPPPLOONACMGJAppAMOKDENAKL2fNBPPPPPPPPHNuonntsugkpDOHKCDmlIPPPPPPPPOMBDPMBHDHLFMPPOMJLDENMPPPPPPPPPPPPPPPPPPPPPPPPPPPPPPPPP/EACoRAAICAAUDAwMFAAAAAAAAAAERACEQIDFAQTBRoWFxkVCBwWBwsdHw/9oACAEDAQE/EP2Fccce7OI3ZxR3ZgKjuPQ3XvwfaoGp54YC+9/EUfa8fl74bs4jfDoreLvHvHHtBS4+EOe6Hs+ouOAMroCzme4FbNwxZSF0BdQxrBdJGIwjMS9cABzCBAG1hAGmJIuGIxHIswxOZ4PA0cYjjjzHTMI8hwcccceLjjjjjjx4j6ZcuXLyXEYjLyjrLAQAsk2SnwK+432JIuHCQ1vXBjHhCdk0gnXgeh2Zx1gYOBGUSLABlgRtBL5Vn0jihBXn3hJuvD1/3xgRQMwkSOsokQAMGtgTqP5gFx5P9wCsipUqVgEJMER89oEKjXj8wEJCoYZ8bFRRRZFFENwbi/Vf/8QAKBEAAwACAQMDBAIDAAAAAAAAAAERECExIEFRMEBhUHGh0WCRgcHw/9oACAECAQE/EP5O2kJpjgTT93KfES7ELj3ay/cVDNeRZl5bS59ozgVCcFRs2NN4gWnD2bGVeT7hKZao28l+Tg4e0kysvL2hKL26y+uk8lXb2Sy+OluDvL0NOwk5fum+yGtHMSntW4IWZYl67aQnfQeVxh8zFXp0uJhbm6+48VlLsvwXYmTeX6VRo06WzYijga8ZGxtyaHvgjGhP0lmiCCoqKzsDZWbNjuSKrE9jVEoVFQi9TcIRAmnhkytdYdFaOwWV2HwVEI0QaE11cel/gvxjeN44JjZshPOGjZvwfcXPU1SCa2JTCVJ1AhLhMkGnA0++WLu63zlihoqNdFRUVFFRo0KCJifYY3r0HhsolBJGrq7fH78kHKhDEKsmvu0v9j6Oi721DGkac5GUS20OGl5FEqKu7T7r+v0PnCGdsv0HzlLeHe6PLvbnfwUQ5KXPw0xm6pUpHeEMhGKG2L3OPz8f9/Y+SpLZU+DkMEJeAsMTq60TsayuM/wv0NnL/C/R3wZaPuL5F8sN9xkzHJZjIbgc97Cw+s+BC85WiiisooreE2isooby0LjK5650QQQQNp8ijgggggggggggXGZ9TpSlKUpfon//xAAsEAEAAgIBAwIFBQEBAQEAAAABABEhMUFRYXGBkRChscHwIDDR4fFAUGCA/9oACAEBAAE/EP8A9fvCRDAMUA3eJaJ4loDybbKu8MQbIRQDp4V3iqSMAwKDWRuYgzbXWCwDlVuDmpT9tVG4K55q7glAA0hY+3/q34Ipzmx+0uE9FuG7uXbfcjrq63Rg7d8w0KUJjsNICFlKUNDpjTtM4phEOQXK5GJi8C1xKvG15l7Jcu9L8h/6uQxLw8HxWXFmCl6q/wDV8ykcHg/QR5hrwf8ArYxwZ4JfxJuf+mGem5boItV4CEB6KwO0vAcrghBWcKVuS6RHXdgBQ7Bmw4IRtEOHnhgR509eSOaw13OpMGZ/+fNt1uv9FuIAiI6T4ZQrKNNWnKMJydwjI7XmBcKYi0T0iK5uEHiNuEkl6yP4zcR9T+vjpWnkGJkWcmk6/rTH0NKZfpV77b/8ihSmL7j9oqRLL7fpLnTDhQQ7AfiNShbEpE5EahpuydPag8XCM5qDxDdogFUXKsVkdb+paWtZxDa2qlulcHedTWB6GVHpNZfrfpVpLzdFD7pEtquyJy31g98m7tgveg/8dmFKB73hTL2tLWJBFNRQLnWB6Sj+R3HNBRE6o620XV/ALHK6OsfijcZ09lzmYI7xdUAE1eqVvSDyc9o24l5DENRuyEq8ONZg4IQFI1n4h2YMJYgcS7I3qD5iihTrXiO0HY1aU16x3JX2lf8Ajods+lFgTFB6svrKIy7mKuryw6ZKUPcar8oazZonqL3uDHLoP4EscObAPTMWHBBbmPEfuM4+D8CNXfEkt2FO4FAvFFigYG7J7wlJBgs/OBMmHM7bQIb1UpAJNg9UWwJL1AZ8ESWsQN8jnn/x3C2t7NicFF35JfncujvCvHNm5onXovJm8kTUO1E/ykQBNNIOkIKtI+fwfgfAIPHhwRb4CaYPRK63wsQZytAI/KX1O1QgDjoSwjIt1Ajj8nB0oYwo5Va4/wDjuQWkHVYBq7NwjzALFu+wvJzKr8EAGqVvK2u8xKJa/L4X4YGq4hcpkwwUPQ/mixZcvMHMq7zfHSCUkoW9QITQyGvG1qdcVUdugrMoFtad1FH2/wDHBAESkeY1LtQi3SiNdbIb1LQpXbXB2iQlr8vjWypcm4KPE4mJ9PrP0m4a8p+hSCUkv9XH2FPyY9UexpeDIcNhHPCJ2g291te7+03XlgQ+yOzf/bYHK6OsSEtfl+g2iGhw15id2P18fhfwNw15D+mSCUkCwwmzp+wio5g9TpOb5uf0D7QSx6SXz38oYGs1dhDJ5qQ7lCeZmnaPCj3V/wBdgcro6xIS1+X6mXx7N+A8v3gAgQdETfj4MzAxCbV1XDaj4R+v6kglJAsMJs6fpaj0tIr049YC6spoLlax7esWfKVIdn6CoTJikdvKZXuwaSa/IkXpqwLXxxHgum2P6ju+hCelKwBQf9Vgcro6xIS1+XwstAizqgiocfoZFoLqpj2uveNBARk2+1xWxaACzpfbvE6+Vlf6sceLxjNE6XS6ax1mHltDC+Uq8L+tIJSQLDCbOnwpC3WJfBthDgxQbs15tviE5dqmZNEjS3GcSgM5vAgkS3I2vKjIA0sIdWGfVonHuI1vK6H19IQcbe31cHoH/XYHK6OsSEtfl8fkmmAdwaP3iBYHWUsutPR+F3PUJMB6BAQOljaHYlNNXZhcxhZRwA5j1HtFClTM96IeDxKigL4CN+5Fqt67JZ9f1pBKSFgeKEeT2dB7y8XgWBizlth6DcblCbi8iPFa6IkW3a7IDvxHJo4Bfr6ytnlotqwPJBBNlt2ho8f9lgcro6xIS1+X6mbddThmDBx/qafH5zRMdN2YocZdkYX0lScsQeeYCEJbBZx85/ty8lYF5PzEQJN9Yp1hTV3rGhIFXeH61WhbFct+JhME584aOnFcrvvAfnkQqK6LZc1FeIGnJeDG+kz1/Jp4gKtOSO210VrfEXAp+d29/b/sCxyujrEhLX5fsJceiWcfyjt+sAFUEQeU4PzpGyNxZxFPTm+DZ9/SZiIWH+YFF0Il7Iv8H9YjhCqzViCPnp+k+4hToOxwBDoOiFFfaPk3Eyto4UVUvXOl6WihY8JzFASHojgeg5rcfDfN4B7HHvcAH9DAdg/7e1jR+0x9Vspke1MGBtBTRZ9yKPYZWTYUsv8AWVxtB82AELXGzFspLrAfvL5EGrVU/BdECw9eZmjyckM6+DO7VG1wHdZQgax22HAK6qhBgMAKAOD4sZ4c+P8AvSw2L9uzxaGKK4vGWPVBY4veU8Rirwb8xiQ9nEKis8ChW6cekP8AxloN3qdVM3+bDY+YUXNgvPlGRGCmhQW7wcxTAs6n8SwIR6QLeA4Y2KBE2MN2OgVW+wo+8HFQp2638pf0UtBta/73we46wbP27zRa9i4BdjXZBFnY/RMHGi/qxv4HPweEcclW/cHqQCFGO5dfBWmn5M/pQZi1UPQC/tMV1zMXh9Fddv0OIwg54On/AFPoObG5Vlh7WAJ3LczASfpmoEea/RYoZ5OsGz9rLVk3ZuJesPRxBKuSvlLgwqh7zYNfc+AHGYOLPpAirK4NkRx6AevxSzMGd4it4D13FC7Q9LPq4CQAcj6SogDe4U47sLFU2Wj2jNiHkJF0jpyf9ScqLvTs4csb9pmZhy1gxDmbgEALIdMt8ZiUvQpVQSVgjeFZ5NwwoBjo6vSKG2rx8LFDPJ1g2ftF4w9o72B6lS3vF+8uPp9d+Ng2LNDT7N7/AKKp1iFzZWpq9L+USBKBcWdcstCbrQItDrDIwYm4UdvvHsAocK6HHH6TuVCG0C5wwoEsRpQsvY8j+7lH6KKuNrO8fijnGwMV+tGW1YHFEl5rHFBmjDoJarehCCOPdIhYkJhVcxbhRAYwjKK50Qw1grqwd0EDLdlq4Q09ukKOnrEs9yl0r12LriNdUl4BDfcuvhYoZ5OsGz9lpDWd6n8I1AO1puIzjQbVvJUNA2a8uZrg9a7HZndTS+cYDvC5/SLKwJg4X0gIHYwhYnhF7GCDQ9zCpoSLZ7lkVQyhA7QK7xsrUVa9pWiUFS7zjqRwulCLNZ4YwYa1QQlpslj+hU0Cw71uHDpct1O0FDOyZPp/xbLLWPVfTXvMbccrt/cw2ysHHQ7eWXN7i56kI2tO68W8ekeloV0or3sxRs4BdrKHm+kMmUMLK5i5LAJZYzarbo5CV79eUlsW9R0tv8pSNGklrHNCNc7hn2R0PoIx8eSxwl5/pFcKNUm8fZBmxsQPqPeHWHDV4AfXceNTFQzlxggIh2FafEIDABTITvYoQE2vFKOoXmsALedBEn6DnppMfmNNQIDbxljO3ZDKugxiBfSsKACPLJM5tcJHwT7wq2eqHu8RW2mQmnJhWZaEEU8shezI+sVYPZF/SWhPz/WCi0hrP+JaHi4aPSF16W3W4ZhsBDhI2+0nR5PR/wCDVy6nYcs7S0JfvFFw58gF9iBAUyivisS4iMWp2CmEx+Gh+jXMuShy2TADmlrvDYQCq60weIu68Kd84zEXKomQBZax+LxAtez/AIlOvsfUgcHKU67lSKdWmcxbnVJbgS2x2lXHeVJOvAfsM1Kvs8FUobAb6jUpyYpXg9XEfTvKbvaYigs90K5j+sn+sEUL5SacMoVJPxh5BfeCCOM+4Couult2I0zYFCZOjq6YwaNYkXIRkHHE5LuFV8rwd4QPSNlV0SBw3CEx68ywY+S3DNIrqRUpS4VTKSqfwJzD/RBGarqqoy6Vsc9mNaqGPo377hOd93Rs9TPp++HQap4INiLDccIONolUgdu+Y0CBlz7OJXGaINwti0Y5gJMMIAfaM1pQ/DVsw3gGOVpurvv8TxUKON77U92A5ghFm5tSjFqzWU/MFL0Zug+SGwRwqWk6dk3F6QhTuI4XEbkBhgQpueNy8zglQ9vVLWJWlm9VzCLRgA2zqVkyDCvaF4I/6yE1cYcxxhPz3l+vS/vLN4AAX7sbtpKU+jLkQGqJ257piEqqBVVdG3mWQXSymmXSyAW4fVzACNPDGFMpbcpKeRbeZS0zphU2Jeq41NfZ8O36M+I7VjYeKPFTXAbcHXuY9pUmRO5NJap0eT0f3tLrdNfl93tHERL0IpuXUqGwYDNnnddZmyb5XBcuMZmcpbjG2LeHwRjoFAhJRRXUvipyUQwuOYJZFM+ECq1vHTxLkh0gqwZ6zOXNaMGKoMIeNxne5uelQe5gl2B4hyYjpo0SnFau82wEKKxCxNqJtwSWZ/BNfCTqdnQzTekA8jmPzvqTP3loXLsF9EgxXO9vrxK6rrS+kCtPlfaXl0rpbvtKuSZ1a9JSDtS3D7QOAOEC51k3pyR2y6hkYOW9dRZYGAFaoDRrV1EMeKBYtuF2BNn2ppsdNHiGxI5RAxznrFVVGMFYS6czPhDQY8Zetxyk/wA+sG1+L3j+f/WJ2aRkM0pyD6Q0EiGqQ+ADK2QzCes7yyk2VTuq+2f3KQ8FBdsLpmC+8pQDFwgFqrtVKuIGrKB0ys+nzlMVaNIqA2jFXq64q30hm8BJtdXMA17n+Z9b2/mYJll5VnS/mMssecUx5EwQmoYAwPqnwNiiwk1aagyQG04VTahynkGTsuHicA2aAHDoCugcQOkaaT/PSnXtJdhb0Sou1oOkVm5cGtSwkFViYagQcMGl79IS/KL5BlQTejTUf6NGiIDLTEQoy65d4hovBUWZK47MNHLSriyolqbu3OWmowlkA3YFpQxfEDXdlwoIeiTm7CjEztI5TDjLL9DIrKYye3rErc/5bm6hvcVotY1a5INWEqqoPsKH1iiisWhK2d8Z9JZ+81R2ol8ERHqXdZ1T9P3DNouYFdJ6RgLFFFDoYxBsCvFdbjbp1is2+v8ABBieirj8lNRvOK2xvZtovtFuigGnNeCj1f0Gfi64tZ+qfYhQIpbIv6j835RA5c9IjQ5LRTFv+GX3H0JhbovVwcTOcuz7kFuK0/BCXEL7vEdRmt7kayKRZ4ETKxQyrMcgWKdBriamj5xiIAZWNmAa79/gZjfCpEIvDpl9JeXXUAyVrK17wvawBqkw36wMylSgjVpmnnmJAWQV06NObs1FK2W0wyWLAaU0PiaQ2ZkDLGlr6EB0PNgA18/0JSg3hxKnn2CNngE69T1MQGVlbvLWtneU0nZlRKzu6v3/AHOCPoA+0DvDRle44fDNqLpT+pJPPAkeSS5HA2cAYQzGKDiC7vfENkHkkTmL8OT5MmrUOYqy603q7YD4nIcODFyOpo2vqYHcsCWWWeCypM46AhbSB1ZaeR5R7ThcbTmuxd5JaRKS7+4gR8l/DLIIVCHEeRiWKk24lEIdyL1bRK4tRkOpybmIWbwNe0v0y5sMeZpZLYN75kq1ToXyIW7ZG+IrGYsqlIjQ6zLjCCdWTg4OJnRpRN1mNCTHXAMVi5l/jSF22yvLzDXevaiNUSU6Q0vXc6IcWFCqMwX+H/M/wf8AMK7/AA+sx3lU6tmKBhTWOWkYm4b7xFDZW93+4dKl+/BQakxT6xRGgHWHxl1FKG4Ubro8kuVUwZFx94RJTQ6Y0DXpDPaAhmg3YxbPjkhKDh4wzop6IPueQILPii2hllQplkW/fm485Yt8C0i2VekaQN+iZb8P6Jx1X75zZGzIdyBC98YyU6mFNwHOGColiGT7Q6ENjUNtJia7U2jdU+c3BV3RS9UUr7o/2UgZphTsTzSGWl2h5EsFZDrFVqDYsvECajpb5rqPdtC+qVTrNAu4gA06I3UIind2RgPSGj5SxRJLLiKa34gIAAeq0FvJjM0UTZ3pUz15xCKG7Xhfv+4V8lLU6wDLpxmV68KVpoM9TMVvglEZOHJXebDoVFLmqdeflB2lQpehqtNWdmOyVlIotMbqBRWWsZjCQAFq6DrD+yhEx9lB9YU6MKNJwU9NnanCdmUAv4dHyhTPpzeWa02QHPMCHQ9tVbfg+Hbdj8XvEtfgd4h+Z7wYkbh7ncNngIjrzEcgXCGnFJoz0vcZykZy5xvEdhSKQXZEY8ONnvB4I8UcinP6f8MrlWhP6ECWBQag9JnAvz6RhUxSON4v2iKIywaPDEB2Vz/FFADAEIO+ntNabILl2UmLjk1oYtwP6VJLH+wMGPUFXAdZbhQtvIVG1GQFU2DzV5/cd2mjslLzKXwRIWNg09Sv5xUl20BEPUp6xoTQVQBQDeCgI7CsKVYlnyZb4U4s7yvkmCXQMWdZquI8X5vadX8HtHh/F7fCl1apPxn9ILmOy5mj8v8ApBCe7x+fSPN+f2l35fylER70+5iCAING+VRAguv8Ep8HGbucQ/P/AKQ/I/pKnh/HiHSPgvROTOWy9qVDL+klFI9/6RGlP54jylUcPSIq82Dp95UieUtQuGpaD1zCLRCKwdZVHehxzUrrZF7N9p4Knu1HIgLEUlVUVlZTRXqBsXoa4/e6Fr36jh/UA2VBfMJgFi8L0OXquZRr4+MRErrF+isbLBeTuRZ4yvej7xZhuCFgvONDDOSUeVbyEAyIFKAtCqUF8wecELRtueTUKKgACwXWclhvUx1RFNmBPQtY9IapSC5ZdINXttCu8UAhlz10vbBNThIWrr2iRV3MIlktAN4rS2vqY6HvLhXEmS6UQqzg9Nw7LUduBhq6Vq6jlamgrdBXCklWUKpZW2KyCr3RzGlcadnkeMjo7BGisOUTVXe9VFKgOR2c9K6r4ekQuSUi2LHDiyXBqEoIm0Cz5nvEqUvB3Q9aaOWSruES1AAqx5gmkFgC6PkwEFSCLZsmT4hEROS+SOCGDo5sTr/sp4wPZMLPLZyPUfgqQgjSP8katmpqFlckqKougwxPRced7grOieQg/v43z9TFHHKA9guXNWexxAmGywNaigFA9CGj1+SYCuagMzjLR1EF0ujyIrOFq4S0yJB01nnfVmSsJALVLJ5eYGeoNYaTVcDHgHIuLEGrC1S01EIVMiYGiyKzcstts6Ooe0Gc9CsOen+RlslYBSh0OUI7g4l2dZ0RcEt0GWB53l1DSn5iPFgQ0W5oODBjtMpcvLddjxnMcWooVi1fucsc492phU9lPV1lsKochCa8AenEoRKCWzpN15G3LP5RCxjUNtAAX2AIVvKKFOLQqrSnD4PaeXgga5HErAmMCDCteIbaihd0XdfODtfdsWaS/ZT1gGAupzF29chBBRoXZqrmoDL9jxAeb4ADzae07U5iIUvtRYHokdcrwHBPAqekeidm7iqu8Tnn5hE+8N/uup5j82feVZdLYzYAYXpKJTBjAyooADcHk+Uawa0pAFQQKvhemamfwhAgtgLkYs56VBtAHhAVUxCXUo8u0UjrBXcclGhB4SLL4yv7GZXwqJtHVcZlhJWNJwJm1MVVma53HhIvGMvOhXWL0CDFEoelm/TM5yCxkoOiRd0qrcB3zNg/LgoPYrFGN1rHrCHyq2FsuReNBTxcUZwCyN16m+YGCc51QaswOcXvRCwrC4rQTL5R28JgvZPlMkgGjTCcdqqNMUD2drbFdKzAgAcgblQ5zoiC/lJ1zwlbVhQ3E1xazvW4Oky9h7xJcfRD+xXVQ7PMWk+fEYsxtDw9IdUB+mACFp0nCukNAmHMirQaFxwJxOEHa3+mWgnnoHeJxiukrOca8Dn95Yl72KR01vzJQrkBwIWLV6OkJC+E8sQ9VMb5EC28humaEe3SFo1BSAtqXgDMqlFrMuzGUCZNqFs3uOzJR1wvpmMvzNszUbrXrKU1+o3SvvMjymo3AoJtM6jbT4qAUrhqztPkn6EWcv6X3jrONUaLNFb3mZCCFXSRhqCuq7rmHNk1jdc1zGqCy0wuznNgxROOkYwLWDXdKmEFXSyvyvO91GOW6inGcs39KjSDhfvHh/NzREoMW6uBHmRACa1LegfSZjjZDUMS3ABwgxxxLj3+6GlcJ+WWHY4OZWgd6xd9lnrKhU9533PaOwBTwYjFnCrfa0XwP21hyFM9EftHFLG9UfvEG9uPD+4+AW9IRnRbW2HVphRaYTklGbrGj6MzZVQgNihfWLhYWXqeY8kToQVqFKuinjoyi+gOSBG3dZTd4qARI5mnKYeSLGsmr5Go7tM4CzuFN/ehcfsv0JfSNi6QyWC5juQATURQbOhLtzNR8KH5cXbD4HbZDvMye6rsLSh1ykfABhQgM2jDLglEdVS8t3frCxVBE3Sjd9o7rpVa6Ziv8+YyQoJQ8sAMAywU8diIElIC2q3vUekiA5vRUTrGwA9xg5UUgFsM7GsVBZDBxPWtblhVm/ui+Y+lgFMWoCrnSd406Lh5X3RKZ3R8gimBUOpfZLtTPqAnyYfA/ZWOaGDzn+qB6xnGVT2OZRIKGB0JlE/ovztBackMs7F5g2aZU/A+bMNylC6Tp2l6/lorYMSpV4uUAHje3vi+tQBA5JHVzm/41KVwAqm8c4eX2lKuo6b72cQ7rP2T+n4q0DBkLUhw5S6zlJJFObw0s1V+KJLT6aYL4ANsPjo0WX2GtUAgXYVjMWIAuUBvjBcpjrBecVZl+MwY4BFKyMxZ1UEFdS+8O2WwqeZlc7lLmnrjlpKvZixza5oZvnUwT23WbT20QjZc2jr0DvEh4KUi8eHMOIitg7d4EqBCm2WYRYVwoigIuNeI7Rhavl6xELKidMI1MLM4tiUQxa7/AMxg1sVQAuV6ms8MbNWfNr9IQhD9nEimZOpHvPrSMldr0+WXBZfItbWjg9oJuETCTtCrlfRilx4fEMQuxrW01iOgHfH8S+78uP4gQW02GfMFais5XWYxtK7wcVOam+FysKy67wKiBA5h9J3X0R/pX8T/ACX8TB9l/Eev7H8R/qP8SvLUGzrqHHKXFY8ahCpQz5l0hlpolj2wg4AB4oiHlyDygiXLW4VldaS5umEXM6q7o7R3NyOP5YBvEW0M6CMfpe6MjmW6M/eJS2+Hmfx5ih+0VIEBJXgC19p4GBe9D2EKgsaJeI9AtyyOU08TjCduF0hTjGNQVcFS3pHuHiVWu/EfF3YhsUhXJdVKPoNoIULlmma09JiVQWaFi3Y5ox3Jkl2DlqrrdpjvE16BDlC1eeLxDhJb4G8LhllbPeFlWpebnXlmzEy5esB/MkCKUKCrHTNAvmLX8mf40FAFcAWWA7fl/ECtKNqCX51q76esbHYQeAV32H2iNHkFxalLPIOOp1mcnO0zJZ2sT0hZRfdVbfSOKPIVDdR2GmHeuq4lVT5QbcgLV0kWpX1imujYHROCU/qydKnQITJYa2JSe0PZspeQ5eqJ1YGPJkmMuuL0/wADmKHwNfsaQ8KPlDu+yzAAQ1qYA/OYzlg2UNIy+DhvBy+/0gM1RGHSXmpgyjZdGi4WRezdVRwbyz/TjB3UyKaK04esNsrQVndYpdrmFMOcF09NCMakObXcLQvdq64rBXjGjO41AN3lU0eHPN8FBGTdQHI6ODCym0zlTnGlrV6tNMWXYVKlit97v5DxLY6j5NBwadK7sIcj3IcsDA30r0gxRYilXS15e8S+WpgtujtOc92atHGF58QfBpqIjY/KBMjVSMSnHU+xFOIUqIyCN1kY4gW1RQUFWChe/MU9N9psejdbp1MvA2sYrsl5YWc7dptZaTh5Nls9WYfoooABVm7L53QGiB9nxN2+T1U/1CV83rP92ZPuxT+ef7ZLApm7PklS6by+8JDKRWiYj7f6HzXsjFBrMQxShO0PZTDBoh8DX7Ku6XFtKX0ImNc6aWXkVvi8f3MWreSoUxUrBSFWnEqIRVJ3TZ9CYvtT/Mn+RMUz/XT/AC5/hz/CgAioyKrrgjdgbADypMH2J/gT/An+RD+gn+BH+oj/AEE/yJ/gT/An+JO4ek/wJ/gT/Ah/QQ/oof1E/wACY36Eo2pp+M8IY2OombPFX4cnpCYirFsdkwYxAi+o/tkuHYgUgsToxcBWsxFWFZVqJqVQ94rl8sBsL7HwKePgY5dg/iB94wnxKlPgT4CDWy5UpuEp3rZHoayKFICAdt74nMlAXKR+Kr4Eh8BgD9IEV8RLPZmBNCGS4JdxCcqZtNBGu+ZeCHGrd8K8ieI7sOU0vBatvdUVjOZ0kEP2xZQ+CkRBdTzoMQwSwIiJpsIX69Uf0jr8xJGFMPSlG0vpJuL0+GgHqRiByaxekaZxHBt1PYewe1oWbL6f06ara6HcXRKKe4fVORIG7P8ADpHZ7Q/hDETJYA9tSlv5GgoPYlJmeZzZTB6QXEIlQ/4alQYhvEeQ+0f6Sf4k/wASHQ+0r4Q6CJ6SnQnYI9JHlPtLf4JTo+0/xo/1U/xpi+1P8qdr7TtIdDO19pbv2Ip/BH4K1/kpg+2hv4UawXpBGiA4PgCVAh8D/jYkYp+gPwH4ijGWKlPgfifD4j8B7IrpPH4pX4QYlSviHxP+SvhUqVKlRJUqKmoDMv3PgUlJSVlPgDD4FSpUqV/wMepgf4SuqZ6zPWZme0zMzMzM9pntM9p6Ss3EK43MNL+q+z7R7PZPyE/Ep+dT86n51PzqfnU/Cpb+1PwqfhU/Op+dT86n51PxqfjU/AS/9E/ATwfaX2ZfZ/8AvP8A',1),(2,'RHT3452346','VISCOSIMETRO','PRUEBA 1..','TEIO4353',NULL,0),(3,'ERGF45373','PRUEBA EQUIPO','PRUEBA 2','56HFD4',NULL,1),(4,'80026568','SILLA','RIMAX','AS14254','C:/Users/Msi/Desktop/Imagenes_Prueba/E_80026568_4.png',1),(5,'GVJH76GHJ','BARRA DE CARBON','GANDO','GH54YG','C:/Users/Msi/Desktop/Imagenes_Prueba/E_GVJH76GHJ_5.png',0),(6,'LP001','DENSIMETRO','TOLEDO','80026','C:/Users/Msi/Desktop/Imagenes_Prueba/E_FP005_6.png',1);
/*!40000 ALTER TABLE `equipos` ENABLE KEYS */;
UNLOCK TABLES;

--
-- Table structure for table `eval_proveedores`
--

DROP TABLE IF EXISTS `eval_proveedores`;
/*!40101 SET @saved_cs_client     = @@character_set_client */;
/*!40101 SET character_set_client = utf8 */;
CREATE TABLE `eval_proveedores` (
  `IdEval_Proveedor` int(11) NOT NULL AUTO_INCREMENT,
  `Fecha` date DEFAULT NULL,
  `Nit_Proveedor` varchar(45) DEFAULT NULL,
  `Calidad` int(11) DEFAULT NULL,
  `Servicio` int(11) DEFAULT NULL,
  `Tiempo` int(11) DEFAULT NULL,
  `Costo` int(11) DEFAULT NULL,
  `Soporte` int(11) DEFAULT NULL,
  `Resultado_Eval` varchar(45) DEFAULT NULL,
  PRIMARY KEY (`IdEval_Proveedor`),
  KEY `fk_Eval_Proveedores_Proveedores1_idx` (`Nit_Proveedor`),
  CONSTRAINT `fk_Eval_Proveedores_Proveedores1` FOREIGN KEY (`Nit_Proveedor`) REFERENCES `proveedores` (`Nit_Proveedor`) ON DELETE NO ACTION ON UPDATE NO ACTION
) ENGINE=InnoDB DEFAULT CHARSET=utf8;
/*!40101 SET character_set_client = @saved_cs_client */;

--
-- Dumping data for table `eval_proveedores`
--

LOCK TABLES `eval_proveedores` WRITE;
/*!40000 ALTER TABLE `eval_proveedores` DISABLE KEYS */;
/*!40000 ALTER TABLE `eval_proveedores` ENABLE KEYS */;
UNLOCK TABLES;

--
-- Table structure for table `firmas`
--

DROP TABLE IF EXISTS `firmas`;
/*!40101 SET @saved_cs_client     = @@character_set_client */;
/*!40101 SET character_set_client = utf8 */;
CREATE TABLE `firmas` (
  `Id_Firma` int(11) NOT NULL AUTO_INCREMENT,
  `Id_Usuario` int(11) DEFAULT NULL,
  `Firma` varchar(45) DEFAULT NULL,
  `Nombre_Doc` varchar(45) DEFAULT NULL,
  PRIMARY KEY (`Id_Firma`),
  KEY `fk_Firmas_Usuarios1_idx` (`Id_Usuario`),
  CONSTRAINT `fk_Firmas_Usuarios1` FOREIGN KEY (`Id_Usuario`) REFERENCES `usuarios` (`Id_Usuario`) ON DELETE NO ACTION ON UPDATE NO ACTION
) ENGINE=InnoDB DEFAULT CHARSET=utf8;
/*!40101 SET character_set_client = @saved_cs_client */;

--
-- Dumping data for table `firmas`
--

LOCK TABLES `firmas` WRITE;
/*!40000 ALTER TABLE `firmas` DISABLE KEYS */;
/*!40000 ALTER TABLE `firmas` ENABLE KEYS */;
UNLOCK TABLES;

--
-- Table structure for table `lista_productos`
--

DROP TABLE IF EXISTS `lista_productos`;
/*!40101 SET @saved_cs_client     = @@character_set_client */;
/*!40101 SET character_set_client = utf8 */;
CREATE TABLE `lista_productos` (
  `IdLista_Productos` int(11) NOT NULL AUTO_INCREMENT,
  `Id_Producto` int(11) DEFAULT NULL,
  `Cantidad` varchar(45) DEFAULT NULL,
  `IdSolicitud_Compra` int(11) DEFAULT NULL,
  PRIMARY KEY (`IdLista_Productos`),
  KEY `fk_Lista_Productos_Productos1_idx` (`Id_Producto`),
  KEY `fk_Lista_Productos_Solicitud_Compras1_idx` (`IdSolicitud_Compra`),
  CONSTRAINT `fk_Lista_Productos_Productos1` FOREIGN KEY (`Id_Producto`) REFERENCES `productos` (`Id_Producto`) ON DELETE NO ACTION ON UPDATE NO ACTION,
  CONSTRAINT `fk_Lista_Productos_Solicitud_Compras1` FOREIGN KEY (`IdSolicitud_Compra`) REFERENCES `solicitud_compras` (`IdSolicitud_Compra`) ON DELETE NO ACTION ON UPDATE NO ACTION
) ENGINE=InnoDB DEFAULT CHARSET=utf8;
/*!40101 SET character_set_client = @saved_cs_client */;

--
-- Dumping data for table `lista_productos`
--

LOCK TABLES `lista_productos` WRITE;
/*!40000 ALTER TABLE `lista_productos` DISABLE KEYS */;
/*!40000 ALTER TABLE `lista_productos` ENABLE KEYS */;
UNLOCK TABLES;

--
-- Table structure for table `lista_proveedores`
--

DROP TABLE IF EXISTS `lista_proveedores`;
/*!40101 SET @saved_cs_client     = @@character_set_client */;
/*!40101 SET character_set_client = utf8 */;
CREATE TABLE `lista_proveedores` (
  `IdLista_Proveedor` int(11) NOT NULL AUTO_INCREMENT,
  `IdLista_Producto` int(11) DEFAULT NULL,
  `Precio` varchar(45) DEFAULT NULL,
  `Nit_Proveedor` varchar(45) DEFAULT NULL,
  `IdEval_Proveedor` int(11) DEFAULT NULL,
  `Num_Cotizacion` varchar(45) DEFAULT NULL,
  PRIMARY KEY (`IdLista_Proveedor`),
  KEY `fk_Lista_Proveedores_Lista_Productos1_idx` (`IdLista_Producto`),
  KEY `fk_Lista_Proveedores_Proveedores1_idx` (`Nit_Proveedor`),
  KEY `fk_Lista_Proveedores_Eval_Proveedores1_idx` (`IdEval_Proveedor`),
  CONSTRAINT `fk_Lista_Proveedores_Eval_Proveedores1` FOREIGN KEY (`IdEval_Proveedor`) REFERENCES `eval_proveedores` (`IdEval_Proveedor`) ON DELETE NO ACTION ON UPDATE NO ACTION,
  CONSTRAINT `fk_Lista_Proveedores_Lista_Productos1` FOREIGN KEY (`IdLista_Producto`) REFERENCES `lista_productos` (`IdLista_Productos`) ON DELETE NO ACTION ON UPDATE NO ACTION,
  CONSTRAINT `fk_Lista_Proveedores_Proveedores1` FOREIGN KEY (`Nit_Proveedor`) REFERENCES `proveedores` (`Nit_Proveedor`) ON DELETE NO ACTION ON UPDATE NO ACTION
) ENGINE=InnoDB DEFAULT CHARSET=utf8;
/*!40101 SET character_set_client = @saved_cs_client */;

--
-- Dumping data for table `lista_proveedores`
--

LOCK TABLES `lista_proveedores` WRITE;
/*!40000 ALTER TABLE `lista_proveedores` DISABLE KEYS */;
/*!40000 ALTER TABLE `lista_proveedores` ENABLE KEYS */;
UNLOCK TABLES;

--
-- Table structure for table `movimientos`
--

DROP TABLE IF EXISTS `movimientos`;
/*!40101 SET @saved_cs_client     = @@character_set_client */;
/*!40101 SET character_set_client = utf8 */;
CREATE TABLE `movimientos` (
  `Id_Movimientos` int(11) NOT NULL AUTO_INCREMENT,
  `IdOrden_Movimiento` int(11) DEFAULT NULL,
  `Id_Producto` int(11) DEFAULT NULL,
  `Cantidad` int(11) DEFAULT NULL,
  `Precio_Compra` varchar(45) DEFAULT NULL,
  `Id_Usuario` int(11) DEFAULT NULL,
  `Fecha` date DEFAULT NULL,
  `Descripcion` varchar(145) DEFAULT NULL,
  `Id_Usuario_Final` int(11) DEFAULT NULL,
  PRIMARY KEY (`Id_Movimientos`),
  KEY `fk_Movimientos_Productos1_idx` (`Id_Producto`),
  KEY `fk_Movimientos_Usuarios1_idx` (`Id_Usuario`),
  KEY `fk_Movimientos_Orden_Movimientos1_idx` (`IdOrden_Movimiento`),
  CONSTRAINT `fk_Movimientos_Orden_Movimientos1` FOREIGN KEY (`IdOrden_Movimiento`) REFERENCES `orden_movimientos` (`IdOrden_Movimiento`) ON DELETE NO ACTION ON UPDATE NO ACTION,
  CONSTRAINT `fk_Movimientos_Productos1` FOREIGN KEY (`Id_Producto`) REFERENCES `productos` (`Id_Producto`) ON DELETE NO ACTION ON UPDATE NO ACTION,
  CONSTRAINT `fk_Movimientos_Usuarios1` FOREIGN KEY (`Id_Usuario`) REFERENCES `usuarios` (`Id_Usuario`) ON DELETE NO ACTION ON UPDATE NO ACTION
) ENGINE=InnoDB AUTO_INCREMENT=29 DEFAULT CHARSET=utf8;
/*!40101 SET character_set_client = @saved_cs_client */;

--
-- Dumping data for table `movimientos`
--

LOCK TABLES `movimientos` WRITE;
/*!40000 ALTER TABLE `movimientos` DISABLE KEYS */;
INSERT INTO `movimientos` VALUES (1,6,4,6,'6354',1,'2017-10-12','4TRH RJ RT',NULL),(2,9,4,8,'765343',1,'2017-10-12','56UJYRNGF',NULL),(3,12,4,3,NULL,1,'2017-10-12','TRGNV C ',1),(4,12,4,2,NULL,1,'2017-10-12','GRVEF',1),(5,13,5,7,'7856',1,'2017-10-12','RGFB G',NULL),(6,13,5,1,'546',1,'2017-10-12','JYR',NULL),(7,14,1,5,'65',1,'2017-10-12','ERT GFN ',NULL),(8,14,1,1,'95',1,'2017-10-12','THHBF',NULL),(9,16,5,5,'3543',1,'2017-10-12','6RTBY RT',NULL),(10,16,5,5,'765',1,'2017-10-12','TRNG',NULL),(11,17,5,7,NULL,1,'2017-10-12','RYT GN NTR',1),(12,17,5,1,NULL,1,'2017-10-12','RE',1),(13,18,4,8,'2346',1,'2017-10-12','N R',NULL),(14,19,4,3,'52',1,'2017-10-18','OULNK',NULL),(15,19,4,2,'433',1,'2017-10-18','THFDB',NULL),(16,20,5,7,'67',1,'2017-10-18','5BJ5',NULL),(17,21,5,4,NULL,1,'2017-10-18','3B6BJTY TYJ',5),(18,21,4,8,NULL,1,'2017-10-18','UH I ',4),(19,22,6,3,'1000000',1,'2017-10-21','ENGTRADA BASE',NULL),(20,22,5,150,'200',1,'2017-10-21','REPUESTOS EQUI[POS VARIOS',NULL),(21,22,1,10,'1500',1,'2017-10-21','PRUEBA INT',NULL),(22,23,5,50,NULL,1,'2017-10-21','USO MTTO',5),(23,23,6,1,NULL,1,'2017-10-21','SALIDA BALANZA',6),(24,23,1,4,NULL,1,'2017-10-21','PRUEBA',4),(25,24,1,1,NULL,1,'2017-10-21','INT',2),(26,24,5,20,NULL,1,'2017-10-21','THT',2),(27,25,5,10,NULL,1,'2017-10-21','DSTH',4),(28,26,5,10,NULL,1,'2017-10-21','ERGF',4);
/*!40000 ALTER TABLE `movimientos` ENABLE KEYS */;
UNLOCK TABLES;

--
-- Table structure for table `orden_movimientos`
--

DROP TABLE IF EXISTS `orden_movimientos`;
/*!40101 SET @saved_cs_client     = @@character_set_client */;
/*!40101 SET character_set_client = utf8 */;
CREATE TABLE `orden_movimientos` (
  `IdOrden_Movimiento` int(11) NOT NULL AUTO_INCREMENT,
  `Tipo` varchar(45) DEFAULT NULL,
  `N_Orden_Compra` varchar(45) DEFAULT NULL,
  `N_Referencia` varchar(45) DEFAULT NULL,
  `Fecha` date DEFAULT NULL,
  `Observaciones` varchar(45) DEFAULT NULL,
  `Monto` varchar(45) DEFAULT NULL,
  `Nit_Proveedor` varchar(45) DEFAULT NULL,
  `IdEval_Proveedor` int(11) DEFAULT NULL,
  PRIMARY KEY (`IdOrden_Movimiento`),
  KEY `fk_Orden_Movimientos_Proveedores1_idx` (`Nit_Proveedor`),
  KEY `fk_Orden_Movimientos_Eval_Proveedores1_idx` (`IdEval_Proveedor`),
  CONSTRAINT `fk_Orden_Movimientos_Eval_Proveedores1` FOREIGN KEY (`IdEval_Proveedor`) REFERENCES `eval_proveedores` (`IdEval_Proveedor`) ON DELETE NO ACTION ON UPDATE NO ACTION,
  CONSTRAINT `fk_Orden_Movimientos_Proveedores1` FOREIGN KEY (`Nit_Proveedor`) REFERENCES `proveedores` (`Nit_Proveedor`) ON DELETE NO ACTION ON UPDATE NO ACTION
) ENGINE=InnoDB AUTO_INCREMENT=41 DEFAULT CHARSET=utf8;
/*!40101 SET character_set_client = @saved_cs_client */;

--
-- Dumping data for table `orden_movimientos`
--

LOCK TABLES `orden_movimientos` WRITE;
/*!40000 ALTER TABLE `orden_movimientos` DISABLE KEYS */;
INSERT INTO `orden_movimientos` VALUES (1,'INGRESO','RYTJ456','HRT75','2017-10-11','JGRTYGH HG NG','6578576','900100375-0',NULL),(2,'INGRESO','3653Y345','435G6Y34','2017-10-11','TDBH NRTYGN','5643','900100375-0',NULL),(3,'INGRESO','436345UYTH','G4G65','2017-10-12','H RTGFN RTNR NRN','4544563','1325432K',NULL),(4,'INGRESO','543TRE','543','2017-10-12',' RTYGN FR ','76453','1325432K',NULL),(5,'INGRESO','254G24','46VY45','2017-10-12','TRHERT EYJ EY','7455','1325432K',NULL),(6,'INGRESO','345G6VY34','364YV','2017-10-12','RTEH T TY T','347564','1325432K',NULL),(7,'INGRESO','453YR3','346V324','2017-10-12',' GGFFG R R ','334352','1325432K',NULL),(8,'INGRESO','43RTVEG','346','2017-10-12','R JTYJY ','5435','1325432K',NULL),(9,'INGRESO','45RTH','4U6RTG','2017-10-12','NGF BVGF','867543','1325432K',NULL),(10,'SALIDA','R11141442709N071','R11141442709N071','2017-10-12','RTDF',NULL,NULL,NULL),(11,'SALIDA','R1551809040N071','R1551809040N071','2017-10-12','WGRED',NULL,NULL,NULL),(12,'SALIDA','R11695322304N071','R11695322304N071','2017-10-12','RWTH',NULL,NULL,NULL),(13,'INGRESO','45G7543','59J78','2017-10-12','R RTRYM T','65','900100375-0',NULL),(14,'INGRESO','7BU','7UB','2017-10-12',' YTB563 6','7564','900100375-0',NULL),(15,'SALIDA','R11350599591N071','R11350599591N071','2017-10-12','G',NULL,NULL,NULL),(16,'INGRESO','35TEF','76UTH','2017-10-12','FB  TFB','676453','900100375-0',NULL),(17,'SALIDA','R1494676638N071','R1494676638N071','2017-10-12','',NULL,NULL,NULL),(18,'INGRESO','543YV54','V5UV5','2017-10-12',' TYJETY','3247','1325432K',NULL),(19,'INGRESO','76UYTYH78OIU','O87IUH','2017-10-18','IUKB Y GU','7689','1325432K',NULL),(20,'INGRESO','456U54B','457G','2017-10-18','T TY JTY','5654','900100375-0',NULL),(21,'SALIDA','R11637943100N071','R11637943100N071','2017-10-18','35G4U5',NULL,NULL,NULL),(22,'INGRESO','INT001','REFINT001','2017-10-21','REGISTRO DE ENTRADA PRUEBA','4500000','900100375-0',NULL),(23,'SALIDA','R1263354569N071','R1263354569N071','2017-10-21','PRUEBA DE SALIDA',NULL,NULL,NULL),(24,'SALIDA','R11546550348N071','R11546550348N071','2017-10-21','PRU',NULL,NULL,NULL),(25,'SALIDA','S671781310','S671781310','2017-10-21','TR',NULL,NULL,NULL),(26,'SALIDA','S1733093445','S1733093445','2017-10-21','54',NULL,NULL,NULL);
/*!40000 ALTER TABLE `orden_movimientos` ENABLE KEYS */;
UNLOCK TABLES;

--
-- Table structure for table `perfiles`
--

DROP TABLE IF EXISTS `perfiles`;
/*!40101 SET @saved_cs_client     = @@character_set_client */;
/*!40101 SET character_set_client = utf8 */;
CREATE TABLE `perfiles` (
  `Id_Perfil` int(11) NOT NULL AUTO_INCREMENT,
  `Nombre_Perfil` varchar(45) DEFAULT NULL,
  `Nivel_Permisos` int(11) DEFAULT NULL,
  PRIMARY KEY (`Id_Perfil`)
) ENGINE=InnoDB AUTO_INCREMENT=6 DEFAULT CHARSET=utf8;
/*!40101 SET character_set_client = @saved_cs_client */;

--
-- Dumping data for table `perfiles`
--

LOCK TABLES `perfiles` WRITE;
/*!40000 ALTER TABLE `perfiles` DISABLE KEYS */;
INSERT INTO `perfiles` VALUES (1,'Aprobador',0),(2,'Administrador',1),(3,'Almacenista',2),(4,'Analista',3),(5,'Comprador',4);
/*!40000 ALTER TABLE `perfiles` ENABLE KEYS */;
UNLOCK TABLES;

--
-- Table structure for table `productos`
--

DROP TABLE IF EXISTS `productos`;
/*!40101 SET @saved_cs_client     = @@character_set_client */;
/*!40101 SET character_set_client = utf8 */;
CREATE TABLE `productos` (
  `Id_Producto` int(11) NOT NULL AUTO_INCREMENT,
  `Cod_Producto` varchar(45) DEFAULT NULL,
  `Nombre_Producto` varchar(55) DEFAULT NULL,
  `Id_Categoria` int(11) DEFAULT NULL,
  `Id_SubCategoria` int(11) DEFAULT NULL,
  `Marca` varchar(45) DEFAULT NULL,
  `Serie` varchar(45) DEFAULT NULL,
  `Foto` longtext,
  `Stock_Minimo` int(11) DEFAULT '0',
  `Stock_Maximo` int(11) DEFAULT '0',
  `Stock_Existente` int(11) DEFAULT '0',
  `Unidades` varchar(45) DEFAULT NULL,
  `Compra_Maxima` varchar(45) DEFAULT '0',
  `Activo` tinyint(1) DEFAULT NULL,
  PRIMARY KEY (`Id_Producto`),
  KEY `fk_Productos_Categorias_Sub1_idx` (`Id_SubCategoria`),
  KEY `fk_Productos_Categorias1_idx` (`Id_Categoria`),
  CONSTRAINT `fk_Productos_Categorias1` FOREIGN KEY (`Id_Categoria`) REFERENCES `categorias` (`Id_Categoria`) ON DELETE NO ACTION ON UPDATE NO ACTION,
  CONSTRAINT `fk_Productos_Categorias_Sub1` FOREIGN KEY (`Id_SubCategoria`) REFERENCES `categorias_sub` (`Id_SubCategoria`) ON DELETE NO ACTION ON UPDATE NO ACTION
) ENGINE=InnoDB AUTO_INCREMENT=7 DEFAULT CHARSET=utf8;
/*!40101 SET character_set_client = @saved_cs_client */;

--
-- Dumping data for table `productos`
--

LOCK TABLES `productos` WRITE;
/*!40000 ALTER TABLE `productos` DISABLE KEYS */;
INSERT INTO `productos` VALUES (1,'54YTGF563','PRUEBA P 1',3,6,'PRUEBA M','PRUEBA S','C:/Users/Msi/Desktop/Imagenes_Prueba/P_54YTGF563_1.png',10,200,0,'Kg','50',0),(2,'345HGF3','PRUEBA P2',1,2,'MARC2','SERI2',NULL,0,500,0,'Lb','80',1),(3,'FGVH485','SILLA',2,4,'RIMAX','7546HH','/9j/4AAQSkZJRgABAQEASABIAAD/2wBDAAMCAgICAgMCAgIDAwMDBAYEBAQEBAgGBgUGCQgKCgkICQkKDA8MCgsOCwkJDRENDg8QEBEQCgwSExIQEw8QEBD/2wBDAQMDAwQDBAgEBAgQCwkLEBAQEBAQEBAQEBAQEBAQEBAQEBAQEBAQEBAQEBAQEBAQEBAQEBAQEBAQEBAQEBAQEBD/wAARCAKAAoADAREAAhEBAxEB/8QAHgABAAEEAwEBAAAAAAAAAAAAAAECAwQFBwgJBgr/xABUEAACAQMDAgQDBQUEBwMICAcBAgMABBEFEiEGMQcTIkEIMlEUI2FxgQkVQpGhM1KxwSRicoKSorIWQ9EXJTRFU3PC8DVUY7PD0uHxGURWZYOTo//EABkBAQEBAQEBAAAAAAAAAAAAAAABAgMEBf/EADERAQEAAQMDBAEDBAEEAwEAAAABEQIhMRJBUQNhcfAEEyIyFIGRobHB0eHxIzNCUv/aAAwDAQACEQMRAD8A9U6BQKBQKBQKBQKBQKBQKBQKBQKBQKBQKBQKBQKBQKBQKBQKBQKBQKBQKBQKBQKBQKBQKBQKBQKBQKBQKBQKBQKBQKBQKBQKBQKBQKBQKBQKBQKBQKBQKBQKBQKBQKBQKBQKBQKBQKBQKBQKBQKBQKBQKBQKBQKBQKBQKBQKBQKBQKBQKBQKBQKBQKBQKBQKBQKBQKBQKBQKBQKBQKBQKBQKBQKBQKBQKBQKBQKBQKBQKBQKBQKBQKBQKBQKBQKBQKBQKBQKBQKBQKBQKBQKBQKBQKBQRkCggt9KBk0DJoGTQMmgZNAyaBk0EZP1oGT9aBk/WgZP1oGT9aBk/WgZP1oGT9aBz9aBQMn60FQP40E0CgUCgUCgUCgUCgUCgUCgUCgUCgUCgUCgUCgUCgUCgUCgUCgUCgUCgUCgUCgUCgUCgUCgUCgUCgUCgUCgUCgUEE4oIyaCO9AoFAoFAoFAoFA/Kgwr7WtH0sZ1PVbOzH1uLhI/+oirNNvA+L1Xx/8ABvRy63PiDpUrIu5ltXNxgZxk+WCB+v0NdJ6HqauImcPlrr4uvB22d44rzVrl1YIFjsGUuTntvIz8p/8AnOOs/E9Wp1xqz8aPhbgeXpHUbMxIC/Zos4BYZ/tP9U8d/qBWv6L1DrjOsvjC8IboRtP++rRZRuRpbIOGXjn0M2OCD9QME4BGc38T1IdUfT2PxGeDd6dp6zhtjkD/AEq3lhGSAQNzLjOGHv7isX8f1J2XMfY6N1h0p1EiyaD1JpmoBu32e6Rzn6YBzXLVo1aeYrcVkKBQKCoGgmgUCgUCgUCgUCgUCgUCgUCgUCgUCgUCgUCgUCgUCgUCgUCgUCgUCgUCgUCgUCgUCgUCgUCgUCgUCgUCgUEE4oIzQRQKBQKBQKBQKBQce+IXj14Y+Ghe36h6hjkv0DE2NmPOnGBk7gOI+P75H4V00ejr9T+MS2R106y+OPqW6nuLHorpqz07BZLeS7JuZpnG3gKCqD5x23V7NH4UzjVWbr8OHepPiH8W+qdzXvXepSJhHaG2nW2iVSc52xbTwGjHJGCwz749Gn0fT0cRnrfDTa5eXkcr3dzJcT/eyKZJC7y5LHIPOSUPODnLLx3FdsSRjKydbBIijjWdoJB5rYbaqiMKW2kEqE2uhIAzt477Te6sb98OsiOHaGQtsEjDfkkktkA4ygI9ztDBSCQoEzvDtULrqRRxrJaL9oUNIkSISPKx6G3KMEYVgM5GM/QBF1boW+uXMkzNcXAWd0lWIo8YJ3xp5cmRlWJIbsO3cjuFuTszl6pLbUO0+W8LSyINqs5LevPCnCsrZztIbjPcrqztF4Z0PVcMgNzbO0ISKMKI3dXWQKhZAxAIJPlgA4O45+bimZYd3JXR3xC+KHSDxLYdU3c9nG6MYbyUXUJhK8vz2GQ59DDhT9OeWr0PT9TmL12OwPQnxlaBqVyml9d6K+lzeWHa9tD5kAywU7kPqXDMo4Lcn8DXk9T8K6d9Fy3NeXP+g9SaD1RYjU+ntXtdQticeZbyhwp+jY5U/gcGvHq03TcVtsqyFBINBIOaCaBQKBQKBQKBQKBQKBQKBQKBQKBQKBQKBQKBQKBQKBQKBQKBQKBQKBQKBQKBQKBQKBQKBQKBQKBQKCkmgigUCgUCgUCgUCg0/VnVvTvRGhXPUfVGqw2Gn2oG+WTJJJ7Iqjl3J4CqCSewqyXVcQdKPGD4u+ruupJdH6BluOntCCyO8yttvLqIDktIufJUk42rhskerGcfR9H8OTfW56tXh10n1JGV5BNIFFxGrh2VpGkzHud8EqTuRT5jdxxuyMn2SSTZzuqrDag6QJa3Ilkt5WbyWJ4clRIhkkIwVxtG3IJySCoK05GDd6oTILi9AAtEMw8xSpYSBc5ywxkmTvhjhmPuVzdUWMI3b2yCKH0GdpEQSv5wj2oW7D3LMeO4OSFBB2zqxMmMrC3123mRFmjjt1imw6+YJWDYGBjA3PGTgDncuM+WGqZ59hEF0BJPGbiNrUOYjKUWQARdz7rj1Ju3DBPp9O4CmbLg7LYmudhCzuRP5kkrRtwiEsGRSM7GA53FsHcAc5GbPAokn+yR20bCDzbjymkcbUSIsdxHBw4yDu3MTg47jNZ32/svypivkguPNgaYy2sq+XtfywQUQHag57MFyvGARk55ucFjZ2GuXauHjVnmjlYSlwQxeN1IAXjy1AdiNwBXacYOQLKmN8thBqyxxxrC0YnZmuY2jITbuJwBk/3gBtwDgjjnmy7SlbuPWRIfR5fkwzSRhWUs8kqlVjcjsE3ZbHJ5b5sq1byfD7fo3xE6i6KvYeoelL+bTy8SXKLA4JnjIxtkUgBvVt3bgcZKgnbWfU9OepMapkmrDuj4L/EboviI0HT/AFCsel9QSeiJeVhvSFy3l55VuG9BJzglSRXy/W/Hvp7zeOunVlzPXmaKBmgqBzQTQKBQKBQKBQKBQKBQKBQKBQKBQKBQKBQKBQKBQKBQKBQKBQKBQKBQKBQKBQKBQKBQKBQKBQKCDQRmgigUCgUCgUCgUCg0HXXXHTvh10ve9W9UXv2exsUycDMkrnhIo1/idjgAfU/TJrWnTddxDh51eMfjN1R4xa/HrGsSPbaLbhpLS3ikbyrKMuq+nAw827AaQ+5IGF2kfV9H0dPpz3ctWrOzi43rKwQRRuvmBpkbHmBE3MUj3cn0yIRgY74LcA+jPdjnatbLL9oV1+1xiBC80zHa0jbgQ2QcMc5cgvjcAOQSprN22i+9YdzqKmGG7hxHLHEFmcnary7wwwx7goHGf9ZQMKVrF1bZNmLuns4JolYbonWKQqHVAwdcMN2QWIVSM4bPtndRWLdXQluInXMyOI0eNwCzBHUSLkerlRHjb7p6eRzM77/fJhdmW1b7Gj24eRY5DKskZZTtJJCkELggTcDK8jPLHEt4S7crcYv29N0UuJpYzIr7l8raqKpDEZQA7sDIHf8AFTVtndeEzxBYUku3WS4KCWWQpwzMqGM+wIztJ7LwN3YVnfukqJruWRmMrxxtLcM8flshQouQobHpBU59TH0jGMnmtVVcLR2tysurCMrPvmeJVy/lkkj8WO7acH0jOc96mc3c4jDlinRlt55AvkgM8pJLAkspJGCxI+7bLfjxksKlt4GVHfKryxTOYFkgWMEgFycHDEn1EcDA5OP7oGRvabphsNG1DfeJJc5XLRr5kY2BSFYN2yB94G5G7hwoBBG1p1b7/ftOG40jVpprUQ21us5cEqG3spCY24B7H1QYxvIDEA8sBvTqzslj6+w1u5+0LdaeZHy8p89ZQphcH1tlcDcD7k/Kc9lXbrVjBHfb4avGZ/ErpttI126Emu6UuHkOQbuAHaJu2C2RhsZ/hP8AFXyfyfR/T1ZnDtpuXNFeZooKh2oJoFAoFAoFAoFAoFAoFAoFAoFAoFAoFAoFAoFAoFAoFAoFAoFAoFAoFAoFAoFAoFAoFAoFAoFBQaBQKBQKBQKBQKBQQ7Kil3YKoGSScACg86/iY+IC48SetZLPRLwHpvRC8OnLFuD3ErcNcY4DFtpCL7R4cEZavqfjel0TqvNc9V7RwFe3W+NgLkLsO2NY9roqK6FCScb1OeBgZDjAG0Z9HE2Y5YF3fKixwWsssSShmy0mVXewADAHDZVFYgf3M8o+BL/pIx0vEeSHzJzABCjMY/usvIG349hyQMqODufBUtmZ7qx5P7KY3JyJI/MBiA+/PO4fQFgxIK7vnONzYqKxprpdOa1yTEm5LiZpHLMrkHLZX07cxoDt59JAwNoqcdzGVMSxXEyT3MzYneeMpEVCO+du1SPWMqo9vrx6iaSZ3S7RQyqsLh03NLJwgfazIEJKtt4Khs5Hz5BwMGrlVx7uWSOKZpB5sRjgedskgcb149G5UPqOcHJKYJBM7Yp3URwiS6Cs8pRmG2QMmQoZx5g5zjagOD3YE5wTUxumVBuBPKs+MwrHJKsUnMgJDOu1uNoLknJGTnDA4q4uV7pZDc2YBmidJSQ0b42AMAwOV9QwdxHGcABscVLwC2kN3LDhbghoiJNoTMLAcozEckvs/u8LjHLEU4UJd3F4zWcrxFrm7jViMt6TgB0JwWGHIy54G3GBmpnOxxEwM8Nq0qLO1ypZmVY8bH3bmAUY2vy+MHsQB6Ry4mS7ttZXkdjftJbzo0SNIA7ASRCM4XKMfmOY1wSMscIfm3VuXFTmN9p+rEK6mZoxHtVGJMzEzE7+3cgsCUzxlgS24E6l7xMOTvCXxGvehOptO6rilgjlszCrREldyMp3xZxkgqcds8AAcCs+pomvR03ustlemHT+uad1Lolj1BpM4ms9QgS4hf6qwzz+I7H8RXxtWm6biu7YVBXQKBQKBQKBQKBQKBQKBQKBQKBQKBQKBQKBQKBQKBQKBQKBQKBQKBQKBQKBQKBQKBQKBQKBQKBQUUCgUCgUCgUCgUCg6/8AxleKh6H8OF6T027MOrdXeZZh1YBobJQPtDgkjBYMkQP1lz7V3/H9P9TWzqvTMvO28mLypDJD5UrK3khQQFI91yTwjOCABwFbbu4z9S9o447tY98s0EkNw/mgMrPKuAw24IYkjcA3oI9xsJIOGFLfK4Yuo3SLulln2XEz7xlULxoSTwVXjgPGNuOC3YBQc3NuVmFsSRidrcQ+UkkZjKEjGQygD1/RmIABySwyQpBDONhbMkSsXuUPkzFXgU4cwMVwTzncQDG/Hp9A4BwanwnwsXEaEytcTZDhgyiPBRlLhXIQlSVBHI5GCcZC5apndeVatGWiIMQuZI0ZJm+8DSOwG7eTlsbZCCBtJfA5wS9hZVZpZt1o6q4kPpZkBVh6Mg52AKHwWXOCAOfZ8JVrzYDYi5iby0EjeYq4CyH3Q7ePSACc8c4UnFZk5avheinicq8EW2SRBlQkYVo1yWOCRwxDjPp4YAkgjOpj+6XMURy2ckjbEEyRkLF5bBdzE4L/ACgEtlFy3sPfO2p2N0SIstuEs/7VYyi3KEYQDJQkg7yAqY5AZjuJ245e0NkLJDKu3yUSXcFuQYAxLnIxkEbMEOAFI/tR6e9Je8KiFInlt0aXzd4UzhWP3zRhSr8AFxwQAMEbuSATtmO0FSGH93ERIixmNC2yP1KzAEAnJOdvlqMZ5yApOSLz8CZEZmCXsSiGSbLMMlXJ7jeCN+UQjAJBLKB6ialuNhtLa8b7a5vZI3lyCjkkuu7JUHZyWyWVhjKkdsgVq5yPo9Ju0S3aIy5trOMEuhbcWKgM2CpGSvlAYAB3EAHLGtzVjbsld5fgq8UZtT0y58O9Zuw08Cm909WyCE482PnkgEhgT3y2M14vzPT3643ovZ2nFeF0V0CgUCgUCgUCgUCgUCgUCgUCgUCgUCgUCgUCgUCgUCgUCgUCgUCgUCgUCgUCgUCgUCgUCgUCgUFB70CgUCgUCgUCgUCg81/jA8Qh1d4w6vbpeEWOjGHSoJEk4VIy3mj/AGmldzgZysQBwOR9L8b0+nRnvXLVc1wHe3E0bwXJtkRVQjYwTDR7fUWxjBEeW2gkkqnsQT6M7s42YEMUpYRpJLJDMNozgO8akKCFXDeYNhJABBBJAIVVMzvlcKD599arFcFhJM6xznzi7YJJJC+oklyV9PzAnjnLuZk4T508uy5V/MRiWIW4VPS3KFgpyoMmcAYX3GC2+pvq3Fpi6yRiNVDp6bhV9KLMhCAAHCkbEdsjgMM8EjK7Yx97JGHKZZYjGwmS8EEu5S6iRQ7E7l3Nw2GcEZHCEEnDGos5ZU6RRsJLaR2s42QI0a4WUBjlXJAG0AFs4BzkhctVu92J7rUVy0d2VZFS4lbzJmaYoiowDMd5+Y9wuAew+Y4ancY7RTSJ+75VaOYTExbShBcjbKG77QCBgkDJ3E5HeTjc914G4jjhkIzH8hImK5XDMqsVJCuGIBwchRk/McXHTsAQpcGWKUCTCw24yvqVQHDM4xsJzyc5IAyABkTjaHZU0CKWinTy7YsQ03mklYnJVHjVOFOScFRxyOACGTTil4Y0T3ahHktJWUSJLIUAz7nv3CgGMjHu5AwwOJM0zvsWqQxwR3BfckMZ+y4xtmJYhz6SSHIVcjv6/fgNZ7icyQQSRyQlinlSMxXYsZQAhAQNxXd6QVwR2BPq3STbcVSDzbSMwWkq+WcW7+SGMzKCVCqBuO44UDkZkYkMchbbbCTFXbZpZL8ahYobpBIZfu4izYIMjxhuQCq8gkYbGforLJeF9m40+SJcJIhuo7XcRHFGv3g24O0qcgneeRnIU+/bUve9ma5N8LOrdS8PepNF160uFF5p9zHKwDehyTtZTxxuDhQCMjnJ/hpq0dem6asuLl6naBrVh1Hotjr2lzCW01CBLiFgf4WGR+o7fpXx9WnpvTXabtlUCgUCgUCgUCgUCgUCgUCgUCgUCgUCgUCgUCgUCgUCgUCgUCgUCgUCgUCgUCgUCgUCgUCgUCgUFFAoFAoFAoFAoFB8/wCIPVEHRXRGt9V3DhV0uyluFyM5cLhB+rFRWtGnq1TSluHkL1DrU+qavc38/mOb4feCM5nMglBDMpzjc4YD2LAexGfr8TZxzl87JNtQo97auAQWkjAKplRuZRgE5Cs3HPKjgsGEs3xFXWuFiuIpwEbMrlULgSEgN92M8pnIH+4pGBtNXn9yTwsMXkuyftcJcuJMsRG29G4SPHIJJVAVPIPG1V5m3YUt98rQOqxxNGkcUW1QfLJXBCgEbMCQjOeGxuOTtYyZWpi4MgSEgK8plifBhR+fvAxypRWyPSRltpHBXE+QVozl5buMRTldyTDEbx49GclVypYqAc4KkDOOLiZ+/wBlVKW8k2ckYRTiJ2kwzRMhLOxPLMQFA3ZBywUBd1JczdGPL6ooZpJmtZI448zct5hCZUoAPmKjcAMYGAAe9TGdl44TGV8+RZZYAW2eXtPpQeYScuOFBJUZOe2eOBTGNvvJyrSRhDLZNPHGHlYMY4lK54Xyx9AQrNuPGCcjuK12wZ7qIXM9vuVVld13AoRm3IXazMD6QSgYscZIU8ruFZx2hjyHGfMZvNyIUDxOpfk7gsfZjyUTO4gYJ5C+pxMjHeHe2weU5lRgsojAa4TcBlVxkKUIADcs28Ej1E2C8LiNWEhkSd0OwMO7AAbFdN244ITaMYyARv8A4s+BSSVKy7I4keKS2dQcuyqgQuWA5UNtUkY3Kn0yS+BQBcDfgRzeYVk2ELuGGYDeBjB3Mq43cMCPamFjLhgmaCLyWWaPMSRyRSHYr4U54wc4yeRjDp29OLJmMti1zcXtwGhjkdp1ZYxG58wMw4LYPpPB4+mcFRwbZneEfR6RqE1tcL5csm5Xaa6QelEbBVxgejaAjEdzxuyd2K3lHfH4JPEybW9B1DoHU7xpZdM23djvGD5TYEqAcEbZPVyB8x+ma8P5vp41TU6aL2dox+JrxOiaBQKBQKBQKBQKBQKBQKBQKBQKBQKBQKBQKBQKBQKBQKBQKBQKBQKBQKBQKBQKBQKBQKBQKCO1BA70EcUE0EUCgUCgk4oIoOtvx39bJ034R2/TqzmKbqLUI4TgjJhiw78ZGednY5HfnBr1fi6c6urwzq4ebs1xEb+4jnjKKzREbWxINzhPQdxLYJY4zgqvBUgNXurmwZLl3hxJbq/2ZXEyKsa54IIHGAN7ZGcnfjHq+WdtzOVaGa18vz44mhRmglZhkAYDOXyCVDHHpU8FBggjAspeVKzyh40sjGI/MUSNGAyYLqCxIAK8Bjjj5sDHAM34h8py1pZeZOxe1jgw6zBObk7myuQcsQP4ucNz7A3tkWppEJljI825klPkODktKHUDapXnO5TwoyQBgg8LzTHhSwZoWOnxRnEabxGylFTPIKAYYhAASynAwfxqZgrkSWZJYt4knYEq8oGcA8EFskYIl3eon0nBwOLM90qmK6RfLureGMyqsQkCygudysduCD6kwgJUAY5JU5qLFCidrtZwUV1PmxzpkK25wEIUYYY+ZRzwPlC8UOyqR0tYjBdxxrLEzRRxufU0a5wVO3G3epwOQd5GMekr7Iohmu2IkuJ3DRgmP0gO33Z2OM+jAYxgcEkkYJNLzlUu5cJa3DBrhGhFyY2HmOxYYLEKMOoKk5fHpAyT2XjBOcrAktnk89YYfs3lZbcVYblQFgHZeTsRgATnDMxyeWkxj74OF2QXalo7mMhAkLHuzFRjeS2PbbM2GOFxJgqRmm67LEwRQXeKNYXt3dtrKgYKoJjU8+o5QDPGQVIweLUXmlKyTWrgSBJiHZ4wGlQkkk5bcSyLzuI4zkgEs0z5Ipt5BFFHJcQCRfu2BlXLOHUhPT6WwF3c9twypGBiw+GZdTQ2jTIIRKFLjEjb1KhfZgcFsFRk4Ge3BxUzjOTlutNlnMtvbtEg33RR0Qt5sQ2Ifu9uBuwffJ9IBAwSdzM3S8ucvhx8QrToPxU0jqG6mZbRyLS5JBb/AEeQeWzZPOE2g9gPTx3Gc+vp69N0rpuHpsrAgEHI+o96+Q7K6BQKBQKBQKBQKBQKBQKBQKBQKBQKBQKBQKBQKBQKBQKBQKBQKBQKBQKBQKBQKBQKBQKBQKCD2oKaBQSRigigYNBODQSB+FAoGAKDzm/aCdaz6x4pW3TFveBIen7SKARHJWSW4BZycHuAVHI9uM9q+h+Npxoz5c9e9dT7i/j8sTkkWyK5QNEJA7bmVvQflG0OcE4ORgerI7WzDPsuXn2tkZljbzFC/ZzHOxCnaQhyAeAynn3LE7s7gbc/8EqXERRZIrcxo5beFYuY4kVt/HysTznO3nhs1BUsi37omEMdvFIqsxZo0iBGSxU92Z8FScAge3bWfCRYdF8k3KC4gjR0iVnHqGWiJAC4ViTtb3JwQMkZqc/fhVAG2QabNLKfMuMK7wjzW8wYHAO7AY8tnK4UKVzinOxtyrNy16sZlgGVLXRO9nydmXTODuIxg849I9IOTTa2VFNsVj2yIJPJaRfJSVQsYZtxJ9ODhfLHYAjP8OCKTbdbN1u1ubuRZLeK4ZbiSEyySTsRlgFMm1h6gCNmSSMqHOAcCnIqJiN5MjFfIl43McbHcFt4BOC2xivf25ODgM4u6bsgXM9rMrGZhJJKyQeSGEaruRG2Z9QcnDKvbBAPOWNnO67xjGKGztYHVCsskaiAouGRS6KGOTyCNhwu3GX+XCmp2kOeFMqi0LhRKn2RoGMMKhowNrYU7sjhWkOCGBPO3ByGNk5ipbxljlvIgspMzqQhO0Mo81VT/wBpnnGc8xjuvpW57mM8KJFijiM6xSq/nSTQCL1lNvBUBlxgbQCBj5SMAfLle6kzSRRrBGGjVJCJ3V8l5FRSoCfTcQC+c/NnsFq3wfCZJC1ukw2x2otxt8sj5dw38AcZJQkE8BQpHAzJ2FcLXbQrcRowlcorLIAFac7cjHyshGB9Rj5e2HJhlRJBF5MFi0SB8okqJs+0blZcZYZ2KM7g24+4zxjW04OeWXbyiOc2aTPJuB86E+4LPmMg8MvDAlQNxTHI2EJdxvtDvfLUxu0EgMUbqYmZVUAAO0h59iWYtzhxj5qstmyWPVH4dutT134R6Hqk0zSXdpGdOu2I5M0PoJzk5yApznnNfM9fR+n6ljtp3jksGuKpoFAoFAoFAoFAoFAoFAoFAoFAoFAoFAoFAoFAoFAoFAoFAoFAoFAoFAoFAoFAoFAoFAoFBHBoI5HFBGM0FQH1oGAKCaBQKBQQaDyb8cOpE648VuuNSVyTNqkiWxZ358s7UQA/LkJgY5JY4Vjjb9f0tPTok9nG3dw/bQRm4azMxVS0iRkldpURrlgeAMh2JPpC7SV5JSrjfFT3YYuLqRUnW2knkbZKGMpYowKhSuMAHdlfURjA9IPfM1d1wuwo8l16EDReWG+0tIq+XGsnBBztzlnBPOe3Y1eNoIA+zgOts0rkhf7SQvAgL7uByv3ahufUcHPHaTY3PLV28m1tIZTJKCXAKbwAx2Eg45UL6V55B+bGLNuE4VTJ5VrbQQIkrxb99tuJX0giFtoHO7sPc+Z6sblpxMrysRtIPPhyZXKMghLB2KH1oR+GNuQDkMmfY0hYm9ZQGlt0SUPGUKqhA3DOAAvbKCQDOTlExtwtLcXCK5oovuY0ffLLPIFR5NrFThlYEKfSx8rk4UlwQFGTT3iz3W4PNkYobdYluWBtzGoTzcq+A2T6iY9oYs3O/B+bFM5+/ewoS1dLeMXwS3DIr7VLoEt8OuWAByf4f4ieQcE5aZ4MIuBtEy3VkluJGRFUQ+mTCgupUnLHeRtA9RBHOO97/H2iqGAi5E+oRLDBJN5ZJOGWMgK+AB6RnPAwx3nb34Z3wSbbEwuk9e6YsS8rTLKUkeMMfmY9ztMb8Z+U5JIapdVQWOKXdHOsaxeUUaZFG0Adyjdlx6e4GAq5PC1cY2XvsohMk8kSTo0cn3bPtDMGk3epircnGI8DttfkgAMMy5m5wplKRLKkvmzpG8ltGouRtUZYk5TLe27GQpwSSwGRZex7pNw7yxTxQStLOzY2DYUfarNuI4JUhcDPv2xkFL3MMqEtY+dcfeMI2bayMqbn8vdgkctkMygDON3c5pLdIyI5IoInnhZz5sLbdshw7HcxDJ2bBOMDCjJ7nGLJ07l3b3RSzWlwssL+XZxqwhnbL+WcoVQZwrAI5AHOcluFJrWm90viO+fwD9SPc6Z1b0xPKS1tc297ECPZlaJiGHDDMa9uwI5Pc+L8ybzU6aOHbPtXjbVUE0CgUCgUCgUCgUCgUCgUCgUCgUCgUCgUCgUCgUCgUCgUCgUCgUCgUCgUCgUCgUCgUCgUEUDH1NAAxQTQKBQKBQKD5zxF19OlehOoOo3lWP8Ad2mXNwrMcAMsZ25Pt6sVrRp6tUiXZ453l7JdarvKnzvtoAdyVWFuGOQMkA+o4A5JLcnt9aVyXdSsYZtItdSS68yWUKGhROShYqW53biPMPBU4yv+u1bunbP379rMua+ejuPseoyx+azPH5sRwrr5KpJkFsHnG31AZxkbc8iucuGuVLPIltPDE3kLAghUSoMsGXeMhDjBwo7Zw3IyuAm3BjypWUW6C4+0bcSYUbMlSEb053YbAdu+RuTnAYGpNpsLkDGMxGFfIklUl1Z8ooWQRkEnGBnJPBC7ck4JA0i19laOVrIMUZk2871iJjGVynzL3zjBySyjnmpLhVGLeGxcieedLkrEBMBv8tSAvoyfM4O44OMhe4wA4hyl/wDTtR85mhtka4UFlXzVBKMd4cenJ3EYxjITIABFLvunCnJG9MXMaI6NEWPrZt43hVJwznaMkHI4bJzinHAhbpIrGERRASW8RaNQR6s/KWAHrYhsBf8AvBk5G4gtsY8HNJwGlMUF1NJHs8r7tBgnjAUjGeJWDHAGMHPqIpfFVWJImu/srTK8Elw0c0jhYlzkKzqVABwU98gZIOc5M+Uwt27SXdqZGVFiHqEfl4KKfScMMBQCoHBwCzKewzc5O6oxQSC3d7m5VZc2zOqeY6gYDbiMDGxcg8g5zgAZExnCrUt4iRXDMqTBLdVQOQO2cYP4FTlF5BJyTtIFurEOVccEtu0qy3B9MzQoiqy+YwHYhuQMop9wSzEjGAZ0mQO0c1pJGWdpvLlWIJtd/MVstkbRn7wbVOCf4gO5c7mF9Z5ImxbzKCxkvmlMewSENtbGeXxuPcZyMYbfuam3CzYRSNCzRz20ZigkjLCQ4jUELuTAyV3LkD2BLY4OJhbtszoHaa5nu1GC8gRgvqjZnY7ORklQRz7HBbjgVZUbywb7PKl7I0MTERXCtkScEIvJA9IztOQMEMhxx6dzzU5mHZ74IuoZtC8YItJuLhTHqljLYEM25w2BImcduYzxltu4DOa8/wCVpzoz4b0V6FZz7V810BQVAg0E0CgUCgUCgUCgUCgUCgUCgUCgUCgUCgUCgUCgUCgUCgUCgUCgUCgUCgUCgUCgUCgUEUE0CgUCgUCgUCgUHB3xm9QnQPAPXI0J36nJBYgLt3EM4ZsbuPlQ5zxiu/40z6mfDOvh5XBJTfo6RmOR5cyMEKGJ1IIG4/IDtck+ocAAcc/QnLn8t3ol5FHpzoTtt51855S7kvz+IGPu1DHPHrJLDIB6ab1TDOqY4aPV7Bbe5+x3KPHHFK0pbfgiPeXHABAVUDsAO2ffcKzrmF03Zr0AfzUvIxbzbT8rtEqBwQp4yASJWbOeNnOcHOL7rNl5RIFk+5V44U2KokYbnI+U8AjMgUEf3Qw5CZq5s4TarccFqJYIsM4cMr4Uj0tjONmdxyFAXng+raMLSTFW1RMUQpBOXNkyDzN2d8cisSwVsBgpVpBlsDd2AOGMl8p8DeZJIqytDJbkETKm71r6CD6+/OclTnAPI71bv9/usW40t4483JD5chyGO3y41YDOzAAOExklvm+vKXYwuXMVy7eZLw52ySxEkBsOGLKBy/qBA2+3YEZIXz3SbbKUWTybpkHk3OQJUbsO5KkZIyzOu1RjcQ2OMCpzbF5EktmhSS0jjR0UrCfJDLvbbtPf+HETHuVJJwRmm15FMkdvbTJHLJCip62w+1wwI2ruJJwoDkjOeVBIKnCZ7nIkNuylljn+fYgiHqXOAuSCQCHc+xCjapJJG5tcSorRykRLGBr8p68hwkmOcgKedx8o7sY9LcDBzZtzyLElsJPU0yPIu6LPpJMLF+2/HI3AsW9XBzjDVnDU2ZQRhM5hQuZHaMuZJGYhMY9JALZdnAODkKOBg4uazhYcSRoYrjMnnru80erzQA25wFyGzu2kn5vlJzk0/hsvK4IY5Jo4p4z5RjWESK3MhXCPk4w2wk54Hv370wcK42MsgjYrNJcyGcL5qMX9YaNe3uzf8q+kBXq8G6/b2EF3umR3lj5ESsrEzBW3BgOPU4BOAoA3E/XdZvulvZ9GLiOIswvBdRl1d4vMV9sbEl5VYDCgFwdxHq7gEYIt34NnJPhRrsnS/X/TesRu0rWWp208kyupBUMqtwBuwoO3JLAgHke09TTNWm6V08vVsMGG5SCDyCPpXx3ZNAoKgfrQTQKBQKBQKBQKBQKBQKBQKBQKBQKBQKBQKBQKBQKBQKBQKBQKBQKBQKBQKBQKCCQKBmgmgUCgUCgUCgUCgUHTv9o3r8dp0j0vorSBRLd3N4+5gB6I9i57n+Mnt7V6/wAWc1jXeHn/AGcW/VUEWGeF5rhWBGSoK4C8HKgFSQc4P8QIGPbzWGXYywiJ4LebabmOFYQvMiBX9Jl9e0gbR6z3xnGFxSbzBvyy9Xngv9MivERmNlL9pkkDExlTl9pKtjcAXGcDLYxt2mt6r1afhiZlfNSTLa6r9ofDoGeSMAgnaxd+AMLuAOWUkfx843E89XO/3lvtsrYxm3aOf74WQaMKqk5+Rcghie6KTjghT2yQHCYW7qzENqIZk3G2jjSVlBdc7TGSxGMZDEkE4AI5+ksysqbiQ+RGLk+WRLt8u4K/KCXE20Y2qACpK+kckYPNO25jNUuUmmAuIZIphPD5UewoMhAgj9iSpbPJ5IwAxJIc3c3GiVbNbbcY5HWWWQtGd0TsvrRo8HBOVUgAMfYcjC8CGuITd/aBayLIdnkxqAC2wbA2wAqM7n5ILL5bBcjAC4OVDo0Ml2ksHkI+1nk8obUkTDBTswvq2ugx2WPd68Uzi0RFDd2lisjQYELthhEFAcqA69mBAVncNwMbv4gxpP28nK60SeaJGdYkj3uzzcl2kyGQ7QrMRuLDj+I5HsL8ottDNaTyTzadM8nomZHURp6dpcMw59PlrnkcgEAAKpmMVc7LWARciDfdkx+WLlIN5kGApYYGCdzhTxwVAyMGnFN6vJGl021WAhkuVlclTtQiMlFY8BMY4YbQf9YgUwcLjzoLiSYb3kkE0XlqvmSEkhWJPGQWPY45BCjuaoojlT7LNaFnuC6nzTG2/AVQhBZGAydoA9OPWpOTjKTbAs3JEkEMkYhIVBC33qhVkj3qc/WMggAkgHJB2gU5majKh3sxiiyguzuUyb87QyAqSMYG5TkjjlyQN2AkO7I0+3hW2kZoZI4bvcIsy5KxhMDkDOQ0Tk4BB4C4bDC9itxaXzTpJKJHmYw/aJDg7RD63YAkn1YZdpB24zwVAYp7lb7SbpISIYpmRoi0jsrZMj7l5APIAAxzk+r3JJGu2B64eHOrya/0B03rcxHm32lWs8m1gw3NEucEd+c18fXMarHd9Fj8ayGKAeKCc8UEg0E0CgUCgUCgUCgUCgUCgUCgUCgUCgUCgUCgUCgUCgUCgUCgUCgUCgUCgiggk0AUE4oFBNAoFAoFAoFAoFB0I/aLa03/AGx6b0lAJBFpxIQqHzJJKTtCkfMdinIzjHbOK934s/Zmuevl0kjf7gwy+YibhcDDbkfduy23PDjcADhQuxSRkcd+2zOGxF60kkU1tCpNqS7qeVMZfYPTwH7vjn1BdpGFOdnDZaZcXEe7yS5tyzR7kbDYxkAKDjfynIB+bscHOtNZs7NHqkN1p8gW289FkdJYwspVi5OBuYfngg4PYfUHNmLsvLEu5pLl82cEjR3KvDF5GUZiQAGKgHb2IwQOBxWceFi6LgC7Z7cSMV8yeY/II2O7f6QQoGEOADn8W3bavVipyxJgsDb5ny6wReYkgJdoQMMYwTkkAnChudrdwvMu137KiRnDJ5ioph3xBJWLEOSVePJyQSrDnkctg8MaXjYyuyTGzaWcWzSRJukkAyy+XtbIUA5wSxGM7iWOMEDDil3jHLypmyuJY/Nt7htjFgYySFMgLYHIZSCffMYHHNO+KTylfPjMPnvbsIlCedjGSquihMYIAYMTgAHac54FTGOfvIvIXtJJ5HxE0sMf3iuH9PLCRiBkqAvYYwQvcjNax5Fu3EK+Z9pUGFW8tgpHmSIzrIG2ggkAhDjjkru57sScmexFHdTQp5tsGkXzJJEjVRscINxOOU5djgdsHAAwKmLUImkZ0ZAZVURqkxyFiJOwh+Rls+XgYK7TnPzVZ7rVEG7ypCUVmQ+eDGAJInLhmDcYbJ7Zz7kDtUuRkyzNJEsVrGwa3zNEJJHQbVYIBy2Tl1AAwGyHA2gsRbvNkx5URvJG8kljukiklJJIKn1BiMqCASNyEDHBIAztNTnhUxIWxMS53DyGUne7R7FXjIyMkcZXGFHcZJs3SplmSeGOWS3Yyja8sufvArHKliF9RdQOeeO/96rjO/dK2cd39ndf7Y3jja8ecSDB8xCfdi5aIE5GQUCglcVbcLGYkwubpYQgmdZ5Hiix6Sew2cLyShIxke/bGZ7DZ6ZdGVLU2mZVM4m3dgpOX2A4VsZZxyQSVbGfVV9zd6m/C1q6az4E9LSrc+e1tbyWjvxnMcrrg44zjHbj6cV8v150+pXbTw5W71yVPc4oFAFBFAzQVA5oJoFAoFAoFAoFAoFAoFAoFAoFAoFAoFAoFAoFAoFAoFAoFAoFAoFBB9qCmgqFBNAoFAoFAoFAoFAoIPag81/2g2oRT+LjRNMEFtZW1vlAN/bdu5zwpPsM8YOOM/Q/H29Ny1cuqcE+ZsW6tIZZGCr5hwBhRhhkIxy3+qVZR3yBXfk4ZBkjkhhuyZGIaNyGZ2UAAMuMKDhSQp5/iJwSSWb8xNs7tlHGkN39nkgknYbogzA+YJQ7FkHl+nO4kg8khjjAOFsuNkzstaisT6b9rVPMWF0aYq7Rgnb3bGSQXbgj2AwdoAPS7xnitLfOto0yyK7Nkj7xmVmAQgMCAMttI447kfXHLLStBNLLFbvF5heZkZQSZIh5aH0FSApwe+f4RkDnMmyitvuVk81wDGm0Rgg7j5io2M78hie5B+UgEZU2/wAplJwx4czeW1tEwZnICwBWDNsJHALcbfK/hwfVjh+Zt2WxXZ7H8lZvL27QFRECqh3NkKQVxwSygEjOOQc5QvCwEj8l7URn7QrThYwwHZQ7h1zjYVwOTwVwSRjCzb/Jyqm2XMyNEmxrh0EckagFGz77exKjGF7KEJ4xl8itZrUxyG5t7MRvbidd+wKcAAIrcEttUr9OQSvGSxmJxwsu0kkkiWmAjq+1ggDMFKgqGXO4k/1+h7LcxWY7mOWX7V9m3SzSJBJJEiMYvUBlc8jdgbvVycZJJrXHJnLE8yBbeFWjJJIaXzSMGIopGSxG0hVxkgYAY7sE4xxNxddJBPGjxDcJyrTSoNsMgA3GM4JXnzMnLcdwNnpvc+EsifZFneAnyyvmjYWGQqkjYGwNp2ADj0k7cYwE2gyTELe72yb5pBIyYbJdZRIC6hkGOXOUbk85ABGBcYOWJby7JTLbMWeSPBKcZkKEHH0QAZ43JxjJ70m1LNsrvmWjIL6EufNUrHEznB52/wBpt98fn6iB2GdRlm2tzOtn5jwowJjMcUkrI7gySZYsMt3Bzkj5uQ2FFSZxlrHZn3e0BYZZHWCJ5YzJLGxbsm707V2vgIcAFvqONtLduUm+zZwXMbXLSyyRpsmWHcQXRhk7QoCgfxMBtZc7c4G8ir8I9GPgT6iGq+E95pLFvM03UWbDMWIjlUMuSeScq2T9c9q+f+VP35dtF2dkK8zRQKBQKBQStBVQKBQKBQKBQKBQKBQKBQKBQKBQKBQKBQKBQKBQKBQKBQKBQKBQKCDQOKBnNBNAoFAoFAoFAoFAoIPag8ofjC1pdc8Zdfu2eQxWtxIZcHaqxo2wOGX1D5QAecHnsM19L0pjRMuOrlwJgTySxG4Lb423O8ZDLISwPqwdmec5zj0+r0+jfC5ZaTmGKaYoJHKu3lRDersuzLlcjjdt5G3HAAKj03jdOeGVZrG8LWaIJ1SQRPIuZFUN82PoSe5GciN+576nKbNlprGfzrdjJPOTl8wqUkUqTKzHOCQwVe4YqAAeRWtOrPKao+YvLVLSQ2zRM0gch5G9Y2urBUG5tpGQu7OCuB3wM5sws3SwlM72aPKxcN5sDBWYDLnynB+YYzuAXJKY9lNZ5v33XsxldUidJxaXERgSZGXO2MKBuYn392bncfM4ZSTmSY2L5V3MkK5g2b5BGY0mMuG42EMpwGAw6Y/iyAvOAatxYd91M0sCXkvm5MbhjcKVDLlUZjlj7nawIO3OSMYzhcGUNdoLtVkeJxLJGscUjqysuFIJk4wS7KDnJGWzj3Xley7KbpWh+2F5GbK3HrILLk7h2IyQUODyAMd8Ersi9Kzl1NzKjQlUnkAJkUuzny1OT6cHcNwYjBBHzHN+U9luIi5aS8lk482HciHI3sq7Vj24ViAqjdzlWyB6eXuvsxVRmitXFy8QuUcRSKGMhXygAVjAymExjYMZU85CisyX78GVcF5AZDcFFjmggL+VEqhnwcOWPKqMkHBGH2A8cGrOZTfhUHjO9CPJgWFoJVWX0MyuVB7+rkYBJG7c3fJBewqW5Kq08ZaaVhIIwUA3bNpJfeMHkg+5ON2R73tkqkBDEbeCNLmNXETsinYobOcA4IJ7ZHdUbg55l9hEE83nNE4lWZXSRSsAJf05Z8AgHaA6gDb3GAeGp3PlXbrb20AjaLymGxzIgZ1iCMNxCZwGIz6COQxIx2XWMRGxtUntQscRYzsVCx7VLoQigFV7EZ4X1HAkBHzbll24XOVyOJFKNcQrFFMsqK0UxMnJIGMnJAUIoXIzj5gQcvcbfT5I7eJhuKTFTOCilxltxUMy8Od3mAenIIwSAA1MYm/Kc13T+AXW2suqeoumpZVAvLNLmONeADG3bbgYwGbH4Y54rzflzaVv0+HdwZ9q8LoUDvQKBQKCc49qCqgUCgUCgUCgUCgUCgUCgUCgUCgUCgUCgUCgUCgUCgUCgUCgUCgUEGgp5NBUBQTQKBQKBQKBQKBQKCl2CqWPYDJoPGjx01NdY8Q9W1GVlxLc3BQgna43FcY9m9S8kgD6cc/V0ySSOPNrjjz4rmImR1YzyRtx69247iRuOcscEnuTkbcBTU75i9sMxWkWVISmwRuIoy0f3YEhzhiP9gqcLnO35uRWvZPdcRDCEUSqi3UADkQb8qGGdxHY5lUsN20YxuXtVlwjKt9ThliuJ41mjVSSzPhpAHGWIOAh7bSDngsPfIsudyxa15cRR6xMJI1MZnT0feIVDBQxbgAjeC2BlsfTI3qvdmbbNM86QeYqNI8ksJVVVvTKxy4BTknDOBtBwMn+LAHLjLacMunzSkSN9mEeEnwT5ZwpCk/LtVCQQMjkknkGCI5Zo5zG6PHGcbVyMP5RKngn1Eekj8GwBjGLzsIchYDuKoDIUYEtvMRYhyeGI2j1Y9QAXnaO63EJyqRy9pcXLSFJok8zymI9LpKfSGOSACoAAyzbhkEAPTOTusvKsMqmS3MkexlluS2/CsrFuR6SpARjgknf35ADPlMLzC6d7kSWqrtLFpFfa07su4KqjvnG7Cgd2Ix7M4X5HuiH2+S7n1tLPuMm5xt8sN/AfUSuOFBUcjFNuCzuxSn2iOOCGzUxJGxdhMVViSBnJ5JIDLkekhsdtuZ2kisiVpXmBgzOXjTDZXdE8hIdSBhTyyEgnA3EcjIFzvn7uyR3Nw8EXnF5PMZAVZydhXgoWBzweMEYwAcE5y53X2XJWVr4IzLIN8Yjbdu2KxyRtPJ9SqpHB9Y4U4FM74OUeS0QQQsixXVurtMke8MivgHcCN3qcZYEISCARyKYxfk7MNriOXzJEZo4y7M+8qZG8zawyAArfTjPfPcCrN959yNhawStMEnYBCIpmIiJI5IQkfKDlEycfQDO7m81MYbCyki82DUGaaMSxtI0iqjelwAAwPCn0Z478YC96nO57J0ud7qJpPLDbEe8xuKnK5aQhwQ7cvgtkbee/um/C1srGWFPJs4vlRC5QoY3GMOOF7YWQkMRkAkDA2mrszZh2S+DzqGPRfG7Q/vG8nUpLmzkJCkF3UhckdhkYB9z2Hc1y/JmfTrei7vSgcjmvmOqDQMe4oHvzQCPpQRQKCpaCaBQKBQKBQKBQKBQKBQKBQKBQKBQKBQKBQKBQKBQKBQKBQKBQKCD7UDj2oJoFAoFAoFAoFAoFAoNV1Ve/u7pnVtQ3bfs1jPNnPbbGxqzkeLfiJO1z1FqRVQ5NwUjJQ7dxOAu3gglwnJOMru4xx9S7Rxm75qJ/vo/tahBJMWVXIBWA+okDA2g+s55A2kbSeAlXCq3S5bDRI7qFk8uVl2KVUpg7hyArI3HGOMEbqJnC9Jcbsf2WbZmiBY7VXcHcsOdu0AnCrjJHAPerMcFZYu7eEQXLbg0URjZGXMhchEIJUBccD1MChzgHOVrWZZsMu+hurzzrIiITqmEDSJ8wTAIBGA2EY8gcbexJxrbVKxxu+bXLPNONqhn8sI4G0bizKASD6QBkkBQO/IGK57929kyvJHdJdiVoSXU8uHx5i9yeWQ5Yfrz+IYmcnbAPMSebdOd9o4AhC72R2BXGTlcqNp+gJKjnGU23GIW+12cbpB5ZW3lkkk9bbg3BUgZJIMndiMlfZTip/KDIVAl5HC8xkeR1EuzBQZAYAFsjkp3OMgckenDEhwotpraSN4mdsXKxqZVUqeUChAGOAvbBI4wd3BU1e2PISyzzxiR7k7ppsGLazEhW8vcSvGQGJDDjOcYDCpvwsUGUxRKokSZpEZtvl7Sylyxyc+nOw5OO3Y8EC3ESbrhUmR7WFEOUUSeaGdSzIGAG3k9tg4Gc8Z2mpdzKyyJHDOs8rxwxlZjlc4U8Ertxk+kgA7ce5xmm24uxzyW81srETieQTOwBAcld2zHDcEEAMdvIzkqQGcTc5UJHcyZERiiUrM2HYlgoYL8p4PMftnO7kYXFMZMonlZ1mkDwlt0lsJZHwMFGJIP8TEPwuA2MHGMgL4++T4X7e6t57qOW3TLyRbUj2jdn0uxIA2ZymAcc8Y9JyNZnMZ9lyOe5nWeKSPOXnkJZ1CLkNzySGRfMQ5OSoOAVw1TnNaZAZJZZWLNGkWPNR4wAu7auSPk3E5DBRkc4JOamcGLhliW4ZorhleIIIyfNbYGKkA4bPGCnuf4QQe2EGyt/taXDK9v5UUcglkJfyjEinBxtOcesAHByFYAnAFbnOUtcleEmvto/X3Tmu2zsr2mowTyoQoUL5wG4k/qDjLfU96muTVppOXrhG6yIsiHKsAw/I18h3VEZoIGf0oJwO9AoBAoIwTQSBigmgUCgUCgUCgUCgUCgUCgUCgUCgUCgUCgUCgUCgUCgUCgUCgUCgg0CgmgUCgUCgUCgUCgUCg+H8brySw8Juq7iI4f92TRr+bjb/8AFW/T31xLw8burbmS6169UMguJDIjhWYK8DM3qBGTkbOxHfAAIyK+nbiuMfONIszrHZ3AU2wWRWXuAAw4yN27gDkEcZPG4HNueGmZbkJ5czuVTM0rtHGWcwghmDMvpz6xggjBB5GMVqVKvSFozHFIoESuMqq4BCRsGJ9sBSSHJJUc9hU+RbiwI23KX811QjAURgge3I2hnGQeNy/UnDJW3hQEiaMyyRsvIxGH3ucnI7khJFzg5wAeBnb103fLNfP39s1lPKzO+y3kXZECAzBOc7R6Rlcgd8DucZrGqYuVm8wqnkMKCGW4EyK7RuTj7mLtv3LwACTxg5IzjGDU5JUTyTxeTHCRKwVWBkmyxZWXcCuMAD1Bec4RME+nL2WeWOqrbJNOs8m1VJj2sQWdlUbGZcscMoyoyApJBxjOZmbnPK/5cg26fBDtRGEcSiQyCYA/JyNh3ENxgH0jA4zWhjq330Cyq6yRoRGx3HeQojBBPzckAkYGFOeFGc53kFMAjmjeF3RJy6r6CdrlWBwNvBHEYHsdwxjir7FVu+VErQxxmV1RByNsYOA2HPJCEYzn1+4O7F6smFTRW4yibgdmd53Bty8DBTIxhjlsEcencdxMuxPKgSx+fmSTaqndatJlS4YYCyMOAA2zIznbnJIyBZsiJ1kuo23LFJEwCJ94WBcbwEYsAxHqBwwOSxBONxGbvuq+ApES4uJjGjTfZ94XaWcBVKEEgHe3pznCjgZxWs4/5GPdzLjc6+bDgldrDBQIV+Y8d9uCBkdhxjE9xFpmLZal2SQkuJUCgANmMKEB2jHA4PC5HbBqpjLIe3+zrLtgdPOJCokQ/s+GA4IIL7guRwd3BPmcTjdZyuiOURXIgvseTldwZUGVfO8bc7VyeDk4/HAUPdc9mwL/AGRDPcRE2525Ux+XKqOMlQPfaOSnZQ3dcg0s7JI2CGe08yScs1wsJjEiRHhUJxlgfSxCE52/3Mk7Qa188pzs+i6bk2TOtvcBCgEseAGKo0gwIxwFOVOWyMnIxmrNtqXfd7B+H+rrr3Q+gayhJF7pltNz3yY1z2/Gvk6pjVY7x9BWQoIoFAoFAH5UE0CgUCgUCgUCgUCgUCgUCgUCgUCgUCgUCgUCgUCgUCgUCgUCgUEGgUE0CgUCgUCgUCgUCgUHFXxP3os/BTXwWKm4NrBke264jz/QGunozOuJq4ePPUM8pv5ZizxzSOXMhJYLknKtySSuFODnAxjvx9Bya5bovcm4d5dn30gy3r9JOACc4OTnkgEZxnsYq+vmRi3ViWnEKx7YgMqN6tkIcYUEgFR75JIG7FoyN9uJbkF4BZhzlcBgFxweRg4cOf7xOd/1rV8VFtmKpexeWx3szthg2IN7+YBjAKiQ8jHJOQvGaeRsdIuY1WN3hV5M4JmO7JbBR2IUgj58YOR6se266Gap1+2QQvdSzyNIAY2JlDAPsD53Ht/EcFQdufmztO9UzMwm1aVZVa3lIJkMUPnSDa39j6yQCcEMN6jj0hRjjaDXGYxlr2Uv9nji+yF44Y0jlBKqSrsSPUT2AOxsYHHsfSTVN5yuFUCz3UsZEjiOAQsdkmxVTaD/AHwSy89s4GecU4ltFvMLxrbtKrJG8oeRAEibeSpIB7jgnC+kheCMbi+Tiq5pVWez1Ka3uAVJwCNrlc7WYEZIAAzyAAsRxzklnFlJ3jFs1MEcqb0mjnj8t5vKITaNq+YS2QFBBBXII3D6MwmFVNtvVWR1IeYqrNIgAhwWJ5GNoGWQ7uxJx2wur5O6/IgZ0ufszqGkby3jjJXORIuC4wPWGAJBbKtnOADKkUMgaWEPCHcbcwH1+Sw2psPvk7WcAnJCEcheFxMGMqJZ4JkadHzIYZid0ZAUMc7yuMldrrjP+0AAcFfIu3McdtJBb+YpWARqxkbgDf6cYPDbi2cgk5IzwcrtSbrdzMrSSSlmK3EpkVXUgMTjYcMGyQFbnbhcnGRirzaccLAjuVt7UQPOWVimI+GMwGCM5xu8sp2ycFQCSABLxsk92bAYzIy2Ch2k2SW7lwp25Tgenht28d8Zdtp4BYt5VW6qyhFuLkIsvlW52k948LgA/MG7Lw3p744qfCsqxnjEabBHvZMLEGHKZQOMjjAw7c8sDwR6ctM3LGdpeEWHZJKSX3Jzjaoj9IXHZmxH2GRx+JqztlK+k0KR8SSs7Sr5SYL5wZSQdygZKHbtUkggcHg4xv5Zeqnws60ut+BfTEm7L2kD2T85w0UjLgn69q+Z60x6ld9PDlmuSlAoFAoIoHvQTQKBQKBQKBQKBQKBQKBQKBQKBQKBQKBQKBQKBQKBQKBQKBQKBQQe1AoJoFAoFAoFAoFAoFAoODfjFvDZeDVw28KJL+3U5bGQodyMjnOFrt+PM+pGdfDyJ1jZ9pZNuB8yD1DezABjuABGVBGMDAyQcgZ9132c4wlMBm8l5Y/KkTtLK2DI2dxDjBB2nhlzknAz7tlbFXE0DteFGby8su0r8pBIKrwAxz/yFuMmrN0W3uCkcF2hZz6o8MoYeYrtklCSByTx3OSxADYpyYUq5ubgmIybmBmI2Bm4VAFZ15yWb8Bkt7nFTdY2Nncxt50UsBmO/MMcaqC7MxLKu0Zb+Fic5x9PfcnlKyprwzabM4lO+FQxyq7icgsBjI7+4GeSAAARW5xmsYaIo3nJbQrGxhlkZLchV2nAAAwFwcpgd9pH0ArnfDc23W2uFa2SOJx5LSJJ94SUHd8BTghdyMvynOOeOS5J4VqXiljdLVvOeNQgjLFCxYj0gAYJ34ABVe3Oe7/scLUtzG5muSipb3CeeHTLYKyZBIJyAcOVGeTtGVXBMzneCyftKxkTfZgAQcrJlUBjAJJB+iPt7javAPymYq88L8hMNzHfQgvDE7sjockKA25VHbcMgZI7o3J9WdfCZytM9xFfCRfKcx7Zt0A27NhxsXccM3ZcEH1EcseROD5VQsQrW9rahYRHHAj+ollDKFyCwJAO8hs5IAJGdoLNPlIld5JERXHmSyK8Az5kcuScHkEDcCGPqwRjtnc5oJO0t6J1VZJJtoBUsJSmN6lGALAEP6v4j74pMWzB2UwPGIBZwruZ/QmE2sJS20Dbj05w3GQSC54OSE4W1imSJLu2ulhUlUVJANrHC5U7sj6EHcvGMYPvT2Z5ZEUMPku0pjKSZhJaIBD6RuIUeljknnOfSQcE8TkZM13ut45jJMk3lkyOqhSuWGcgHCZ7gcDkkAk4q78r7J88GMTC4QrGXhQGIldzuSH2DO0YzwNzE+rHpqTbdeauwz+rNlCbddysvkkJJtaMlgrZYBTuB7Y/DG0Vc4L7shJoPKMgKZZc22IypTPpTA3H0+khQCWxx2LZTjYfTaNeRxkSJN91s3bGXazbDhd+Au4gH5uABxk5537Rh6RfATrkd94UajoqA/8AmzVnKFiMtHLGrK2BwAcNjHHFeD8qY15dtFzHZivM0UCgigUE0EUE0CgUCgUCgUCgUCgUCgUCgUCgUCgUCgUCgUCgUCgUCgUCgUCgUEUE0CgUCgUCgUCgUCgUCg66fHReLa+DcRcqB+8lYEqW5EEuOB35Irv+NM62dXDya1IEXMsah9qf2ixyYUMeCN+MgnJUgd17ZwBXtvOzEY1vJIdgDogCq7SBCYuBhWYqARkMmeCcFfbcCyjJgAlHmom5YsOgZXIyMSEADPc8kcZAwwHcpcr8rsJuCyXO9sZUSTbi0qszDDFc4IYFV3E4JB53cUzvk5WnPKJE7qmNnqBBI2HLErljtHcgHjn3Aq3gZwlguvMnllCl33MXAwynCqfTgqcKoOAchgF2naDq+YnDaWF2skqRMk8wjcu251K7ScEqw9KEnA3ZI4GB2Fbl3jOpob8RLKkJkkeFTJmRwpwCikhQMAMF9XfcccDsDjXMGm7LU5bF5IRNJtbBdFZu7HAI453FQPT8oyRnipnGWotyejeuI4lWWTzB5flnlW9Zx7kKqscj5uVIfJcC6GEV5PHOJoMiIiWIkOv3oUFSWO4h8kj6KCpyMGd9zhhzbYoHS5tsi2DiVFjAKlRye5/iIPOMEIMA4Sl9z3VrKYZcXUaSKZDE7sQCXIDMxPBX+DHuNuMnO0s4W71ba4jkngithCAJkiLsqkKSwyysudgADHA5we5xmp7HvWRbvIgSaSFZoEtUJcwlH8zDHG/cCy43YXjg8AAE1qf6Z2VPKEWdn+fc+wpjysiRS2cHBUkrnBIxkcEglOdxQwjdEd4pDtiXCPkrtZgM7t2Q27cRtIOQO5BAkXhZeWZoWkWVnK5dRE42sdi4JO0jJ3BBggjkcclkKxrJY/MRvtWI5EAyuFJ2rlSS2N4IyRx7EHABpEvO7OS5nSVpN7DeM4PqAYrgIRnHHc/KwH+1indV7yYQi+XdMySKU27lyQF2YPqw5AH6Bl4zgVPY5W/MguCXeOWVYYHydil1AwAAPk4EmD3HqfgnbUt+/fBdmVc49MyyM7yS+arp902MM3z5PrB2EjBwUyflwLbtss2XxFLHM9vGFEm3dIqBsylirB+/OWUn3AGPZjTinMbjS7qNpV+R5gV9TLG3l+nd84+bjnJII2kYbkVqMu9f7O7XY11nqvp5LglZ7SC6CtjJMTbARgnA2yLxk/n3rzfl6cSV00V3hrxNlBFAPagjNBOcdxQRu/CgqoFAoFAoFAoFAoFAoFAoFAoFAoFAoFAoFAoFAoFAoFAoFAoFAoFBGc0E0CgUCgUCgs3d3bWNtLeXk6QwQI0kkjnCooGSSfYYoODepPi/8O9KuZLTRLW71d4yVLhlhjJzjgtyR+lXC9NfNR/GxpYlHn9HOIzz6bzn/pq9K9L7Lov4svDDqy7NhdSXWkTKpdnuVDQgf+8U8fqBU6cJhzPBPDcwx3NvKkkUqh0dDlWUjIIPuKiOrn7QadovCuwBid4zdTb8NgD7rAz+rfyzXo/G/nlnXw8qLy7eTfNDPHKq7Uch2AIZCPf1EHIHcDK4HODXqtYxDy1QCKSKZ4gwRcghtzNkMyNxkYVSAQOGHbaQ77qyY5fMkKvAFkyd6yDh1GBndgYwqkbhn6njIrUt7JZhWksQJDuxt4w8a+hSpJk3MEIyu7eUxnI5AwM5pkRvtzJBl41Z0JR2bPo8vJPIwQEJC8d1J9RyA2tOF1bgnLvI0DJGr3bLIwMarlcMrDkrtBPufV3Xk3k43bHTgjSvz5UaSOcyAklBkqrSH0ltrIQQCfXk428alkZrG1dZDfRPeRHyblWRpA7IzN5YACoeV9AxtGN2ByOM61b71mezXwSwRJG88RcA7nZGVgN2QVDkgsd6scEjHpIJCisNXlQss8cNuxkaW4aPZt27wytgLnHy49ODt9lwfSAEVFzcQpGuwbIUV2QuquS4YjaAAGRQN5wSMjGOW4zaslLiS6+yeZGixlVQQlZAwxg7NzAc+vccng7s+xFaqKmTCBomaKF/MVlaXzGWMBjLlcbWJGfpzwcYzWey/KkCO5kYAqIo4XyVO1VjB5LbRnLFshWYYZAPcAVPlTwULM7R20E6hROo9Lbo+6YwSWxzknaT25FSb8feFVxyiSaKCa5j+0GfYs+wrJubBQdt3DbTu2+nA+bIzfZFazK5VoIjB5hVpE3IR5TKRtbsDwMYAwOefUQWyccrKzF5B5d6JfKYeXJtZpTvYkJgk7udx5PJJO75TSVcsSwaKVEEavE8zr5KLISU7BSCQSCARgN7sD3BpjMSsuzmRWkmX7Omx1LKHYhQU+gBYIqFh78jk5GKkublfkZI3g2o06xeqO2gVwyM4B4XOSQSgJGe2QCw5p2XhfjEccecxPbA4CpIxG5z3DMRwR5R3DOFI5wcht2RMche5DTRyRM8yfeRIPLXA3Lt24LANIwHbjBOfeZ8rvGTapEdyFotrZh3NEu1kPoyqn39DYZeCSF4wcp7DZ2jMwZxAvl8xSrCxJUrwrd/ywDk8cdznSO4P7P/AFIQ+NN7YyzsZp9FuI3BOMsrxtgr2yAOSOMn2PA4/lfxa0PRbOB2rwOikn86DT611l0n07ka71Lptgw7rPdIjf8ACTn+lXFo0kXjN4WznEXXGmNk4z5hxn88Yp00w+k0rXtE12LztF1ezvk92t51kx+eDxUGwFAHegqoFAoFAoFAoFAoFAoFAoFAoFAoFAoFAoFAoFAoFAoFAoFAoFAoINBA70E0CgmgUCgUHBvxg9Zz9KeEktpZS+XPrV3HZZ9/LALv/RAP1qyZWPPg3karmWQue5B5ya7SOmVg6gJc78gDIGPatY8Ej5/XesoelGtr+9lAtPttublckBoUbeyn8DtA/Ws6olep3wyy3V34K9OapNJdGDUopL2yjuh95FayyM0KH8NhBH4EVw+GNXLhP9pFqU1r4aaNaqqGKS5mlkDMBnaq4GD34JOO/HGO9er8bmuevh5b3dzdyyCbcvmoV2oyYwy8FsDIJK7uW5wCeflr0XlNlUCwfanWOXcElJaJwPUAW5JJ2k4IXByBt+YcGmUvuu+fL5OGnYNcoj7i3pVVdWPH4Bc/xcZOODmzZWQrSROl01vKqxuVEDbVUGRGOwdwGJYHAxxhgeciztUSZWmYxRtHLJtLBIiM8NuzySmdrDGAcZ9W7BFLOyJ+1vcozTEl4W3yHDIyKo2jbkEjKsM8AAgfQ5ZzwTGWbbss9u9sW4y9zMiLt2nJQjLEhgCcDPseDzWs5hjvV++tlvy5iUyTWwUkPDs5RMsrBWBU8NkKfcsTuHO+Yxw0Vu42xRwrMFKH+0A9PmYlwX/gyC3AOcrkAcisN/KsS+mcgqJYyoiJLLlgowox8oY5GBg+ogBv4XEybq7SJJ7hbcTiKMk7SzDaE2cnkDBO9+TtxtyOSUqSSluGJ5t68MMkdqbqX0MS7l1jAK4xtHGDkYbGPp3JmbheFyOETNH5Tt9mkQN9qYhVSIPgfhwWYHjOCAcg83acHyoEbtEMJLO59LyJJITDES+4YHb0Krc5PfP4SfKYyuOmQVtrKNw8wfzEdkXaoJKHuFwApIXJB574FXGODlBwkMIh2zOpdZId+DmMFo2DKCfWRxg+okHAwhpaeyWeb7O7F5GWFHMYYqGAYFlbaucZUrkkHPIPzMKcnCxeyizt0ePcYyvmIAd2Hj9s5/1wTjOMNnDHIl22Ios1ls/Snlq9ygyXlO3hjyoIJPze4JwSQMEGrwl8sqGYxqbq2lD4Z8ytGQuCwYDGSyjacY9iR7Ag5m1yqy7xkLJGQInj8oTE7cqg+c8Egqr5IBySB3GSVuFxnllTbmaOcyxo1o6W4Y+ZsVk3ZGe4zk/XdnjANLsSZ5VCQ3E9xbecJSWyAHwdyBQOO2DtY7mJ7N+Zc7QzgiuVeEujtNHukChFBYI4AKhcEJzGe2eRjng0zORs7NxGYBIATAhk8sZ5OSWIAxgADIx3ABI+YVYV2k+BK+2eOmhMksRUwXkDMM/xxs2ADjuTnsPyzkVy9ff0108vT72HNeB0cB/Fl4sar4baBp1rZ6h+67PUVnmvb9D98I4tn3MIyMu5cfoParpmVm7o/qHiEetIYOoI74zSFnhllI5kxhlJ57lWFdZGoyrLXJiq7J2GOCd3b8BWsYXhvNK6u1TQ7+PUtK1Ce1nRgySwSFHBH41Lpye7v14J+IR8SugbLXrhlN9ExtbwAYBlTHqx7bgQf1NcbtWK+8qIqFBNAoFAoFAoFAoFAoFAoFAoFAoFAoFAoFAoFAoFAoFAoFAoFAoIPagj8qBz2oJB5oFBNAoFB0i/aTatrdknh/Z28jRadcSag0jL7zKsW0E/7Jat6MZa0ul9gzz5aSZ2x9Wr1TDWcxuIrR3UmOVvw9Va2X5fJdT9F6l191d0d4cwykydU63a6eoUchHmRXb8tpb+VcPWuNOIzXtvpWmWWi6ZaaPp0AhtLGCO2t417JGihVUfkAK80YdKv2nE4PS3TtmSygi4kZgwGF3ICOT+XbmvX+NtNTGvw80yY1ma1KiONZfPXkknHp2gg855Pfv9AMHvjse6uz2cw+a5ZUBZ2JDA/JgLjHO0fgMdwKsSr1xJIkcMMqK0WFfO5cMr7Ff2Ocqxye/GdxAq2kXvtEwtHtgX+6RZXdog2AgIJ2nnG4IWXacn5sA4VLtii+IkaEKIStxFM3AfaY0VgVUl/TgoEAPAwABkgg3H+WVX2tDDALS1dYZZWkAVNokOQyqc5wcK5UH6sCOMG+xhIZxGklzlGl8si4ZDkn1bju3MRncmMLn1BgB3pwWZbRo3+y3UCoimFR5kiLhI2QgENt5UZCcjBOckcEDpKzfLRtHO94pZ1VXxMIyQCyIS+EGMAEnA9Q7bsAHdWLN8qpSQXXlwGENK1ztEu0lkAHYqvsdvZQFGTjnJpaLca/ZbKCWK83naG8tVLYjyRk5DHI39iDjjHZjUxjdc52T532e9ZZXcmISRZ248sb+6kHBYlP4cBzkKRir1YphS1xKkMyJNiOIC3UE+aXBBf+EDdyApHtyCCVBOZcff7nK2JXtY3IulMiMdq+USwIQggZPOA5AOCNygnAYGmMcGcq7e4ZEh+zhQzAuULnYAHKFc54Hds44I5PIxdNLyrjiZeInRHeMgYyImKYOCCN4BGCQQSeexxV+CqFkSDTmvY52dW+6WQ+nYgbby3JBO/cSpzwfY5M4mYixqO+eUx20Eu3zVj2uQCMI2Rg5O3DcewAYkntUtzdiKUe5k3pAHdo4pIsKx2qWy24/QBserJywHINN1bCWKyAeVEzbzx+WmDhWkYrtwpy3HpXg+k/NjB3WzkJ7qV5i8EMm0Im1QmdqNtDFcDOGIk7c54B+ubuqMOsojijK7mZnjLMrNlj2zzkoVJ2g5BUDOaqcrSTpa+XJp/lC4id3AVeSw7OCeDw2R+AU4JANZzjecrhRP5EKKPs7Ham+INyxfOeF/2mcck8FhzgETjZWzgmFs8slvOqNGib1+TcCSeAeDyRgE85ztXvW+GeXYD4PtXew8buj7hiipJqYgVvVyCGX3bIBUjGQe34Zrn6k/+OtTevW/8PpXz3R1T/aV9Cz9U/DLq3Uunqft3R1xFqyMvzeQfupx+Wxw3+5Vix5jeBPVV1c9NTaUw8yWGbks3bBIH9Ctej0v3Eu7l23uNYdQFlRF9sLmuvRMbtM1brXYUO2ZXUYyHXj8KnTFldsfgL67vrvW+p+hb22CgWcOqxup4BWTymGPx3L/ACrzerOnUzqmHcqubKodqCaBQKBQKBQKBQKBQKBQKBQKBQKBQKBQKBQKBQKBQKBQKBQKBQQ3agpoFAoKgeO9AoJoFB1d/aIdOQar4DRa55AafQdbs7lXxyqSFoXH5HzB/IVYPNeHUBCSgyAPo59v1rpNTUuG90zqe2t7lU8tHBODu5P9a1Ney5ckfDDFD118Z/SdugD2/The4GRx5iW0z8fkcD9K5a7mpnO71iBwoFZZdFP2mUVxLF0yECsn2K4yCM//AMzAM/T+Idzz2r0/j92dTzkkhgVnkW2dUTmSPGCowFYjJyDnB3ZA/LPPoZm64URLJ0kijjL7mQrGYvSIxgEEerhVyD788lTldhkQrI5uCLUvMpjJVVDjcDIuxt3K5OBtz+HNWbwuWRdFUeWcyb5Fjf1hgwXkMMEE7SCDhs8bjxzV1XN/yLSqscsxjdZIYwxEjJv5zjBDDnG7kHjJ3Zyxpxcoq+zzOINlw+0AW6ELITGoRu+Dn+JScZPv9avKEUIcGWCdYlkxHEzqV2rtOzOcKAAshJzwcgcGi2t5aSSrJLKpR3DguHXPLZfBYYwchjwAQDuwM4HSXDPZ89fx+Sjt6j5gkjVi6fdqQSsZyPUQASR7ZIwMcTUT2Y8VqGuw87uvqUyGMAGNlbsDkkDlgoXOWxkAnNYxhVW7NlhCsSyR+Y7q7kh2UFs8+nA2dxzu7nNXkWJ1aMxwTW7wxpLxtz6TuLlBgjnauQo43MoByTiar2pFJdTdyw3kgMjAgyDJKhgcglfcZl3cHBU8cVOOT4Vz7AkkyrECn3UO52RXfg8gtg5k9TAcFc8Y2g3vsK449OLpHBEzhwylie4cDIGzudyjjkAH1EDAFmE3wMFbb9o82KzKruc7g6urEsobuAQZMFv4vZTzTnde5Nm4lRCUeNUbdJC5JUHYfTnsTnGQSMDPtgrvsnEYUsBhtVMknkBJfkSMthkQgkFiD2UAkceocjtUi8KgI2zbyDaqtv8Al5yFJBA5PAAHPGMnnGacmGRFLJGkck20zGRfKK+oEpjAJIyMdyc+oEbuSaZwMppjDK1zPMp2BZ2fzHxI5diMHHpGWU5xjGTnIpkWkSaJo3DJ5mMMT3WP1ozHsEAYtxzgjjIwDO8UtpnitSkkAbbGMrGQCrKnI2YB7Y4+hY/xbQnG5hEN3NC0ciXI2RSAicSKDNx6Qd3LFe/4D6HmktSzPLDiuJUdDHCrowVhgEkSI3OPp29TZI/LIrEbc6fDfJOvi10tIXG+LW7V1UZO1TcIpAZjyd248e3uc4q+vv6erDOn+UezX1/M1851fKeLPTdv1h4X9XdK3UIlj1fQ76zKkZyXgcD+uKTkeCnhFfnQesLzT7jIjnbaRjgelTz+pFddGq6avDnUdQwpho7l1K8bTgj+v/jXW+ouW8g1NZCUF2MMeRtBz/WsfqWpl3G+ALpaPHWvXMibnkuLbRrd/wDUjTzZP5tIn/DXHXbq1LeHb+oyqXtQTQKBQKBQKBQKBQKBQKBQKBQKBQKBQKBQKBQKBQKBQKBQKBQKCG7UFNAoFAoKgfrQM9qCMn6UHDXxjad+9Php69g2bmh05bpfwMM0cmf+Wg8fZ5mW4fBOMmkGHPdyRH7SHP3Zyf0q5HZ/9m9YtffEINYmy0i6XdTZPfPlhf8A8Q1Ks4eqdEdLf2kenNNo/SV0DiKS31a0l/H028oGfYYifPYYHNej8e4tY18PNW/RWl87cD5ZfaCNu5SPX2OMgHPBwvHA5z6c909lS7xIk8scglkIkKgtkO27PBz9W7DP545bkjJjVPIw0sIjhuMnLAxFQOMYGAm/bwOcnvgVMeS8LkbQj7NEcSK0ak+vO07lHpIHOOTxuyeCAMCtSYuC1Th7aabYv9nD5qhwXJdc99ww3zdgMFs4HFXGGViCQGOS3eR0UHaQmRmPc2SMsNxAU85ONoPYE0zcqvSZM0EwcKDIgRUUMQjbd7jaT2wePmAKgYxxZNyryt9nUKXQJsOWkUYUhiWwCMsckMQNvqyCR6sXNm6YWtR8qG+a4ePyjPKsrHORs9RAVTjucnk47Z4JNbvOzMayCBkkiLxgeTA4VsH1+ohyshA4wp4wcAjjAOMb5aqgFI4XHrGPKnBj9AUIoIVm7ZyNoIy2WGclsVM5OKm5i8yzX7LamRIZMQMI1YuwBI2jGcbiBwcZkJ5PAl4OOVtYpZLwXNqkk7h2PlhfUrHc5j3HOMfwsRg4HAOFq3e5WVU0f3RwiSG3Hlwr5a7WXCYYDAIwAG749IH1y7HCme3Q2yIoEqQhI3khjLIw27GPPvt5Y5I5GMcmptYDSuImjmZFw5DxSnfvT1P5xwOBghTjAA5G0mrnEwipZDLKm6M+assZ8koy9lA28g5wSc444I5OMOUsjEnDrb20kQMkswMsbIDgIwPZvoozx8vzc47u0q+y9E0UskgHkNAG9OP4sEYHcdzuJUElivq5Gac8mcKd7razAuAyOwYEHKLhnU55x6u7DgnIJbtWZtKd2XbEtDD5zSPGjNvQbh94GUBRzhTjgZ91TnIbCLduFtDOso37InkhLjKbChUAKmSeCcnHOTnOeeZlduFoXbLMYIG2xiQr8xxgsAVOeACByPdgR+AJeGH9oZopC8paARF40cc4IGFwQSP4h2JAJGe1M5i9tmVAfLvFjCAlZ8beTgqCWb8GHPBGDk8Yzi94l3c+fCnYy6j4zdGadh3EnUNiQAQ25I5i8mG5yAIyTz7fz5+vcenYuiZuXsiDkZ+vNeF0UyIsiGNwCrgqQfcHig/PXrNlNoPiHrFrbrteO/aH8gku0/8A3dbuy19W+svIxKH0t6h+vP8AnWc9kba0165jlUl+Ae2e9QeqHwJ6e1t8P9jqbJg6xql9e5+o8zyh/SKpO612FqoqWgmgUCgUCgUCgUCgUCgUCgUCgUCgUCgUCgUCgUCgUCgUCgUCgUEN2oKaBQKBQKCRQRmg47+IuFLjwI6/ik7Hp2+/pET/AJUHi1cryT796DWak22wlx/Hhf5sBScjup+zX01R4vavcKuBBo1+R+H+kQL/AJ1dXZez0myaRHWz49enH1Twatdfih3/APZ/WIJ5zn5YJ1e2Y/o8sR/Suvpapp1zKapmPKrWLfybiSzEshDMEVpOBHsKg4HOSVOCOO34GvXfDEan0qqgMuJwgYNlduOd2W9hyM4x245qSnK+0u0JGU2LE+WMiFT6jlQwBH94cAnIDHHNXYqmJ5Y7fc0rZhZUYYzgbGGMjhc4IyO+O+BzeDaqZLmFRG9uETy2Cx4YgJIG2jkgZIDsc8Abu4woLO6RkW80MkiRTL/bKwLbmJJ53sFHpUMODjnsBgqDV5gtQ3xzH5DRNglUkLgHBQjdk8AbgMn2wABmpC7MqyuUhmAaONpoSgZ5E4J3gSZDMNwY88k9hwDW5d8JVvVJCIohJ5jExsMHu4wcuN3Py5A/LHA76u8yzhr4kjj8ovb4ETrGXicmM8AbiMd8gEkZYkDt3rGZGueFSTyTSRzNEylFSGU7m8wh1LcAkkkIVzj2wSC1MykWUViMpJbvG/oAYDLhSpyffHc4yMgr9anuey4IWlsx5UsUoiWMMCSEjckqX2nuM55HGF7dqSF22XNQlfUJt5i3LJuRo3b1RhgQGc5Aydp7EjGAfxXfhZstl1luDNbxM7ZZ3lYFmaT1F8HjeSFU4wANwx3Jq57xPliGR7WRoZdy/dRB4yhZmjwR6FHdsbtoDfwtjnFTOF5RJIqGPzowPJDIkZcsUZm2tzn5xwQe2TxnnK3CTesa5eEtMk8zAsz5aQbtvG4cMeScDPYekd8EUneFQZYxHDcOokSMFfKdcr5i7gdy5BHPscZ9ROAeHKzwurIRLJ5UhQEHcuSDJGCpAwfTglmOB/ez7CsnbNZBltVWYS4g8hg+7ljgMdqnd7jsMEDBAPGSC/LGF7JcS7LdfKkdERtpICqrAbTntweAOScDseV3ThbKW8y7oombcDj1nbhU9B5HHG0HJHbt3yxKu8VxxtcTGeQkbiWk2HacnbgAY91TsCT78EjF5TOzZ6bBM7rLGys6uEG7g7SdoyvYjgHOBj2yam5h3a/Z5eGx13xXHV7Rk2XSNhJcO2Mr9suN0VumSe4i+0SEdxlT/FXn/J1caP7taJzXpUO1eZtB9vzH+NB4S+Iuhqnjz1JZFMIuvakmCPYXcgrVHzttF90FPJRnjP8AuuV/yrNGwt0LOvHvQeyfwm6culfDl0DaquN2kJOfzldpD/1UnBeXLVBI70FVAoFAoFAoFAoFAoFAoFAoFAoFAoFAoFAoFAoFAoFAoFAoFAoIbtQU9qBQKBQKBQKDjj4jpTF4EdfSfTp+9H84yKsg8YbsEZH0FSbjSaudtoFB7zRj/mFWcjvh+zaiVPEzqJx3/c13/W7tj/nS72L2ehpNWbI0fWvSmldd9Jav0drkZaw1mzlsp8fMqupG5foynDA/UClHjf40eHHUHQfVmp9NdRWoXUdPuJbW7RFOyXjMcyD+FZUKup57hfZq9mjXNU6mLLNnGFzGR5iXUPmEHDEgDdkYI2qeB6dwx7H/AFsjVIsSsFdV80ADgKrZ5Uj3wMe5I7+nnPYVFgSHDYUl0MYcJIMsqgbmJPDHlTx7MR7U24FuS4Lr5kTx72XzN0SkAYUMdv15BIY55J54BpnPBwvLcRXGxMgKqsrrg72UtnBIPDbU744OM+5NnBdlpryHcGuLgPLIvluwTgjdjG7+E4cAY5AyPbmci5p99GUiUuUJRLhy0e5XB3HdnIJb1E4PHzY4rU2S7thfMG06OS3jJeO79Ma5yPnxng9yQhxwMg/TOu2yVpifKDRwRRSMEdQ8ifMQT6Me4OB3Hfg4BrC8s2KTdPbzqJWbzSm/P8RJUFiWO3u2SORwea1m5zDGy7A6CEwxBys0IMTuitJgAoqg5ySCCFxxzx9BJsY3XYh5ZkkjiXartIFG1ypQ4CopGMZYHgYwMDO0UhhN2yn7m3SB9zBgFxIAoHK4yeQAR7/wj+EEsnLGU3VxEplZZmyr3IKhgE8oEhXJGzGGBPGOMnAACeaLE0sRvA4ZhGMDbHgFTuZRnB+YMdwy2Tx2wAV5TiMQTef5crRoi7ycRgsrMFY9sgAbAnPGcuQec0yrXzTfeoscZX7tWwx3epWJGdxzwQDk4PC5BGKku5VqC5YpHMkoDykF2LbyCSCSVHBz6VJ4OQffime6+yk38kT77ecg5C5ICksVOCxIwQCvI7Z5qGyuS6aYyXFvKiFXyhRNgUYCBhkn6Hv7HPPOWcbwVpKC7RxcO+GBClCCSuPVnJHrb9WP0FElbaK2idZQgVhEXTYYyHDY4xz2GxOT/dPGOAwTs2llot0TDNJjezbAXG5sIQSD2HI3cnn1AfxU+C1yB4e+Gev9Z67p/TOjaRNqOpai4is7KLAMrA8+vH3aoBudzlVXJPspzr1z051av/fsumdV2eungF4O6d4I+Hdn0jbzQ3WoSMbzVr2NNgurxlAZlHtGqqkaD2RF9814s3Vbq1c109nJVZEHuPzqjxQ8W7RY/iP6yQLjytf1VuPbN62P8a1eFrja2/tLhfpeXK/ylaso2VsgDjjNQe0Pw7L5fgR0Ao//AKdsT/8A8hV07wcibquBUpqUV1AoFAoFAoFAoFAoFAoFAoFAoFAoFAoFAoFAoFAoFAoFAoFAoIPagp980FOTmtADTAnPGamBP51AoFBxp8SYLeAnXwHf9wXf/RVHjTdocsR7VDD5zW2KxRKPe5i/xqwd9/2b0i/+UrqCMY/+hJ2/4pbNqtXs9CT9KqKCSKDhL4lvhr0fx20WO9sLiHTeqdPjKWl5Ip8m6iySba42+oxkklXHqjYkrkFlay3Rc6Tnl5g+I/g31f0F1Bc9OdWaRdaNqbPxDd97hBjL27g7LhdqsdyE98EKQc+nR6k9T+PLGqYcb32m3NoJHa1aEhn3sDzG3Ksee6kE/mD+HO+NzDTXsUqyH1KJt3mNtTIARt2ccYbJAwDngjjNLeyezAnB8oqFdlIDEAEAg7jlP6gd/r3INLwqh5JVAli9TO5KSBd33jDnvwQAFJz+PanwiwbgxS/cs5ZRvD5JwynOFxgED08njknPtThdmKuoOqG3IRlDKm9MHcMjjPb+JvxJwfambwmG0j1ky6XNcXLsJvMLSrkH1A5B+pYH3PP0yOK1NWZumN8Kk1KOWIxtcSCGONWAc/I4O0kcjJ9sZwT2HapnC98siHV1SFmI3zSod28ABl3bS2CDnkn2zyxGSSDcmGZBqdvOrxQSo0KOEZ+VLArtVivbjK9znJb3Aq5hwuWuqpIyxsi5b1gM5BMajATjB4LN7FcgcYOKkES64PKWF2DTNtnmZWAJcbWXae/8QO/Gcnt2psMe6vLeO7MNvtEhc+btZtjYK4yeW+hOTgncB2FM7o1L6lDGibmE8TRtGiyKNsZU4GPbg57d8Y5yKznGIu/ZS+pW4ixEZFJizFIHGecMpA9hgAYOcbMAEDhnbZPlrtQvlS52LMPVHnPYoMc8dtuCeOePx5q5XDFWSWa4ZMPsLNGDsB5Y722gjI52478j3rPNM4Zlvp1xPJFuhdMqVDFTlSQRz34GCO3JIJznNX5S7t7F01dlmZ4JI8xpvMYwXBDbU98kgAjt2IP0q3clfQ6d0RdkSym3eGNJJI2DDcxUDeUI7kgBSSBwQQSeBV4Ts5B6b8F+s9elS207Qbq7uFRmEUELuSz8FcRg5YjzOeOGU9gKxq1zT/KrJbw7HeGvwLeKGu3S3Wq6dH05aOf/AEjVG9cYG31JBGQ7ng4DGMYPPuK5avyJP4TP+o30ea7ueDHgH0J4J6a0XTtvLearcxLFeatebWuZ1ByI1wAsUQPIjQBc8nc2WPnudV6tVzfvDXtHJYPNBV7UEe4/MUo8Y/ExPtfxJ+IEgGQmv3oH+9qAFWzZcuI9NYSSXLAA5vbsj6f2rVMI20A5H4Csj2o8CYfs/gr0JDjG3p2w/wDuFq6ZiLbl91WkVKazRXUE0CgUCgUCgUCgUCgUCgUCgUCgUCgUCgUCgUCgUCgUCgUCgUCgpIxQUGtQRmqJqBn8aYDJpgTmpgfAePlubvwT66twMlun77+kRP8AlSjxiutpBYfSor5bXGGYQRx50Wf1bFWI71/s6bgReMerQHj7R01u/XbaGrq5ivRY9zVRSTmgilo1HU/SPS3WmlvofV3T2nazYSctbX1us0efqAwOD+IwamrTLystjhHqj4GPArXw32DT9S0hsMEWC7M8Sbu4CT7iB+TDHtirNWvTxf8AO6bXlxP1D+zM6dvJfN0jr0EZDGO707AL5Ulso+MkKo4Htmtz1tfeSp0zD47UP2XOvyZj0/xB0Ux4KoJoZvQucqCAOeQue3b9K3+v7J0vn9R/ZbeJvmAWPWvTEkQ3kh5Jgec/KNmBwSORjBI9hT9WeDD57/8AhaeNGZNut9N/3ELXrZCE89k74C9+Mj86frQunLEH7KTxqkAiHUPTCRtJvYyXjn0j5RtWPvlVPc1L6snEXG+Vi9/ZQ+O8GnOtl1J0jcPKoEkJvZV5HGQxjxyO+ff8KfreydKNF/ZS+Pt20b6t1N0dYFSu4tezS52n6JHznn/9+an6txwvTHHPxP8Awa6t8KugaR1T1R1vY6wmr3TW8VtpdvJ5qbAGOPMKjbkr+WMYIPG563lLHWK66x0q0lWKLTtWIRcMjRKoYjgdn7YyOee3fHNnraZ2TprFXrq2TdjSL9jjhwsaY5BA2g4xuy34HtT9aeF6bWRH1xo7SbpdG1hs8n7yPDHI9s4AA3DHY59qfrTxU6a5/wDhR8AY/is6j1XprSNYXp690mx/eOdTi81J18xUKoIjlSoI5P17Cs31pnaLNNxiuzcP7JPqoRhZfFjRGcKcOtjOCr+zd+cZbj3zWf1b3i4Ydx+yN695Sz8VOnGjwAQ1tcJu7d+CO4/lj8cv1dsYTpWLf9kh4iXV5MdT8QemoYix2vG1xIzKRhgQUHt259vzq/rTnBh9ton7JayhZJta8VIPOTlWttKZtpD5Q+pxngDOfqan6t8Lhyh05+zS8G9Kkik1rqTXdTCAh1VYoA5PfnDEDgHAI7fQkUvrarxhJpkcl6R8F/w76QhUdDtdlmLk3N7K3qJyTwQBk81L6mvVtlemPtNI8CvB3QViTS/DXQYxAMR77QSlRnPBfNYtt5qzZ9nY6fYaZF5Gm2NvaR99lvEsa/yUCpiQ5ZAAFXGRUKCaCodqgZ5H5j/GlHi71ZcfafHbxEvUw27qedR+P+nuf/hrV3VxH0wTcW7SD+KSV/8AilY1m5zlH0KRFST+B/woPbjw0tf3f4ddK2BXabfRLGIj8RAgqaeCvpMitCpSM5qUXB2rImgUCgUCgUCgUCgUCgUCgUCgUCgUCgUCgUCgUCgUCgUCgUCgUEUFDDirBQeDWgyKCcigUCg+a8SrP94eHfVNht3faNFvogPqTA+KlHiPdOFGwZzUwPl9cICxMOwljPP4SL/40m1Hdb9n3dCPx5jiz/b9Oyx4/FYYP/yVvX2XmPS04qIpNBFBHvmlDnNIHvQTQKCoZ+tQTVEZxmoLbN7VR5w/tbdVW7bo3pvePuLaa8xn3eTb2/JavfceYdzpM0kzEOnqOa00tnRpvaVD+pFExhSui3Xfap7cg9qd1d3v2X19J058Q2m2twdn76029scA53fd+Yv9YxXPVyy9gUfNXFF5SKCc8VAJzVFJ4oIJzQQaUQKCaCc44oJBoKs0EZO4fmP8ag8RXvBc9e9W6ox4m166uM/gJLh/8q3VcfdCqx0WCQ92iQ/zGf8AOsr2fXaVbPfalaWKjJuJ44h+JZgv+dZqPcTT7ZbCwtrJRgW8McX/AAqB/lVnCMiqJB5oLyEms0VVAoFAoFAoFAoFAoFAoFAoFAoFAoFAoFAoFAoFAoFAoFAoFAoFBS1BZetinJoJyKBkUE5oMa/tlvrO4smGVuIniP47lI/zqDww6jtjp+tXtiw9VvcSQkY7FWK/5VGnyXUJ/wBBkcYGzJz9MYP+VVK7f/AJckfEJ08+cLdabfxD8dsDf/lrWrsZeop7cVEU5JoFA/WgVduwjI9jUDI+tBOR9aCcn60AE0A5oLL4qweU37VPWJJfGfT9PIO200e1C54Hq3sf8ak3o6JSyKSe3Nbwq284XGWGfzpN1VJqkccRQKM+5oOxfwQdSrpvxA9B3fmMAut28DY/uyEof+qsamXt4nBxjscVrIvKayKs0DIoIJHYmoKc/jVDcKCNw9sVAyaokDFBUCB7UDNBbuJvIgknJwI0Z/5An/KoPCRtUMGm9R6uz+p7e/uQfxMcqj+r10Vg9J24g0eGP6AL/wAKgf5Vgcn+CWhHqPxe6N0XZvF3rlkhH1HnKT/QGs6h7PE5JP4mqiMn61QBxQXUapYL1ZCgUCgUCgUCgUCgUCgUCgUCgUCgUCgUCgUCgUCgUCgUCgUCgUFLdqCw5rYt7qADQM0E7s0EBsOpP1H+NB4reOmkjRPF3rPSdm37Lrt9GBjHHnMR/Q1hqOKdeQy2U0SfMQVHOOSpHc1cJw7X/AmzWfjB4Tai4wNXs9VYH6/dyoD/AENa1XMHqiGGBRFu4ure0ge6up44IYxl5JXCIo+pJ4FBxL1l8UfhX0kZYINSn1q4i4ZLBMoDz3dsD+E9s120/j69XsnVHEHUHx3vF5zaF0rZQxRc+bdTPNkE4B9GO+R7fXsQa6z8Wd6z1PidR+OvxFLMYBo9qsbnzc2gIVRyQCScsFOSewPfvXX+k0ROu9mqPxu+Lck2BqFlsILAR28QJXPLHj0heMg9jkfSr/TaPB1VB+NbxOaPnVZ/MKiQBYEGFJx/d/BuTxxVv43p+E6qvw/GT4hz+Stv1dKplUurSW8LZG7AOCmec/0/GpPxtHheqs23+NbxYs54jJd6TeR7suJdPUKEHBJZSp+c7Rj8zU/ptHg665H8O/jw0PU9ai6f8RtCh0kySeWdRs5t0MYJCq0sTEsgJJzgnABPauPqfi3Tm6as1Zdk7rrjouyA+2dYaHBkZHmajCuR9eW7V55o1XiNZjFbxE8PmYRjrvp3cew/ekOT/wA34VZo1zsZjzp/aj9Z9NdYXumdMdMdJjVtSsbRJx1FpYNyxDsw+zMY8rsXvkkndgDA7y6NU3sWV5q3XTPWkBJn03WUHPezk9u/t/8AOKmNUGvn07qX5pLXUiAO7Wr/AP5amaq0mn9QO2fsl+f/APA//hUzeR3X/ZseIHSvRHjBpdl1p0t9ql1ORbKzvp7XaNOuHcBZ95XGedvJ7MSDxS7o9kf33osRxJrOnqR7Ndxj/wCKtYvgJOpum4FLTdQ6WgHctexAD/mp029jLgDxh+ODoDw21y46V0DTpOotUtxiSZJhHZoxAOBKAfMxnB29jxzg47en+PdUzq2ZurDg/Vvj/wDEjU3H7qsdG0iNmYDFv5rLj/WcsGU84IA7YxmvTPxdHdjrvZo7v4zPGOeRlk6rkhIABSG3iX1ZPAIX64BHcc8VqfjaJ2Oqsa4+LXxVik2XHXupqxZWBBCgp6e2VAzz2/yrX9PonYmqlt8Xnip5ixydcakpKkhmdCCOecFePY8/LkZ45qfoaLd4dVrfaX8ZPivHcCKXqdZlQkuJbWJsDIAyCuQPUp3E/h7nE/ptF7L1WPs9A+OXqoTm31PTNG1BhtHojaEk8buQccZB7f5ZxfxNNuIdVcp9LfGR0Pq+1df0i60zkK00MyTxAkZ+ob9ACa46vxdU4a6nMfS3XnR/WluLjpfqGz1AEZKRyYkXjPKHDD+VcNWjVo5i5jfbs1lWn6xu/sPSWuXoOPs+mXcufpthc/5UHg51E8kHQUEgOP3pCYQfrm72n+ma12tVvtCTbpkJPuu7H5msLHYT4JtD/fXxG9LFkylg1xft+HlwsQf5kUqWvVhSQBVROaBn8aC5GaDIXtWBNAoFAoFAoFAoFAoFAoFAoFAoFAoFAoFAoFAoFAoFAoFAoFAoIbtQY8lbgsng5q+wZJ9qvAc/nWeRP6UFD9j+VWjyP+NDRjpHxH9bRheLm9S7H0xLEj5/mTWOFjrxrAU202fwPP5jNJyO0Hwd6vZy9X/DlPbOPMhXVNLuAPaVJ5hg/mrqf1rVv7SPRvxf8aOkvBrp9NV6gnE15dArY2COBJcsO5yflQe7HgfnW/T9O+pcRm3DoV4rfEZ1p4j3gl1bWGisnmeOLTbdilukecE4BOSpzlzknBHFe/R6U9ObMW5cTT6/LO8rSXG5QkocS8GPZg+rGck+nPcjJznIFd5OWLcMRtQmkMU7ybvInHC7j/ebA4wAZBgKckHk8YrWJtb9+1Le0Utb6tKC8NqTIdyBQAIvOxkKQBk7MLyfmIB4Aq3effv/AHXflel07WZU8yCJPs26QsGlIOcj1MVADEklsdh6O5yal3MKP+y+ujKrBAsoBZpGkL4+cFmGclvUDnIxx37U4TGWRB0fr7TQKLiJY43IkUnLBsgdh7hgoyTxxxnmpmf2axWdB0JrMjbZtVjVdoVSV3FgMKVYnOeAv0GfrWc75Nm507w/FusjpdSS7ywYlgHPpIxnHt+XzHHYYqZxwNz/ANmL4FWVYJSm37zgBsE8ADv7DaT7An3oMBul7q1AVYpCpYBCMswYDAx3I9/Ye5wM5DaDTXfT2oK5ja0DIQQI+wYhR2xgheSP047mqmcxpZNE1GLd6Cdx8zuQfqCT9OM9u7DAq7qxm0DUZpo5SJEZzvwckAKchu3sMfyHtk1np7rlXB03NFMUywG3HlMGXb6Tls574Pb6MfpwxEba10K+SNrZd8hC52xE5XGNxHfALD8cY/OrJhOeH0NpoOpLBkRvG6O8m9cMSRIeCT8q9wR75H63jZd2yh0nKsHMUgZDvLRYyMZOADwSRnJ5AyBj2zicU5aTXfDyw1FTOHeI4QAxMBwGB4785JI/Uc5qxOWjk8LhaKy2uryh2eUoSi59QbnA/A4Ixjj2qp3YzeG+teZJGmsQYY5LDKK0jNgjb7jJyMducVc9kxlDeHesTgM13G6Alld3LNtwMDGO5VTz9SM/SrtbuuMLI6J1yBIo4bq2cFcFSwk2AsQcYHfBxkg+5IPNXOJhMY5VL0vqYhJihUbAEVkmIHy4KMCMbSAMgcfK1My8GL3WV0rqG3YJFGHgkYDzFbb63ZQysO27K5wcdwB7Yk+/3W5iYrjW7ExyeU4M2DEzqCqyHgIfYEAnBA4wB7DM6YW2ct9074gdQ6JcQ3UF9PE0IMsbxPskxHgZ3DnOeCOSSazdOZitSu0vg/8AG1qNpLFpHiPGdRsQdv7wXC3EQHBznAmAYgex57ntXj1/jZ30tzU7JeI/Vmi6z4E9YdW9O6pBf6fJ0xqc8FxC+VbFrJ/Ig8EHkHg15em6bi8tvF3r7T0i8GfDG8AAkv8AU76Mj3KRs0mf5kfzqcRY2dlH5VnDEBwqKP6CpIrtz+zk0QXnizrWtMmRpuhyAH6NLKif4BqnNSvRjOaqIyaCQM0F2MHNBkr2rAmgUCgUCgUCgUCgUCgUCgUCgUCgUCgUCgUCgUCgUCgUCgUCgUEHtQY8nvW4LJ5xTIdqUB2pkD+dJcAwpJkeYX7RPSDYePTX+zaNT0eznB+pUNGT/wAoqYWOo+poXt5lH/s2orkj4Z+u9P6EvPC7qe+R3g6d631pbhI+XePZBKqj2GfMI+gzk9q3p09eyW43faeI3it1X4j65qnWHVF48t7ehpEtlP3VvHENwgiVuyqhIBHzEFu7E19H0tE06dnK3d8tLp32mN4rh2UzJHFEy5KMwBTzA+R7OxI5BHGc5I74lYmcqkBMg8qGOVXZ3jcgKS5G4rjPHAbbgclRnJAqy+Pv3dcTuyI76IqsylomnQFGYERvGOdyk8g+kMRg8bgCcEhnP3/ZvYyF1GRkW5dZPv1DsWfAVFHmBQ/sw+X/AHv4guKW/f8Aaey+97NE/kQypvK7t+/Cp6tpXJ+Yh23E8Z7DG3Fa77J8qhqMkmxFKkofMb191znAbHB3KecYAIXPfEw0uxdQRmUSKNhhUM3cKyZ9Q2jOTgqQwJ4BPcECbcphkQ9SXFo4hmjZnTYkoxlc4DBwV78sBtAJH1yaY6buczZcj6rulO24zArt5Y82UuMKDkLz8wL/ADfKcHnuA6ZeSey5H1jqQKxm5eaV+PLUgOM4CkhiQCcZII7OMcg0x2izCt+tJCjSmZo2ZA26STZGFOOd/ccDAJ54bPI5mJ3TIvWsz3CpCszsx3tv9OEGBk4+pJGBnLAj8auN8G0Lfqua5Tz1nEUJG7OdwxuOHbjscHH1yo5zmkk5h8qB1KzJLHKjxPGGlJY7zjPbtyOdv+1tFJMGO6sdTOGjS8lmgkHLEfwAnO0qee3tgjAPPvTHYXF6pkjZJGBgJbYPNcAb8kkNgHGQFA98lQfrU6WkHrBDKpjiuZIR8x8xWZcAyFeD3xnOeQMEVcIpHVTgShriMKq7nYFm8p842g8bskZGfVgH8MzGJkXLjqp2Z3e3nVEZg580djxz291xgdu7Y7i4RjT9VNaRyBpFQ+XI5UM6kFu3BwSSWVeMjJUj3pxkm4uvPLN9nQIWICytHhgDvCBc+wByvHBI3YBwKYz+3v8A+T3WZdZuZ0kBfk7fNkjYkhiC5Ks2AOAApOMlTn6Ux5FFxqN0JpLhCgkCDyyG2guTk8kYZefTnthu+RljG8+/+DnZaXUGmbflYwZQrqgZQzF94dwcnjGCByA27sQRfv3/AILcC6jMn+gqjxzTSBGWQ5VpCxDyYGSqEDPHynAGGyKkzwLUlwxgWW7aTeIVNvGMK/zOQSq9mJByO20j65qXjf79/wCF75Y1zFalmtZU85xhJ23AsoYAbAAMZc854wS34kLz9+7pzysspGXgcFNqNjYAFYsGXOSWAOQdv0xjGWqX90wvD7Ppvxr6q6E6D626QsLifUNE6m0C+sprCaTm3nlhaKO4j9gQ5IcDO5T7YFeb1vSmrfvGtOrDrp1lM0+heD+hmRmCaFd6qUz8pmnWNf57GrwV1fQbsCorvr+zV0MJo3WvUjpzLPZ2KH8FDyN/itTuld2MfQVUMZ96CpRmgyESpaLtZCgUCgUCgUCgUCgUCgUCgUCgUCgUCgUCgUCgUCgUCgUCgUCgUFLdqCxIa2LR/OggCmRNBBGaARVg8+f2m+kBOq+jNc2kfadLntS34xzbh/R6z3WOjF2hdGT+8CP6VRmeCGl3utX15pcULtDpWsXF/KwUkJ5+nqiZx9Whxj3rr+Pv6mGNe0rkC6uzqRVI45I1QIwYYEkcsZIKjcfmVm7nAPvkV9TO2zjwuR+l9iq8cLPzGvoKB8/K/IztJ5GCMMMHk0nOy/Koo88CpAJShUwZAA3gISikDscbGU9yd3HAq4uMT74O7IgnsBJc3XPkNBK8aRyE4DspUYP1K9gBhiAMjNWYluODexdljuRK0MhMQaaGPcxYIsyuGjj290UsWbjHCZzzirvdkjGgiXYoW08mKb5XkYKyevB3EjnIJHHfn86bYM7si4tpt00VzErAQKBLEMCUDBMnPcAsFw2SCrE5JzS8WVPhaECPMwt7NpwkjyIWzulBmBz9cn1AE8gKCe9WzfC5WhFKFvFR0YQ7ARhd6I0hDMvbAX1HbnsV5OMCWrknhmCG4NuZc4lVg/rKFiQvbl8AhvbP6VdW2fv2kqY4GhvYYPJL+Y2I+NxkXu3v2UcqTnOeMHsxumbhbmFzDayM0a7lVgbndv52MNh+oIwyk5OFP8XNTsZyyPs58gGK0NsyRwIcgZO5QRg9gOSd31cDuTnWMGcMeRJ2VoGD7C0mIFkOEwiAwuedoQErgZzvOOwqXn/ouf8ALKljYwXV20TzojrgFiroGKbGIzkKCQWbggDPGSadtzirTpHIwKykhyCQ4CsQYWYvjIAUEbvpyQcmlmbb94SVammY27M0dxDhcF2XcpXy1IOQQQV57YPtkA5qW7bLPdkz20wubmJtjmNt+1XwhTYDujI754wMDgE4yCTfKK5IHM1xP3kVexxsKsTkkngqv4+wQ5wauN6mVMcW+3iulfcisBHHMMAgMu1mUEn5iV55y5bPOKdlXbOKdTdBbXzCqRny3GVhdZGUfXKgnBHGAuec8NM+/wBy1kNau88LrOkaNcRtDO7Fiz8Kq4/hRkJYnsOAeRSymWPa28CGCGCJ4lHlyQvKxBQABAGY+/AI2+4O3OM1mTTZDNZF1HMk8izQRwyIsUitF/Zkrs++X6jJ2g8bQrcA99bSbk9lqDbbN9zbNcpCzFNqg+bEk3LAcZJORk4zs55IqcbLnII39eWKrFJB629LLtkKRuRydgYHjnspckHAn3/afK48biUExtDIzh1cxtkoDtEg9wGO1vc4xnjirccpKtJEqs8dxboxdJJZAAEBY+gbnJ9I2nLkcekAcnnNm7VuUqLqOGe4eKWCKaQuY3TO/JHsf4ssCq8A5/E1m+fv3wvsmJXEjTi3ikAuHhYEDcY1c8Z7DcQxbtjLYHape/z9/wAkcR9eWENh4vWnTduxaDpfpzTNNjyQcZV5yPz+8FfI1Tp1WO+m5mWzV8nHvUX2envwAaENL8BF1Aph9W1i6uM47qgSMf8ASak5qV2WqomguIuanAyAMCsiaBQKBQKBQKBQKBQKBQKBQKBQKBQKBQKBQKBQKBQKBQKBQKBQKC3IasFhzmtCigUDFAx9KAeaYwOnn7STpK81jw/6X6gs7dpP3XqU1vKyjO1ZYwVz9OUqXlZy85r7R760wbqAxDj5xiquKp8E+pr7RfEjqHoWzdBD1fpixSNgEiSASsm38Tn+VdfQ/wDtjnr4civBbzXdvFbSJbyFWaBmKg4JUAJIBtZO64LE/KBk9vp6cXhyzV8IHKpPvWCb7lyGcKJGOdvAJHG5TnGGAz7Z1jt5TshYGlhKnYwliM5kEx3GMvtUZIGCNzBcj5lAIApLnbJldEtwQLhpQtxIW9UbBVnQ73xyfuwCqKB2OfmGRm5uMmyfLvBYsYHlWW3juIopyxG0fMhPBIIzyD6gMcbTipp/7lQtvbukMTxpNBdYWKBQRuLDzSdyqSN8YEhHYkDjnaNZnFFu7swsMOoefIysE3TKWxIcDMgx/ES49yTsPOFDFjF3M9lzJuNSMgja5+0QlXUnLyMQEVn4wGby5NwPPojyTnFM/utn37/tOy+DHPcm7EatAiGQRlQGzuBiIUZGRuJB7sZOwzg675TfhZQXOkWck8crRT29tHAsrnP3mGkKAHAYIrIQPr7nbipP2z4Xa1YltI4kOn4DxG1WONd5csuV3PnA5+8OAQP7QccZE7YF+4iitpYbtMWsLyFIZkxIpD+jJXH8SxsoO0BSrYxu5s5zOPv/AKTfipNncJLbssbRlJXtzGZCZCG3B03ZPZAgA+oOT2JmbN/v3/qvwtIl79oTYir5NuPLVsusD5ZTKQV5BLxrtOTyTjPqF4JxuvLbmQt9ieVPOZoQ3mKrNcIFjG3PbYWdWznOM+rnM5mYfLGtU3Ld21xOI2RfMiRl2mLDBlk5XhFUNlMHIwNjZBptjC3nMXbVYnt47Oe0ZJEQRSREEovD70UZOMLxu478tnGLp3mEu26ZYZBZJctCrzxwSvOY8Kk0jgIoJ9gzsowNuMZGMZK8bp32ZE+Xv3sH8vZbW5iRAQqqzMFIOeW7BNuVxlcZpeZFm0ViC0mVb6zYF5FhlErqQGWNSzPkgDeDl+T3IXHODmfuL7rUNo7Ktk6KH09/I8p1UiHKkKIs/NGTlvp6e68Ve0n37/wnuuLG8Edz9nkjjeFLiGKQvteHIJQ+x9JYsOBuBBx7nWOy5zhcjgDWlql7bt5cmyNLVVKFmY7svuGQWUbiPquDjO052u337TnNWL63kYR3rSlw2Gkmjbhzyzuo5IOOSDjJGMHHMtudxlFmsryK6eSRlltjJPNCSod1j2GVAg3AO2EGAAHG5VByReLkm+zIRIhdrBI6xxTF4riQ7dzbWGFfdnBdgybc7sAccZqTt9+/cE4W4/VbmPUpmEMEZ8z18iPzHAkc44HBUoR8xPH0e1RbiLyy21zOksQEX2qTCMZCVzsO3tgABj35kxk8EOrO8axjlbmhVbYy8pFAwjQlh925ClgqjaBhNqk5ypxnjvm2ckba3sRd3cdtBpqrHLJIkZSRvN3kgYGOM5bBYAnIJzTVJSV191CWLVPFnrjVbRmlt01eWzgcggtHbokC98n+A9zn618jXc67Xo0TEbm2R2lXKnv9Ky1h7B/C/oLdOeAPQ+mvFskbTFunBHO6Zmk/wYVNN2Zco1RUooL8a1mi7UCgUCgUCgUCgUCgUCgUCgUCgUCgUCgUCgUCgUCgUCgUCgUCgUEMcCgsua0LTfSqIAoIoFIFBOKDGv8AT7LUrZ7LUbK3u7eTG+KeJZEbHIyrAg1drsZefHxx/BXfJdXni/4T6VJdWDqZdZ0aAM7WpHeeBOSYj3ZF5Q8gbc456v2q6Q9B9L32o63qmodNRFOpdH0t9Y0tU4NxLaTRzNFn6vF5yfjkCtaNXTcpZmYcqR6xbavpkev6cIGtLqNtQt1lkWIiNwBtdQR6Q4ZXHpIK5OcgV9XRZZnT9/8ADz/x2pLOiTW9u0kSrA9xFsklZcSkMpYOSFDAEkbtmcqBzW7Z34EwXkcqBbm0fyIvTLtnUyDYx5QKNzYz7AAhiGJ4Zd75S7L1pcFF3WF3CBMFdLaYlfKbB8xEYEjazbT3JIkBIKZFZmqf2VQ+qRItw885WNJIJNkatvdpG9QCbjggBnIJbLeoAZ5vV3qXPdUl+gx9ovd8pkWIpHl2VFJd8YLNuLBWGMgoQFPpKl1b7/fv/ovsqtXjls44UtXSX7tC3dI1UuZFGzuMF2DBsursV9QxVlkmPvc91xriIyW+pw3TP5s2PMQ5lztO1QpOSpVCn1Hd9yEYsvfseyqC4SCO0MZNvbR28KI6qWdZFAdk/wBbKnnYcHYu1QdxCXBypi8j7c1taQRW8qXv3RdhhCqtlMr6iWMqke2SwXO3kL1pHFp8cjhI2hErpbqimRy+3AT6ZDRFc53YxkDcxW6b3wXe4gkkRgSYS+Y0j+VLNMwRbhTkD0nKj1Ie45VWOAOWznJIquUllhMaQ3EAc5V2BEYkR1cMMEggq24HJBO1Rhhl9XVeycLf2Z5rmdbaTyopLjEcsLB2Cuyxjdgelt2VyRkebu2kKQJbzheyuZ4rm83RRzAxi4ijDIFaBShRVPqO04BDNyAdpPfIXe7cnZkTC1nnljVvKgkJECyEiR0wPMGCpYDKNluCArDYy+oszVfk4Ysn9s8M86RtH9oAVkOI3bAXcxyuSxRgp+YcgqGC1bbfv37wnFLue1n0tURJ2uBJGIYo1/sy6mII247TkgoAW7k88FhOuTTsSXunZHcbtRt/LVGvy9qgJ3DL7yrJyASIzheW+XAIJIW9VyvC/NeW6X0EUkiOlvI0bh0Aikcbm2jd6iFRVK5G5mx2bLVM8QTFNFFOliXilQHyDDM+zarDC7XOFJCuuMFWK7iP4WFzvt9+/wCTstrJHHHIzeRBcy/Z2ZJ2Kovl53Ehc7d5TAO0AZwcPkVOrvDFi5G6Wiyl2uXZnSBj6GMaMPMZfQ2PMZSPx3Dac96vX3p8KFnX7LIQ8guAQIYYwfLL+ezsx2sfM7o24enbycBWBz1bY+8ndV58UNzGwgDnesUVuACSkffO0lTJyCwQ8els7FILMzmQ5mFyymitRHDNdyKxULJt5Me+R0DkopySAWKDcPl2+ngSXPBhQ9y32Z7SLT3V3CWkC+XExjEaOQFY4Vidu7kc78Kwzk23ssW3uLG8Qx7BNHLEoykm+NlDxgRliOBkoAc4ABBJfkZznYZ2+O7uZmYQxnY6LuTdtiOWDqp9TElEIJKg9wO2bdWkbKDUoultI1XrXULfzv3BaXN99nAaP7dMgLrCPSCAzlh8o5HcAYONerp03VV74jqBoOodTadJNJDLD9svriS6njVdyI8js7AZycAtjJNfIy9Hs9IPhP8Ag11brvoeDrPxptRpSXpWXTLW2iMdzLD38yUMSEVv4RjcRzwMZmbeFtxy7+2Fha6XY22m2MQitrSFIIUH8KIoVR/ICtRlkYqipVzQXkrNFdQKBQKBQKBQKBQKBQKBQKBQKBQKBQKBQKBQKBQKBQKBQKBQKBQW2JxVgtNx3rQoIzQMCgYoGBQMAUEigYBoKdvuOPyq7DgbxA+Dvwq6j6sXxL6Z0tunupoFneU6fhLbUDJEyMs0ONoLbvnTac4JzWOnF/audnmn4haVf+HHWGpW1jbyC3uJpJLnTy+2PzHP3k0akbRIcDcp9LEA8Hv29P1ei4vDF09TRR9T2mrjNpdJEbaQIySt9nMErDcu5O5AAZdx+fK7uAAPXNWnVvHPGNl1tdWPTo5r9rqB45FQIgwzmIYI3jbgBhHnJB5JGQQtamqSYMXOS51e5e5a4leX7RPuZZbSccze7AH5skLkgjcM5z6gNW43RXNqqWxjGlXr24CiRWXJ8uJ9zellbAQY4TkbvlMfy06sbEiq41aRxcwSwzRNAGUwh/MV5IrfYU2/2apsPGASMYzg71l1dvvCxcbXJbOWGC3jjaCAvJJOVACl1UsNx9Se5wW3ADJwORerGyYTa6rdQrHHb3Ra1tBGLebzAu1wjbF3EZJLmQbUxzn5Rtxqas/tnBZi+7LtNY09bBY/OWEfaZhJNtbD22zBViTuIEe30L6ht3MW7BNUvP37DG6LO7nYKL+Mi5W3SXAZDibCK4yAAuR9nYF8j1gr8xAk1d/uSzGy7Jq95DZW7NJvuV+9iBV0VCGbbkdjzGRkgHgjJIFaurMxEx5ZNlqcRvYo7uQW9tdyPNKwkWFmUFZoiuR2yZPUeSEBG5kBCaptIYUQ6leGIWVva25Du0kzGEkOVjXO1GyWVg0JIIOfqQ7qEvY2m65aXUkkkcUGXmluhFOjxo7oiEHzCWJw24MDtyoHpzx6bNWbm+ULbWUs5YmRoxeQtEIo1l3nz9zGYADvjeQB8nr45IL506s2eVs/wok1i6S0iaeSCO7so2jFuo4CuwD+lQfUoSQZxn0e7Iu252yKhqXkXtsmoG3jcXZluI96xvHvdRIu2PIU+iFu+/1HAbdkXNlLFu6vWu28m1dZFDyyLxGCuCjREh8rtMweL1+pi21+dlZtn375VdW++8t/IyiXK73LLuOSjEjB9X8PzdiFO3OGzerafd06WMusK1ybcyf6MdrSwEuVwu0OG3Z9LxPnAznHpGVwJdctzVxsu/vbNnbyNLCuoCR47yWQlBIGIWNmkOMeoKwK5zgyENt2VnNxnuSLEGqziK2OoSs8Ms8jtEEXEY3YcrESACIw65I2quRzkIF1YwYTcavdR2L3N8xkedpVtpN6LuYIqIBhfvMpuBB4bnIbO0rdt/v37sY3XbjqCO2vBYQoJ40EzPKz7lcybcErkgjcXGxyxABGTzhmbZMYYkOrRSWcOlnes9qdspG1QziNl4dsMoMkqJjscn1IMBXXtPMXp7riaq2y2lEMWWgEcK3EHDWyuiIqjOZEyO2FYBVUsBjDq6cYSTdZtNVuL+TLyRSuXe4fzLeQvOFDR7Tj5vSrtgDhSFB75dWZ97GI2NtqF3BZyTrb3M7RNiJNyqzK7NjA2ngrlWBGMDaAOcOrBjLKh1f7P/p2t6p9ms4RJHIySLHHvBjK/dqrHjA9C4chMd2AVdfukkfedF+GHXvj70rr/TXh/osELT26W8KXMiQrHG8qrLczuRkny1Kop3ModuSznHg9b1Zq2nDtp0+XZn4cP2dXh/4TXlv1X4h3Ft1X1BCwligEO2wtpB2ba3MzDAwXwo/u155LeXTMnDt/t4rbJg1QA+tBcUVKLo7VkTQKBQKBQKBQKBQKBQKBQKBQKBQKBQKBQKBQKBQKBQKBQKBQKBQUsKC2y1qXItkYqiAM0E4NAwaCKCdpoGKARigjnuKDoJ8cXgosWuv1Da23l21/umt5VXgOTl4z+ROfyNZHRLV9EltLryr62+8i9KSgkMozn0uOQPwBx+FWW6bmHyohuNWg8vZc204jYsRcxlXcYI2GRcjBBP8AB9O+0Cu0/IvFZ6d9mRBrsNus1vq9nJbRTRNEJFTzEjcsCGDp6VU8BjwMhjhd1ddPqaL3ZumrlnqFle291c2rpeMjCaQmbaSfUrEY5JIVtv8AFkEnkZHSXtGflmsZGgja4m86OSad2QorKRFuKF8YZ+AfTwSuSMZzTqzMmOyqz8uJrVWlmULm7Do5KgIyCOU4yAfmU7sk85HLmkti7qYEnGPPspd0cMaKjgbnUjzAmV7lgHU8exBK5BqS2THc91dzdSq63YkkWFoknjgOA7jaIgyqBtA9LFS3yqTznIpdWc2LIus0ljJJblI4Ge4uHBdcPEG27V4xhtpkBXJ7NleVCaurG/37hFy2nWGW2t1gkMFuEVvSjZRmXeyqWYF2CY3LnsvYZd5OTstvPPHEZJJY47i4sx5iYG4OPUZJM8BTlH3rjJ7EeoC9VMLqXivdfaTKj+fG7skRdmMrMpO4Y3AgPInpAAwRyuK11Xn799kxsrhLDTygtvOaaCVbREVpASzOVO08o3qQDJHrjO4ArUlxm/K3lQ1+iRPOGV7aOLy4kA4nBT7uSJQARh2LZ3bgWZsjJItvNTHZfurqQRJa2wkKHEMp2j7qWYgOVBOQCUQllO0q0Z9PqLrcffJjKJb5GgnjhhYSCOOZXVQFWMbSyljyoDo6nBJLsnJDA1LrzL/YxhaSf7YWivN0rx3MT3N0Ruj2sS75fbl2wUyMHcFYAEqGDqtuDCYLtxs1Msu62VpREi8xOzctgMCG3e6jG4A4yQr56sqn71rT7LOPLgCyQ+aSrpGrogRvSPUwl3ZcEsu/JGCwEmrZbtysC9SFo/t7yRRPbhlWVTKQqhiCN3C+hpSAu5Uxt/ip1b8fexjwqEay/ZoPMiikS28vc/LH7sJw4PmZBfeB3wfTnGKZvCcUvfLuLpwlnsLxLGqNGokXcrhmfJwB3iLgD5PScAVdqb9wSxvayTfaokitVCmJpMRmZkIdhjHAZDgAlfSV9K5paMmzgmmmkEKW0e6R286VPMcxAocsWz75ICqc5OSMGrmf3Rixzm705YnkiigSFE85UysWQj+vuznagUDOMunGQamdtl7sS/6j6fsAkL3cE0zvLH5ELNMTHvbCDaWbGOwwBy3OQKl1TRLksudmOeotVvXb926R9hj2lVnuzsbaVIOIUORkk7sld3I7HFc9X5Mn8Wpo8tr0/oGpdS61CZXuNQvC5KyTNu8snuVHyoOT2H868+rXdd3akk2j1Y+Ejwwi8PvDaO8lixeawRKzEcmJchf0J3H8sVnmq5xqhQMZoJC1BcValFdQKBQKBQKBQKBQKBQKBQKBQKBQKBQKBQKBQKBQKBQKBQKBQKBQKBQQRmgtstalFFUKBQKBQMUCgYoNB1z0PoPiF05ddMdR2xltbkZV14eFx2dD7MP69jxUHm38Q3wzdZ+Fd7Pe3WntqegyOfI1OCMtGB7LKP8Au2/Pg+xNTPleXXS80aFGPlgp+FRGA1jJEcrzj3U80GDc6VZzyeZPYRM/Hr2Yb8PUMH+tJbBZfTWBLW+pajATtHpuS3CtuAw4bjI7VueprndMRMy688hkGvHceCXs4ySMAEZXb3UAfl2xk51+vrzmp0xbWbqmKRZXvdMuMZz5lq6Mf1DHsOBnIByeSTWp+Rq8HSvrrHUgaIT6dpsqRyiQxwztGuBGVVQrRlQB6fbkKvuAa1PXnhLo8KJNd1KSFluemWZihBMV5Eyk7QOM7Svqyw9s4yMZBfrafFW6au/9qHEsofpvUYhMBG8kbxu5j3ZI4cnOMgHuNxPJC41+vptzU6KuQdUwrcm6ksdUtwW3SILAYcHIYYXco42jGNuE7Ekmr+tovcxUQ9U6MqBpYLuJBE4kRLGZHkd5NzDfjO0kA+42krjtiz1PTvdOnUpk6v0FSTm6ZHVD5f2WZVzhmORtHqRgoGc5yDljnNnq6JxS6bVf/a/RmiPmX6yGK3CJE9i+11C42khMg4Cc+7A/iBP1NHGVxcqZesNEIwslxnKd7WVtrMB5jL6e4KrtbgAZFW+rp8nTQda6LEgSz+2Ivl5GLCbeGXcyITs5TJxyM+tiduABn9TRxlOmpj6w0WHfD5d+6qqkONOkXzX2EMDheRu2gHOQq5BBJq31dHlcVEnWGjYaJtN1S4WWTZMRYShGXP8AaBSowc+oDGASRjaSKn6ui9zpq3cdbeYylNE11mdlZ2S2wUKldpVmIYFUG0eo+5znBqfraPJ01jL1fqTQ/Zz01q7r5fk5aSJBtYt5gGXyNykDIx+XFZnracYXpqm56p6ku1Kx9J26O4cyNLfou9yVYO20HJ3LljwT2GATVvr6ZxDp8qY9a6xQPHbaXo1vHIxd1MzuTwBtJEYOMDkZxkn68Y/qPEOmMhNT6tYNEkmlQROroVWGSUgNnIBYg4ORkHPb8TT9eziHTEmPX5tok6hmhVcgLaQJCMHGR/FwQoH6HOcnOb62vsvTELoVvJzdyXN4Tj/0mdpBx29PC/0rF16rzVxG1s9LdR5dparEPfYoQf0rI3mmdNNLIvnvj/VX3q4Hbz4Uvh4u+sL+HXb2ye06ftZA09wVwbhh/wB1Gfc/U9l/PilvaGMPQSCCG2hjt4IljiiUIiKMBVAwAB9AKsmBXt5pkSFqZEhMe1MisKBUE0CgUCgUCgUCgUCgUCgUCgUCgUCgUCgUCgUCgUCgUCgUCgUCgUCgUCgUEEZoLZFagjH1qhQMD6UDFAoFAoFBbuba3vLeS1u4I5oZVKSRyIGR1PcEHgj8KlmR118UfgY8IuvJJtQ6eW46U1CXLFrEB7Zm+phbgf7pH5Vm6bOFz5dYut/2fXjRoDST9MyaT1LbryotrjyJyP8A3cuBn8AxqZveLMeXB3VPgx4odGsydU+H+vacF7yTWEnln8nUFf61OrT5OmvjHsQG2Mqhh3HGf5VrlFt7HHPlECiLTWijspFFwtNaD6UMLbW/Of0PFFwtPZjvxiiYUG2FMGFP2XAyDg+1XBhQbU5yDz+dTBgFs39/+ppgwfZWPO/+tMIqFm39/wDrRcJ+x898k1cIkWOT3qCoWH1I/lVwKhYcdx/KmFwuDT1zyTSQwuCxj4yTTBhdjsY/dSaIyY7KMHiM1Bn2WmS3Uq29rbtLKxwqRoWYn8hzV2nKzdy70F8Lnjb108b6T0DqNtbPg/atRX7JDj65kwTx/dBrP6k7L045dtvB/wCA3pvpiWHV/EzV1167jww0+1DR2in/AF2Prk/L0j86b3kzOztTY2FnptpFYWFrFbW1ugjihhQIiKOwVRwBVm3DLIC5pkVbRQAMUE0CgUCgUCgUCgUCgUCgUCgUCgUCgUCgUCgUCgUCgUCgUCgUCgUCgUCgUCgUCgpIoKCMVqURVCgntUCgYoIqhQM0EbvwoI9qB7Y9vp7VMS8j5vXPDbw86mDDqHoXp/Ut/drnTYZG/wCIrn+tZvp6fC9VfA6t8IPw5axuM3hdp9s7fxWU01sR+iOB/SnR4q9VfG6n+z9+H++3G1j6k04nt9n1TeB+kiNUui+Tq9nWb4q/h++Hb4cOkbjV7/xZ1qTqG5XZo3Tey2mvNQnbhAFUKyR5+aRgAB2ycA2adXNu3wZz2arwA+CbrPxw8NbfxFu+obXpiO/mdbG2urN5zPCvBm3Ky4UtuA4OdpPYis9Wq8G05fX3v7NDxOjz9h8QOlbge3mR3MRP/K1OrX4/2ZjQXf7OPx4hz9n1DpG5x226lKmf+KKp1avBMeWnuf2fHxHwk+VoegT/AIx62g/6lFa674v+l28tTf8AwIfEzZxSTt0HaSpGpYmLWrVuAMnu4qdW+MUx7vgo/hx8a5opJ4egLlo4pTC7C9tuHBxj+055rpc6eYkbHR/hU8fdb1T9z2Hh3O12EMmxr61UBRwTkyYqapZM4p7PqI/gY+JxuP8AybY/2tUtB/8AiVjr9quPeMqL4DviZfk9B2if7Ws2o/8Ajpdee1Sz3ZsPwBfElJjf0tpEQ/19bh/yzTqt7X7/AHMTy2lr+zy+IKfHnp0xbZ7+Zq5bH/DGavVZ2MSd28sv2bfjJMR9s6q6Qth74nuJP8IhU6tXaf7NvL6LT/2ZvVbkfvTxR0aEe/2fTZpMf8TrTOrxP8n7X1WnfszenI9p1XxW1Kb6rbaXFF/Is7U/eZj7DR/2dXglZAHU9Y6p1Fh/eu4oVP6JHn+tMarzTM8Pu9C+DT4dNBKunh3BfSLgh7+6muP6M23+lOnzTq8OTunug+iuk0WPpjpLR9JVeB9jso4j/NRmk0ydk6rW82n3zW8oqC/WoJoJoFAoFAoFAoFAoFAoFAoFAoFAoFAoFAoFAoFAoFAoFAoFAoFAoFAoFAoFAoFAoFAoIIzQUkUgYoI21cicVBGKuQwKZDApkMCmRG2rkMGmRGM0DH05/KmR8N4keOXg/wCEFm174l+I2hdPhRkRXd2onf8A2YhmRv0U1Zm7nLqh4hftVOgoGk0/wV8Ndf6yuWJSK+vv/NtgW9ipcGWQfgFBrNuic1rorjp9Z/aYfFBxpss3h705d8/+a4P3Smw8f+lT5uHGPeNTWP1v/wCJ9+bs10ycuQvBX9lt0p07rydaeNXV0vV2rFvMlt4mlZJn9/OuZSZpR9QojB98jis2a9e+q/fvj/KdUnDvRY2FpptnBp+n2sNta2sawwQQoEjijUYVVUcAAAAAdsV0m20Y5Xdoq5EYq5E7amRi6oMabeEf+wk/6TVlHWHS0P7s1TIGBqD5yvv5prfqEr7jwwVP/KIWXnFrMPlpb+0c3YrAY/CqJxzUEhamRUF+tQTgfSgmgUCgUCgUCgUCgUCgUCgUCgUCgUCgUCgUCgUCgUCgUCgUCgUCgUCgUCgUCgUCgUCgUCgUCgUCgUCggj3oI4oGBQMfSgigUCgUwNRqfV/Sujbxq3UmmWZT5hPdxoR+hOa1NNHFPXfxg+BnQcbG+6sS8kU4K22Ao+vrcqDgc8Z/rVwuK6x+KX7TjVJ4ZdP8GOiUuJzkDUtRDC1gHsxJAMh/BRj/AFqm0MTu6/x678XfxHah9pPVfW+uX4l3W37kMtpZ2BPHmR+TtjQjPzMxOM81i+pJcS/4akrs14Z/srOiLG4TXfFnrO+17UpPvJ1ts7mb/WuZ98jfmoSsWa9W9v8A1+/4Xqk4dr/Dz4f/AAd8LFRuiPD/AEmwuUAH2xofOuj+c0m5/wCRFWenObuzdVrkLA+lbZTQKCKCCKCk9qsGLqbH923f/uJP+k1ZN07OsNhPu0zVcA//AEo47d/vTWvU5V9x4YSs/iGwOcC3nwc/0pf4jm+shmgqFSiQPeoKqBQKBQKBQKBQKBQKBQKBQKBQKBQKBQKBQKBQKBQKBQKBQKBQKBQKBQKBQKBQKBQKBQKBQKBQKBQKBQKCD2oKaBQKBQKBQRjI7fzqjqx1J8AfRnUPUV5rB8S+rbWyu5ml+wRyowjDHOxXbnaM8ZzgVmzXeK1NWG00v9n18NllbNHe9O6pql0+Cby71OTzgfw2YA/lU6L3p1ez7LpH4Rfh66NnS707w10+8uYzlZtTZ70qfwEpKj9BU6M87nVZw5etLKzsLZLOxtYbeCIbUiiQIij6BRwK1JJtGeV+qFAoFAoFAoKCKDD1UY0y8z/9Xk/6TWpyOr2mEjTNRBICnU3yR/701rXzgj7fwpkV/EF9rA4huAQD71b/ABK5z71kSBmpRWBWRVQKBQKBQKBQKBQKBQKBQKBQKBQKBQKBQKBQKBQKBQKBQKBQKBQKBQKBQKBQKBQKBQKBQKBQKBQKBQKBQKCKCOPfNBFAoFAoFAoKTWhUKyKgMUE0CgUCgUCgUCghqDrB4u/G90L0No2tXOn9Napr0GmSG0vPsjr5seX8t38oZbC8nnGcD61uSRcOv2m/F74AQaHJc33iJpsBu9ReWOCeOUS+WZmAd0CEqOPerrmbmJG28Nfjn8F7PxMhsdDfUNclvJZbZmsbF44YFJIaV5HAG0bR2BPINW2dOMrh3W8OPFLpTxQ064vumrl2azZUuYZMb4mYErnBIIOD7+1Y4uEsw+xXtUorFQTQKBQKBQKBQKBQKBQKBQKBQKBQKBQKBQKBQKBQKBQKBQKBQKBQKBQKBQKBQKBQKBQKBQKBQKBQKBQKBQKBQUkc0EUCgUCgUCgiqKlqCqgUCgUCgUCgUCgg49zQeMPxSwIfFXVJhGoeS4cswGCfUfcVbtRxDc9P6dfQBJrSNl3bsHPf69+9Qyqs9HsbGdEtYTD9djsvfv2NFtenX7OhYIOgddtoI1RRPA+AMZJDZJ+pq90dvVpRcqBQKBQKBQKBQKBQKBQKBQKBQKBQKBQKBQKBQKBQKBQKBQKBQKBQKBQKBQKBQKBQKBQKBQKBQKBQKBQKBQKBQRjnNA2igYFAwKCCPpQCMUEUCgqHagmgUCgUCgUCgUCg68/G/wCLfUXhR4Nz3HTcWrQ3OsytYPqWljdc6chQsZkUck8AZHIyTg4xVnkeQPV/jL1D1vrQ1DWZ9F1W7A2zXFvN9kklI/jaGThWPJIHGe1W6sjGi63dYwrdNakT9Y2hcH9d9ZXDX3nXlzFL5iaA8O33u7yGID88MTVhhy/8PnxY+IHh11bZan0s9prd1bq1ta9NWPmta3JmZFlku7jGFKop2EfKewbJq9RHtboGpnWtE0/WDbNb/b7WG58ljkx70DbSfcjOP0rNRsaBQKBQKBQKBQKBQKBQKBQKBQKBQKBQKBQKBQKBQKBQKBQKBQKBQKBQKBQKBQKBQKBQKBQKBQKBQKBQKBQKBQKBQKBQKCKCCPpQRQVDigmgUCgUCgUCgUCg61fHPMq+HNjE/IaeVv5KKs3g8rNd07Tb28kN3p9rceo/2sKsf5kVLBppOk+mJfm0Gw+uPIUf5VMLmqY+kOmkbMPT2nBu+fsyH/EVUy5R8JIYdP6m00RQxxp56+lECjOfoBQezPSL7+ltHfvmxgP/ACCg3NAoFAoFAoFAoFAoFAoFAoFAoFAoFAoFAoFAoFAoFAoFAoFAoFAoFAoFAoFAoFAoFAoFAoFAoFAoFAoFAoFAoFAoFAoFAoFBGBQTQKBQKBQKBQKBQKDq18edxs6K0qHdjc1wcfolJwPMHUTm6kx/eOKtFgIc5JqC4BjGPeg+08NTjqSylJyEmVv60Hsd4fzef0RoEpOd2nQf9Aq8j6MdqgmgUCgUCgUCgUCgUCgUCgUCgUCgUCgUCgUCgUCgUCgUCgUCgUCgUCgUCgUCgUCgUCgUCgUCgUCgUCgUCgUCgUCgUCgUCgUCgUCgUCgUCgUCgUCg6gftBrsRaDoUGeSlw2P1UVew80r2Um8kH4moJ38UFyPewwP0oPrvD12Gt2oH/tR/jQexfhc+/wAO+nGz/wCrYf8AprUH1ampRXUCgUCgUCgUCgUCgUCgUCgUCgUCgUCgUCgUCgUCgUCgUCgUCgUCgUCgUCgUCgUCgUCgUCgUCgUCgUCgUCgUCgUCgUCgUCgUCggnFBNAoFAoFAoFAoOlP7RG4IHT8OfSLSdz/wAYAoPOO6fN0+T7+9BUr5GR70F+Eu3AoPq+gSRrNtzz5g/xoPYfwkfd4Z9Mt/8A26If41uQfYK9QXFapgVZqCaBQKBQKBQKBQKBQKBQKBQKBQKBQKBQKBQKBQKBQKBQKBQKBQKBQKBQKBQKBQKBQKBQKBQKBQKBQKBQKBQKBQKBQKBQKBQUmgA/jQSDmgmgUCgUEEgd6ChpAK1IOjX7Ra6H7x0G2z/6tkc//wC1qlHnZcuTcuc/xGoJjkxRd2bGxCgjiiPs/DmPzNZtx7+YuM/nQewHhECnhn03Gx9SWKKf5mt6eB9huxVgqD1MCsSVMCsOKmBUCDUE0CgUCgUCgUCgUCgUCgUCgUCgUCgUCgUCgUCgUCgUCgUCgUCgUCgUCgUCgUCgUCgUCgUCgUCgUCgUCgUCgUCgUCgUCgoerBa3c960Kg9SwVCQe5qYFW/3waghnA/D86uMiC5IyASPwq48ihnI7qR+lWYFoyA9jWuB0L/aLThupNHQPkppIBH0zJIaxqHn4HL3Dk471kV5we1FjOif0AGhX1vQGofZdbt2BHpcH+tEev3gnfx6l4W9O36sGM9rlm+rB2H+VdJcwfdAMf4G/PBptBQZUQ4Z1U/iwFUVo+/5Du/2Tn/CmJBVvKn1Aj8xipsLiyccVLBdU5FYFVAoFAoFAoFAoFAoFAoFAoFAoFAoFAoFAoFAoFAoFAoFAoFAoFAoFAoFAoFAoFAoFAoFAoFAoFAoFAoFAoFAoFAoFBbkIxgVYOOfEXx58J/C1HHWfWlhaXKgn7HE3nXJ/Dy0yR+uK3gdZuu/2lfT9lJJbeHnQtxfEZC3WqTeUh+h8tOf5tS2Dg/qf4+viA14sun61Y6LE/ZLGzRSP959xqZ9hxvrXxF+NvULl9U8TeoZc8ELfOi/yUgVc3sZfMz+InXVyxefq3WGzxl7yQ5/manVq8mVy28RfEC1Xda9Z6tDg8YvJB/nTq1eTLf6V8SPjr06ytpfiNrmF4C/bHYfyYkVc1cuTuifjy+IiO5TTZbm31VvZLy0WV2/4QD/AFqZ9jZ8f8R3iN1H1rrV71Br1zYw6ndqgvtOiJMVvIkaptjJJKnCjIyRuzxWand1xsrma5ZpI7SVueduD/mDWcjJkuFTHmxypzj1RkVWmZbP5kQ2LIc9iIzRKztNvLyyv4/s8G6TPAdto/XGTRHZOP4nvG7w46E0zQdB6jjTTgjvm2hUNAxOTGHIJx2OM+5rUuIsw40134mvF3XnZ9R611mbd3D3kgH8s4q9dMvnW8W+vblsydRXxz/euHP+JqdVMrtt4ueIFlKJLbqTUUI90uXGP5GnVfI++6Z+LXx20Dy1tOvNUZE7JLOZV/UPkGnVe6Obuh/2i/XWnOkPWvTun6vCMBpY18iXHucrx/y1cwdn/C/4xPBrxKMVoutnQ9RkwPs2pEIpP0WQek/ripjPA5yiljmjWWJ1dHAZWU5BB9wR3rIroFAoFAoFAoFAoFAoFAoFAoFAoFAoFAoFAoFAoFAoFAoFAoFAoFAoFAoFAoFAoFAoFAoFAoFAoFAoFAoFAoFAoKXZUUszAADJJOABQeb/AMS/xndedVdRap0n4c6vLofTdpM9oLi1O25vguQ0hk7ohOcKuOMZPNbm3A6lXlxcXk73NzLJPLISXeVizMfqSe5rN3GP9nYtu5Iz2qi9HaEnlTgDPIoDWhDHOAAwAz9aUT9knkJSGJ3299qEgUFqbyLPi81GytSeD591GpH6Zz/SnJJawZOpujrR9tx1VaNjsII5Jf8AAAUXC5YeK3SmhLcrouozx3VwCpvDbEvGP9Qdh+eDVWTD5S58TvtU8661p1veLIzSfaonZQzE8kqwypPfGcZNZu6YwxrHqHRmcm31GziRudpuFUj/AIsVn4Ju2F3rmkSRLKlxCyYBys6OMZxng1T2fQ6FP03d2bS3erRxwQsqu/nIiox7dzUtpI1Wt9U9AabOyW2qXF8wOAtv6mY/Tjj+tX5MJ6c8Tr+yhv8AT7+2VNHuyrfZ7hTNI5UEA8fJwfY57fSrwuMLj9S9CyjI1O6tM59MkBkC4/Hv/jVxDC9YX3TF7IDa9X6UfYCYvCT/AMS4/rTpqYb6z0M3Sbra4tbkH/6vcJJ/QHP9KmDFjOGiT27YkhdPwZCP8aiK/wB3OPbirnsLlvZPEQ0bMp4I2nGKuB2B+Hz4ouvfCXWbHTNW1OfVelZJkjurK4cuYIycNJCT8pXO7HY4IpzyPTq0uoL22ivLWVZYZ0WSN17MjDII/Agisi9QKBQKBQKBQKBQKBQKBQKBQKBQKBQKBQKBQKBQKBQKBQKBQKBQKBQKBQKBQKBQKBQKBQKBQKBQKBQKBQKBQKDiv4n+uJfD/wAD+qNctZjHdy2v2G1YdxJOfLyPxALH9Ks5Hkdd/eMz57nA5/8An8KSjHjtjJlERpG+i8mqMfVNR0bRdranq9nbsBkx+Zuf8tq5P86YWS18xd+KWiQl49M029v3xwzkRL/mf8KZMTu1j9cdb6i4GnWdrp8fsVhDsP8AefNMlxFp9H6p1hg2sa9eSg91Mzbf5DipmmWZZ+H1mBmcPIffNRMtwvQ+kR2rbbUZAzkn/wCc0MtEnT1h57wyWqAse4oZY9/0vabNioFz2ouWvuugoruJsOvAz6u1DL4XWNJ/dTiMIWibjOBiixlaLocWo+l7fcsfq3bc4/SjVkcgaF0nYXUKhGCj+EY/i/TgUYtfYaH03pcp8p4txIzk8e3aiNR1ZoWmQuI7W0QerhsZOKD5odP2aFgINpcDJHcCmVyhenBH64JHQj5cf/pWpd1lbfT7/rLSsLp/UF4q/wB0zEj8sHIpkzlvbLxE6li/9OsrS9Ve7PFsY/X1JimZeU2b2w8R9BnONR028sc8b48TJ/Lhh/WridiyPpdO1LRtTONN1W0uS3OwPskH4bWwf5VOm8pivUH4P+s7jrDwP0hL53a70OSXSJS/zERH7snP/wBmyD9KyOa6BQKBQKBQKBQKBQKBQKBQKBQKBQKBQKBQKBQKBQKBQKBQKBQKBQKBQKBQKBQKBQKBQKBQKBQKBQKBQKBQKCCcUHTn9oD4p+H134bRdE2nX+lfvhNTiuJ7CGXzpPLVXB3BMhSCRwSDWumzerh5xar1vZwKItH06W8dc/e3Hojz+CDk/qau0MYfM3191hrylJ9QeC3Y/wBlAPLT+Q7/AK1OoyxrTo21Db7li7DLNk1m3KNlb6FZW5Pkwrn6gUGxhs0QDI7dxQbOAxLH8uAPb3oMhJx8uAOKDKjlWQYYkg9iO2aDRz2bLeuMcLyR+NBgaqyR3YU9iBig1V/fyFltk4BHq/EewrXYafqnS4rzQyRH64wTn3rMWL3hJBbzfbIpVVj5ePrxirhbs2enzPpGqvCq7kcEqPbj8KjL7bSDtcyxMDujLDHtn3oNL1BFmTezZLEY5/Gg11va7l2d8DGe1BlC22kDbx7cc0FXkqEfHYnHJ5PFBakiIUAcDHagspbxlwXQqc4P+FLRQLII+FYD34rUqx9/4d+MPil4Y3YueiOt9U0tTgtFFcEwvj2aNsq36itZadtfDD9pD1jZLFZ+JvSlprEQwGvLA/Z58fUocox/LbS6ZUxHbHw1+KnwT8URFBonWEFlfycfYNS/0afP0G70t/uk1m6bEw5aVgwBU5B5B+tZRVQKBQKBQKBQKBQKBQKBQKBQKBQKBQKBQKBQKBQKBQKBQKBQKBQKBQKBQKBQKBQKBQKBQKBQKBQKCzc3dtZwSXV3cRwQwqWkkkcKqKO5JPAFB1v8Xfjs8KPD/wA7TOk2fq7Vkyu2zfbao3+tMR6vyQH8xW+nyuHSfxe+Lrxu8VfOs7zqJtE0mUkDTtKzAhX6M4O9/wDeOPwq5xwvDgS5svOJeaRnduST3zWMplaWxii5VR+PFRF1IPomce1BWIM5znB7j24oKvKA4wM4oCxs7FQpOPcdqC8AkYKjv9PqKBJMkQXeoQNwCxAI/nQbPSdB6o11lh6e6d1PUWx8tpZST5P+4prF9TTOa1029m81zwj8X+n9Eueq+o/DLqTS9EtFWS5vrnTZY4oUzgMxYZAyRyfqKT1NN4OiuJtdubbUJG/d11DO+3AVHGcj371tlqooL43cxvkeKTcBtcYIGPp/OrnsM65j32ksJPBU8VJSbNd4aSG01S5iBwcY4rVbt2b++06e+u447WIvNv3KFGSfqBWWa+l6L0zUtT1236Y061uL7VNQcWtrZ2w8yeaQ9lRByT/4E0txM1JM8Psepfhj+IW23XMng51csS+405nwPyTNc/1NP2VrotfAal0d1l04+zX+mdX00rwftdlLDj/jUVZ6mi3Eq9GqdmLFvIDhtxBydpzz+nats4VjIP8AF+poi8jrjBUg++KKtTKHVlXGDRKsYVv7MFCOM/WhFyGUhjkKQv48fyrWWssqK6ZDujYYFWU5bmz1aH0m5iww7Mvf86uVc4eFfxO+LnhsIoemusJL7Tk/9W6mTcQY+g3Hcn5qRWttRteXb7wx+PLw+6kMOm+ImnT9KX7YU3BJmsnP13gbkH+0CPxrF0eE6fDstpWr6XrljDqmjajbX1ncLuiuLaVZI3H1DKSDWGWZQKBQKBQKBQKBQKBQKBQKBQKBQKBQKBQKBQKBQKBQKBQKBQKBQKBQKBQKBQKBQKBQKBQKCl5EjUvIwVVGSTwAPqaDrn4y/G34a+HL3GidJsOrdejypis5P9FhYe0kwyDj+6mfzFamnyuHR3xZ+IXxS8Xrpz1j1I8Gm7sxaTZExWyfQFQfWfxYk1qbLNnFU10SdsaBR/X9Kl1FrBmfdnap59z9KwysCJmycZzQPs/Bcj0j3/woLiW3lnLkcfQ/0oLhjiTMhACgZyTwDQNC0m96m6k0/pHR0jk1LVSWtYZHEYkUEAsGb+EFhz+NS3Eysmbh3E6N/Zmdb3gSXrvxG0rS0bl4NMtnu5B+G+TYuf0NYzrvEwv7Z7ubOlP2d/gLoQR9d/f3UUq4LfbL8wxMf9iELx+ZNOjVeb/jY6p2jl3pj4ePBDo4L/2e8K+mbV17SNYJNJ+e+QM39afp6e8ydWry+9trG1s4hDaQRwRrwEiUIo/QYrc0ycM5yi+0+y1Kyn03ULWK6tbqJoZ4ZkDpLGwwysp4IIJBBpZnkeR/xmfBLqPgV1rH4l+HmnXE/Ql3dCRjEpkOjszYaGX38k5IVzxg7WOQCcz9u1dMzVu4i1jp61bpbSdZtcyN51xZySE7iwRspk/7LAD8BW3Ovi7hTGrqTk4wKD5/pi5W06mZcYEhPt+Nbrd2jl3o3SJ9X6lSzsIpJLqdJY7dI13OZWjZUCj3JYrj8cVjLPd6PfBB8HNh4EaAnXnXFlDceIGswffFsONJgcAm3jP/ALQ/9447n0j0jnEmb1VrVq7R2tCKowBitsLdxaW11GYbmBJo27rIoYH9DxUsl5JbOHw3UvgF4MdXhv8AtF4X9M3rN3kbTYkk/wCNAG/rWf09Phrr1eXE/U/7Pn4dteDtpujaroEjdjp2ouUB/wBiXeKdNnF/6r1Tw4a6v/ZgXIDy9C+J0Upx6YNWsSh/LzIif+ip++eKn7a6l+M3gd1z4G9RDp3rm3t4ZJYluLe4gm3wXEZbaGRiBn1cEEZBx9RW9Nt5MPg5rKeFtk8TxspIZWGDnP0NVMMfymQkZ9+cUQVFB3YBOc8/+FUVAurYzjPGPrVzFyy4LuePHlsUcdz7VZVy3+n9U3tsNtyoli/HGf8A9qs1Uy5O8M/GXrPw/vV1Hw76tutJkZg0tkT5lrP+DxN6T+fB+hq5zyZy7m+Evx3dLa48Gi+LWnL01qD4QalCWk0+Vvx7tD+uV/EVm6PCYdo7DUrDVbOHUdMvILu1uFDxTwSB45FPYqw4I/KsIyN1BIOaCaBQKBQKBQKBQKBQKBQKBQKBQKBQKBQKBQKBQKBQKBQKBQKBQKBQKBQKBQKBQKD4Lxl8Z+jPA/pGTq3q+5kKs3k2lnAA1xeTYzsjU/gMljwo5NWTI86fGv4tfE/xlEtjLff9nOmpSRHpNjKQ0y//AG8ow0h/DhfwrpLJw1jDg9tUEERhtYgpbjcOCR9KxdXhLWJuYtuYncf6VlFYjYnjA/E0FbWJJBPG7/5zQX0sXaRbeGIyyPhVVFyWPsAPc/lUtxvSS3h9X1F4M+KfSvRDeIfUPQ2qafoYdY1muIhGzswLDEbYfBweSAKk1TV/Fq6cOGr7rC5JYWltHEp92O5v/Af1rN9SRrTol+XympajfarcBZ76V0ByVLHaP0HFalzyYei3wL/C/ofWmjdP+LvVUVxHf9L3scWlnnbJGELTxkZGQWaEEkHHlkDGSaapdWN+GZcPQ8dq0ymgUCgUFuaCG4jeGeJZI5FKsrjIYHuCDwRQdCPje8EOiui49Ov+h+mbLRbTWDcXF3BZpshNzHt9axj0oSjnO0AHbnGaSY2OXQDWbPyJHAXgZxVHyNkBFqZmYjOSBgds1vs1nZz74CzAeJHT92W/sr6BgfowdSK54SvaoY9vfmiJoFAoFAoPi/FHwf8ADzxk0SPQPEPpq31W1gmSeBmJSSGRWDBkdSGXlRkZwcc1nVpysuHkH479Ea50D4pa1ouoiWGSK4dM8gPtOM/QgrtYfgwrWq3JOHxELNIMTwK5PuPSf/ChjL6bo7wx6r8RdRbR+htEudUvgm820QG8j8CSATgH37A0u0yYjV9RdF9S9J6lJpPUuh32l3sZIa3vLdoZM/kwBI/EVJqmrgss5amWOSM4xgkd6olZsJt5J44JHetZTC5FcsrZQ4YdiKD6LTOq7i3VYb0LcQH0ncM1c4WVzF4Q+OnXvhZdi68POoM2LMGuNFvSZLSb64TOY2/1kwfzrVxVzl38+H74j+mfHjSrpbWzk0nqDSlU6jpUzhiik4EsTf8AeRk8ZwCDwRyCcJhy+j5phF7vWRNAoFAoFAoFAoFAoFAoFAoFAoFAoFAoFAoFAoFAoFAoFAoFAoFAoFAoFAoFBB4oPLb46fFe6638bbvpmyud+m9Nxfu2FQcrvyGnb6ZZwBn6ItX2HXgNJv2k5/GmaKxEWy3b6CoLiwFW+8OCuMg0H0PSfRXVfXOpx6J0f07fatevwIbWAyMB9Wxwo/EkCpdU08riu2XhZ+z26j1FYtR8Veok0mJiGbTtOKzXBH0eU+hP03VnOrVxsv7Z7u2nhx4CeFPhZEh6Q6Ps7e7UAG+mXzrpvx818kfkuB+FOid06rw+o6x6O6f676av+k+prBbvTtRiMU8ZODj2ZT3DA4IPsRW0eaXjP+zM8UNL1y4u/Cua117SZnLRRPMkM8QPsyuVH6qSPwHap0xqasKPBn9l74o6hrtvqXirqOn6BpkTq8kMMy3Ny4BzhVXKA/izYH91u1UurL0x6O6Q0HoTprT+k+mbEWmnabEIYIwcnHcsx/iYkkknuSakmGW6qhQKBQKBQdd/ji0X94eDyaokQaXTdQjO7GdqSI8bf1K/yoPKnrOyMQeQDaM4qwcbrGEvQVBxnk44yO1b7NdnM/gtchNetbpCSYZ43H6GudZe3NnKJ7WGcdpI1b+YBoL1AoFAoFAoOFfiD+F3ovx5tkur1/3brUCBI76OPd5ij5VkHBOM8MDkA45HFB1ftv2aHWQ1TZN13pKWO7mRUdn2/ltHNFy7Y+BPw49E+BWmPFoqte6ncLi4v5lAdvqFHsD+ZPH04oj7vq3oTo7rzTm0nrLpnTtZtGBHl3lusm3PupIyp/EEGs3TLystnDqv4p/s4+hNf87UPDHXbjp66bJWxvC1xaE/QN/aIP1b8qmNU4XMvLpb4t/DL4u+D8jy9V9KXA09ThdRtR59o34+Yvy5+jbTVmvzsY8OK2jeE4kTk9q1llehGYpMfKOTVGdpF3NbXaXEMxUggjnFTkcxeDvitf8Ahh43dO9XNMRaNOtpfqvpEtrNhZQR24GGH4qDQy9aIZEbDIwZTgqw7EexrQzFORWRVQKBQKBQKBQKBQKBQKBQKBQKBQKBQKBQKBQKBQKBQKBQKBQKBQKBQKBQKBQYmr3q6bpd5qLEBbW3knOfoqlv8qDxR66uJ9S691nVZ33yXV08rHOcliSf8ae418UZYsrYz+dFb7pDpPqDrXXLfpvpHRLrV9UuQfJtbZNzkD5mPsFHcsSAPc1NWqad6SZdy/B39nnGvk6140a1vc4f9zaXL6R+Etx3P4rGB/tVjOrV7f8AK7T3dwukehekOg9JTQ+junrHSLFMfc2sIQMfqx7ufxYk1qaZp4S23lvQMVpE0CgUCgUCgUCgUCgUHGvxH6P+/PBLq2yC7mSwNyv4GJlf/wCE0HkT15aDypsDs3v9KQcWiyxcBUbBZiCe+Pw/+fausajkfwnlKaqyhVyMHg49QNc6le3HTE32jpvSrj/2tjA/841NRGzoFAoFAoFAoFAoFAoLU9tBcxPb3ESSxSgq6OoZWB7gg8EVMZ5HW/xj+BLwi8SVuNS6atv+yOtS5fzrCMG1kf8A14OAM/VCp/Os4unitdWeXnz42+AfWvgF1HH071etpMl9E01jd2ku+O5jU4LAHDIQe4Yfz71qXPMK41hc+YAPb2rURuriR57u1yTkMozUR7FeDWtSdQeFnSWsSyGSS40e23se7MqbCf5rWpcxa++i+SpUV1AoFAoFAoFAoFAoFAoFAoFAoFAoFAoFAoFAoFAoFAoFAoFAoFAoFAoFAoFBauraG8t5bW4QPFMjRup7MrDBH8jQeGfj34i6j014vdT2HT/g7q1t07BqEsOl+bO00s0YO3zC8asnrYEhc5UEAkkE1Nps1Y4+t/F3rG+la207wr1ZXJIZndlCfmSg/wAaTVCTdzh8MnjlqXhZ11qOsaHLouq61LarBLdzxyxR2sTkF7dQwYFtyjLDHpx27VZjO7WI9EPB/wCMTQ+sNSs+neubC30a9vnENrewTCSzllPCxse8bMexPBPHFXE7M3T4dkQcjNRlNAoFAoFAoFAoFAoFAoNV1Xpw1fpjV9KYZF7Y3FvjGfnjYf50HjV1xbOv22N15QYPHuP/ANc0g4jjhZ5ZdwAVWByfcZrrGn2fhj5kXUboTg+U2Oc5wRjt+tYqV7ZeHdyLvoHpu6H/AHukWb/zhWso+hoFAoFAoFAoFAoFAoFAoOlf7U17228FNHuNA6Y0S/1qbVxbQXt/CWms4vLZ38ggjDNtUeolcA8ZxiWTlY8pD1Z4q2JVJuiVusDPmxxuAT9DhiKuYuG46S8ROuT1Jpt1qnTul/ZLe6SS5sppJd9xErAtGrRsWUsMgMBweazdWNl06cvVLor45PDXRtP07Qm8P9S0bSrSFIIY4LpZjBGBwNrBS+Pcg810kmNizLtD0F170l4jaBF1J0ZrcGp2Ep2l4zho3HdHU8owzypGf0qVh9JUCgUCgUCgUCgUCgUCgUCgUCgUCgUCgUCgUCgUCgUCgUCgUCgUCgUCgUCgUEGg8lvHHTm03xH6htlBTydSuUxu9vMNIt3rh+Sw1/rTqIdE9JQia9eMSXc8gJhs4m+UsMjc7dwuQMDJ4wDZLTjlun8OPB3p2OPSNa1bWuo7+JsXE1tclLZG91RE2px9R/Kt9OjT/Lk3rPk6B0tNPbVPCLry6F7EWeTp3WmcpIijJKOxbb7jKHjuVIqYmr+JnE3ejXwSePh8cfCdV1UyJ1D0xMNL1SGYjzlZR6C/1bAIJ7Hbn3rFLO7sPRCgUCgUCgUCgUCgUCgg9qDyF8dtCHTvXPVujEYFpqNzD+nmMR/TFBwvY6FC8ztc3gVTwCo7nvXTRdmo3ug6W+gdY2291ZJgyhu2cjOf1qaivZHwVuPtXhJ0hPnO7RrX+kYH+VYZfa0CgUCgUCgUCgUCgUCgUHUn9pLbeb4MaPNjPl69EP5wyCivLlbfUOqZZo7O+i0rQ7SUwXGpSpuM8gOGjhU8EAggsc5IIAOM1rTpymcPrOk/CbpDVruODSfFaTT7zHpa6tlkUnHH3TRLuH4IwOO2a3NGi3Eq5vdna/pvVPSesw9MdWrbi4nj87Tr6ykL2WqQgZLwMeVcAEtG3I5xnBxNUum4pLly/wDCp40at4P+JlldyX7toOrSR2es2+fQ0LNtWbH9+MkEHvt3Dsa5W4axl6woyuisjBlIyCDkEfWqwqoFAoFAoFAoFAoFAoFAoFAoFAoFAoFAoFAoFAoFAoFAoFAoFAoFAoFAoFAoPPf41vCe+6V6s1DrqO1c6Jq268adR6I5Au6WNj7HgsM9/wBKznFw1JneOtmk2d50L4UWV0zCPW+uf/OF7cxnDiGWNZWVT3HoaKMfQA11z06duak3u741mSMYiA2LwoA4H4Cucas7rtpfTwutxBM0c0LBo3XujDsabzhHa/4C7jUtH+I/U7iztJIdF656OS9nwMRfvC2mUEL+Ijcfpj61dVzqJP2vRmjJQKBQKBQKBQKBQKBQQe1B5cfG9p50bxp6pjxtS8aC6XHuZIVJP880nI61SL9nihw351qLGwvtSaabT7zd6rfav+6DRXr/APDTefbvAnom4zkNpMYz+RYf5VllydQKBQKBQKBQKBQKBQKBQcX/ABJeEn/lp8JNY6LguY7a/IW70+eT5Y7mPJXP4EFl/XNLnsTnd5AdT6fa6frMmh2EAhstH/0K2iUcLsADN/tMQSTTXzI3p8tSVcMO/fIpylck6Zfr4h+GesdA6tzqVi0epaRfkffW1yhOxg3fBYAMPrg+5zvT++YqcbtN4fb+oLOy1UwlBdqPMjx8jk7XX9GyP0rnYucPYHwY1W61rwp6T1K8JM8uk24kJ7llUKSfz21NO8TVy+0rSFAoFAoFAoFAoFAoFAoFAoFAoFAoFAoFAoFAoFAoFAoFAoFAoFAoFAoFAoMTVNK0zW7GXS9X0+2vrO4XbLb3MSyRyL9GVgQR+dSzPKy2bx55/HX4Xz9L63Bq+kaesOk58+3SGPbHFCyKjooHACMicDsrD2Fa/wDzjwOoEshRjjNRpXpltd6ldRafZQmWe5cJGq8ksf8AL8azZc7LMd3rh8LPhbN4ZeE+k6dq1qE1KcfapA6+uIMiqF+oJVFJH44ParzcsZcx1UKBQKBQKBQKBQKBQKBQecf7RjRJIfFjTdQiTdHfaNC8mOSHSSROf0x/Kg6i3cRdQpBwKZIt29u7IEALcjHFay1a9cfg3neb4bui0lI8yC1mgYZyRtnkAB/TFZZc00CgUCgUCgUCgUCgUCgUEMAQQRkUHkB8TPhnf+GPjFr+kXFu4trq5e8spCPTLDIdykfl2P4irfKuKGjBGGXn61FfeeCOi3ep9XSrbRlgbcQn6F3kXaP+Umt6eUrsJ8Hnw6WnV3Uury3elXk/QmgatdJBqFw2xdXmWUnbEF7xB95LA4xge5rlcXaLdt3ola2ttZW0VpaW8cEEKCOOONQqooGAABwAK1JhldoFAoFAoFAoFAoFAoFAoFAoFAoFAoFAoFAoFAoFAoFAoFAoFAoFAoFAoFAoFB81194f9N+JGgSdPdS2hkgY745EOJIXxjeh+uCQQcgg4INJcDqT1L+zY0q/v2n0LrsWkDHOx7Mrj9FYj+QFNly5R8D/AIJ/Dfwg1GLqG9nfqDWIcGKa4iCxRMP4gmSSR7ZOB3xnmhbl2JHFETQKBQKBQKBQKBQKBQKBQdKf2oWq9b2PhfoendBdMdO31/qd1NHLqGowCS7s40VWxak+lXYnktkYHAzyM3bfDUeVz9ZeN9szW1/0DFcyKeWNsyc/7j4q5MRYuuovGBiouoLHRFmyY44EEkv6KSzH/wDWpmzhZJbu7a+CvxhfEN0LpVlpw1yW70+zjWOOxutNQwpGP4QFUMv6H37mtTOMYXVi8O//AMOfxXdM+OMS6JfwR6R1NGhZrQPmK5AGWaEnnI7lDyBzkjNGLO8c9UQoFAoFAoFAoFAoFAoFBxj44+APRPjroK6Z1HC1vfWoP2LUYQPNgJ9j/eXPt/LFB0r1f9nn4rWmtmy067sr7T93pukmjQbfxDkMD+h/Wi5divAj4N9H8NjFf9VXNrqEyAsLSIFo2kIwWldgC5xxtAC/nVz2iZdkbOys9OtYrGwtYba3gQRxQwoESNR2VVHAA+gqC/QKBQKBQKBQKBQKBQKBQKBQKBQKBQKBQKBQKBQKBQKBQKBQKBQKBQKBQKBQKBQKBQKBQKBQKBQKBQKBQKBQKBQKDq3+0B0/z/DTQ9S25Nrq5jz9BJC/H/KKDzN6hvrfToJbyYM2GCIiDc8jsdqIoHdmYhQB3JFFb/SPC3RtJ0+Hqfxk1Ce2muwfJ0KylKOAP4JHX1OR7/wg5AHvW5pnNM1nWlj8Od7OLbUegb3TgfSt5Y3EiSx/RgwbdkfmK1b6d2kTfuyCeoPA/X9H8R+ler36h6bt76GS21Un/SbCTcBH5x4MkRPoYsNy55LA5GNUxuuXr94d9ZWXiF0PonWunALBrFlHdBAc7GI9aZ99rBh+lZR9HQKBQKBQKBQKBQKBQKBQRgUE0CgUCgUCgUCgUCgUCgUCgUCgUCgUCgUCgUCgUCgUCgUCgUCgUCgUCgUCgUCgUCgUCgUCgUCgUCgUCgUCgUCgUCgUCg42+ITwyn8WfC3Vuk7Dy/3h6Lux8xtqmeM5VSfbcNy59t1B5MWnROoR+MkHTnUWnz2kvSttcareWdzGUeO4Eiwxb1P03SMPbsRnitaOS7R8/rmv3PUWt3OrXpJMzFY1J4jhHyqPoAP65NYtzWpMMLymDZ2llyCD+BpKtj6foYrqV5P0fqDMdL12N7eeNuQrFT6vwOMg/kD7VvTezN8vR/8AZ4nqq1+GbSem+tbG7s9Z6c1PUdJuYLuMpMnlzkpuU8jKOrfkwrEuYV2XqoUCgUCgUCgUCgUCgUCgUCgUCgUCgUCgUCgUCgUCgUCgUCgUCgUCgUCgUCgUCgUCgUCgUCgUCgUCgUCgUCgUCgUCgUCgUCgUCgUCgUCgUCgUCgUEEZ4oOJPiQ8N7brHw11ifTdMhbVrVUvBJHCvnTJEDuQsBlvQz4H1qy4o8gtb0+bRNRuNOmQh4JCuSPmX+Fh9QRg1zu1dJutR3LSQeW+NoPHsazjfZc7OV/hn8PtT8SPFjRdJsLdnhjuFlunA9KRj5if8Ad3H+X1rrHO7vXvTtI0zSftJ0ywgtftk7XVx5SBfNmYAF2x3YhVBP4CmEZlAoFAoFAoFAoFAoFAoFAoFAoFAoFAoFAoFAoFAoFAoFAoFAoFAoFAoFAoFAoFAoFAoFAoFAoFAoFAoFAoFAoFAoFAoFAoFAoFAoFAoFAoFAoFAoFBBGRig6q+PXwJ9KeJN1Nr/Rd7HoupSsztbyA/ZyxOTsZQTGM87SGXJ4ApcXlZbHBWifs2fEm61ARa11HpNjZq3qkSYyMV/AKv8A4VJJF6nc7wK+HvojwI0NtP6ciNxqFwoF3qEqgSSe+1R/CuecZJJ7k4GKy5SoFAoFAoFAoFAoFAoFAoFAoFAoFAoFAoFAoFAoFAoFAoFAoFAoFAoFAoFAoFAoFAoFAoFAoFAoFAoFAoFAoFAoFAoFAoFAoFAoFAoFAoFAoFAoFAoFAoFAoFAoFAoFAoFAoFAoFAoFAoFAoFAoFAoFAoFAoFAoFAoFAoFAoFAoFAoFAoFAoFAoFAoFAoFAoFAoFAoFAoFAoFAoFAoFAoFAoFAoFAoFAoFAoFAoFAoFAoFAoFAoFAoFAoFAoFAoFAoFAoFAoFAoFAoFAoFAoFAoFAoFAoFAoFAoFB//AA==',10,30,0,'Kg','5',1),(4,'ETH85254','PRUEBA5',2,4,'GDHYTR','FDG5YR',NULL,50,300,0,'Uni','20',0),(5,'145246548','FUSIBLE 20 AMP',2,4,'GATO','DFSSHD124','C:/Users/Msi/Desktop/Imagenes_Prueba/P_145246548_5.png',30,500,0,'Lb','20',1),(6,'LP001','BALANZA ANALITICA',3,6,'TOLEDO','AJ123456','C:/Users/Msi/Desktop/Imagenes_Prueba/P_LP001_6.png',70,100,0,'Uni','5',1);
/*!40000 ALTER TABLE `productos` ENABLE KEYS */;
UNLOCK TABLES;

--
-- Table structure for table `proveedores`
--

DROP TABLE IF EXISTS `proveedores`;
/*!40101 SET @saved_cs_client     = @@character_set_client */;
/*!40101 SET character_set_client = utf8 */;
CREATE TABLE `proveedores` (
  `Nit_Proveedor` varchar(45) NOT NULL,
  `Nombre_Proveedor` varchar(45) DEFAULT NULL,
  `Nombre_Contacto` varchar(45) DEFAULT NULL,
  `Direccion` varchar(65) DEFAULT NULL,
  `Ciudad` varchar(45) DEFAULT NULL,
  `Numero_Telefono` varchar(45) DEFAULT NULL,
  `Email_Contacto` varchar(45) DEFAULT NULL,
  `Numero_Fax` varchar(45) DEFAULT NULL,
  `Pagina_Web` varchar(65) DEFAULT NULL,
  `Detalle` varchar(65) DEFAULT NULL,
  `Clasificacion_OIMS` varchar(45) DEFAULT NULL,
  `Aprovado` tinyint(1) DEFAULT NULL,
  `Adjunto` varchar(245) DEFAULT NULL,
  `Activo` tinyint(1) DEFAULT NULL,
  PRIMARY KEY (`Nit_Proveedor`)
) ENGINE=InnoDB DEFAULT CHARSET=utf8;
/*!40101 SET character_set_client = @saved_cs_client */;

--
-- Dumping data for table `proveedores`
--

LOCK TABLES `proveedores` WRITE;
/*!40000 ALTER TABLE `proveedores` DISABLE KEYS */;
INSERT INTO `proveedores` VALUES ('1325432K','PRUE 2','JAIME','CARRERA 4','CALI','4357346','PRU@EL.CO','3547467','WWW.PRU.COM','PRUEBA','SI',0,NULL,1),('900100375-0','IDETECO LTDA','HENRY SALINAS','CALLE 80','BOGOTA','4363402','ideteco@ideteco.com','3176422019','WWW.IDETECO.COM','ASEGURAMIENTO METROLOGICO','SERVICIOS',1,NULL,1),('9001003759','METROIL','HENRY SALINAS','CRA 111C #88-05','BOGOTA','3176422019','HENRY.A.SALINAS@GMAIL.COM','3176422019','WWW.IDETECO.COM','SUMINISTROS ELECTRICOS','OM',1,NULL,1),('90897011','PRUEBA 1','Nicolas','CALLE 8','BOGOTA DC','3653645','Correo@hotmail.com','7689556','www.mipagina.com','EURHPGJRNGR','RIGUJG',1,'',1);
/*!40000 ALTER TABLE `proveedores` ENABLE KEYS */;
UNLOCK TABLES;

--
-- Table structure for table `rel_productos_equipos`
--

DROP TABLE IF EXISTS `rel_productos_equipos`;
/*!40101 SET @saved_cs_client     = @@character_set_client */;
/*!40101 SET character_set_client = utf8 */;
CREATE TABLE `rel_productos_equipos` (
  `IdRel_Producto_Equipos` int(11) NOT NULL AUTO_INCREMENT,
  `Id_Producto` int(11) DEFAULT NULL,
  `Id_Equipo` int(11) DEFAULT NULL,
  PRIMARY KEY (`IdRel_Producto_Equipos`),
  KEY `fk_Rel_Productos_Equipos_Productos1_idx` (`Id_Producto`),
  KEY `fk_Rel_Productos_Equipos_Equipos1_idx` (`Id_Equipo`),
  CONSTRAINT `fk_Rel_Productos_Equipos_Equipos1` FOREIGN KEY (`Id_Equipo`) REFERENCES `equipos` (`Id_Equipo`) ON DELETE NO ACTION ON UPDATE NO ACTION,
  CONSTRAINT `fk_Rel_Productos_Equipos_Productos1` FOREIGN KEY (`Id_Producto`) REFERENCES `productos` (`Id_Producto`) ON DELETE NO ACTION ON UPDATE NO ACTION
) ENGINE=InnoDB AUTO_INCREMENT=12 DEFAULT CHARSET=utf8;
/*!40101 SET character_set_client = @saved_cs_client */;

--
-- Dumping data for table `rel_productos_equipos`
--

LOCK TABLES `rel_productos_equipos` WRITE;
/*!40000 ALTER TABLE `rel_productos_equipos` DISABLE KEYS */;
INSERT INTO `rel_productos_equipos` VALUES (1,1,2),(2,1,3),(3,3,1),(4,2,1),(7,5,6),(8,5,2),(9,6,6);
/*!40000 ALTER TABLE `rel_productos_equipos` ENABLE KEYS */;
UNLOCK TABLES;

--
-- Table structure for table `rel_productos_proveedores`
--

DROP TABLE IF EXISTS `rel_productos_proveedores`;
/*!40101 SET @saved_cs_client     = @@character_set_client */;
/*!40101 SET character_set_client = utf8 */;
CREATE TABLE `rel_productos_proveedores` (
  `IdRel_Productos_Proveedores` int(11) NOT NULL AUTO_INCREMENT,
  `Id_Producto` int(11) DEFAULT NULL,
  `Nit_Proveedor` varchar(45) DEFAULT NULL,
  PRIMARY KEY (`IdRel_Productos_Proveedores`),
  KEY `fk_Rel_Productos_Proveedores_Productos1_idx` (`Id_Producto`),
  KEY `fk_Rel_Productos_Proveedores_Proveedores1_idx` (`Nit_Proveedor`),
  CONSTRAINT `fk_Rel_Productos_Proveedores_Productos1` FOREIGN KEY (`Id_Producto`) REFERENCES `productos` (`Id_Producto`) ON DELETE NO ACTION ON UPDATE NO ACTION,
  CONSTRAINT `fk_Rel_Productos_Proveedores_Proveedores1` FOREIGN KEY (`Nit_Proveedor`) REFERENCES `proveedores` (`Nit_Proveedor`) ON DELETE NO ACTION ON UPDATE NO ACTION
) ENGINE=InnoDB AUTO_INCREMENT=11 DEFAULT CHARSET=utf8;
/*!40101 SET character_set_client = @saved_cs_client */;

--
-- Dumping data for table `rel_productos_proveedores`
--

LOCK TABLES `rel_productos_proveedores` WRITE;
/*!40000 ALTER TABLE `rel_productos_proveedores` DISABLE KEYS */;
INSERT INTO `rel_productos_proveedores` VALUES (2,4,'1325432K'),(4,5,'9001003759'),(5,5,'900100375-0'),(6,6,'9001003759'),(7,6,'900100375-0'),(9,1,'900100375-0');
/*!40000 ALTER TABLE `rel_productos_proveedores` ENABLE KEYS */;
UNLOCK TABLES;

--
-- Table structure for table `rel_ubicaciones_productos`
--

DROP TABLE IF EXISTS `rel_ubicaciones_productos`;
/*!40101 SET @saved_cs_client     = @@character_set_client */;
/*!40101 SET character_set_client = utf8 */;
CREATE TABLE `rel_ubicaciones_productos` (
  `IdRel_Ubicaciones_Productos` int(11) NOT NULL AUTO_INCREMENT,
  `Id_Ubicacion` int(11) DEFAULT NULL,
  `Id_Producto` int(11) DEFAULT NULL,
  `Cantidad` int(11) DEFAULT NULL,
  `Aforo` varchar(45) DEFAULT NULL,
  PRIMARY KEY (`IdRel_Ubicaciones_Productos`),
  KEY `fk_Rel_Ubicaciones_Productos_Ubicaciones1_idx` (`Id_Ubicacion`),
  KEY `fk_Rel_Ubicaciones_Productos_Productos1_idx` (`Id_Producto`),
  CONSTRAINT `fk_Rel_Ubicaciones_Productos_Productos1` FOREIGN KEY (`Id_Producto`) REFERENCES `productos` (`Id_Producto`) ON DELETE NO ACTION ON UPDATE NO ACTION,
  CONSTRAINT `fk_Rel_Ubicaciones_Productos_Ubicaciones1` FOREIGN KEY (`Id_Ubicacion`) REFERENCES `ubicaciones` (`Id_Ubicacion`) ON DELETE NO ACTION ON UPDATE NO ACTION
) ENGINE=InnoDB AUTO_INCREMENT=18 DEFAULT CHARSET=utf8;
/*!40101 SET character_set_client = @saved_cs_client */;

--
-- Dumping data for table `rel_ubicaciones_productos`
--

LOCK TABLES `rel_ubicaciones_productos` WRITE;
/*!40000 ALTER TABLE `rel_ubicaciones_productos` DISABLE KEYS */;
INSERT INTO `rel_ubicaciones_productos` VALUES (1,1,1,0,'300'),(2,2,1,3,'200'),(4,4,2,0,'N/A'),(7,2,5,75,'N/A'),(9,4,4,3,'N/A'),(10,5,4,2,'N/A'),(11,2,6,2,'N/A'),(12,5,1,0,'N/A');
/*!40000 ALTER TABLE `rel_ubicaciones_productos` ENABLE KEYS */;
UNLOCK TABLES;

--
-- Table structure for table `solicitud_compras`
--

DROP TABLE IF EXISTS `solicitud_compras`;
/*!40101 SET @saved_cs_client     = @@character_set_client */;
/*!40101 SET character_set_client = utf8 */;
CREATE TABLE `solicitud_compras` (
  `IdSolicitud_Compra` int(11) NOT NULL AUTO_INCREMENT,
  `Id_Formato` varchar(45) DEFAULT NULL,
  `Id_Usuario` int(11) DEFAULT NULL,
  `Detalle` varchar(200) DEFAULT NULL,
  `Fecha` date DEFAULT NULL,
  `Formato_Moc` varchar(45) DEFAULT NULL,
  `Proveedor_Sugerido` varchar(45) DEFAULT NULL,
  `Proveedor_Seleccionado` varchar(45) DEFAULT NULL,
  `Justificacion` varchar(45) DEFAULT NULL,
  `Firma_Solicitud` varchar(45) DEFAULT NULL,
  `Firma_Aprovado` varchar(45) DEFAULT NULL,
  PRIMARY KEY (`IdSolicitud_Compra`),
  KEY `fk_Solicitud_Compras_Usuarios1_idx` (`Id_Usuario`),
  CONSTRAINT `fk_Solicitud_Compras_Usuarios1` FOREIGN KEY (`Id_Usuario`) REFERENCES `usuarios` (`Id_Usuario`) ON DELETE NO ACTION ON UPDATE NO ACTION
) ENGINE=InnoDB DEFAULT CHARSET=utf8;
/*!40101 SET character_set_client = @saved_cs_client */;

--
-- Dumping data for table `solicitud_compras`
--

LOCK TABLES `solicitud_compras` WRITE;
/*!40000 ALTER TABLE `solicitud_compras` DISABLE KEYS */;
/*!40000 ALTER TABLE `solicitud_compras` ENABLE KEYS */;
UNLOCK TABLES;

--
-- Table structure for table `ubicaciones`
--

DROP TABLE IF EXISTS `ubicaciones`;
/*!40101 SET @saved_cs_client     = @@character_set_client */;
/*!40101 SET character_set_client = utf8 */;
CREATE TABLE `ubicaciones` (
  `Id_Ubicacion` int(11) NOT NULL AUTO_INCREMENT,
  `Estante` varchar(45) DEFAULT NULL,
  `Entrepano` varchar(45) DEFAULT NULL,
  `Caja_Color` varchar(45) DEFAULT NULL,
  `Zona` varchar(45) DEFAULT NULL,
  PRIMARY KEY (`Id_Ubicacion`)
) ENGINE=InnoDB AUTO_INCREMENT=6 DEFAULT CHARSET=utf8;
/*!40101 SET character_set_client = @saved_cs_client */;

--
-- Dumping data for table `ubicaciones`
--

LOCK TABLES `ubicaciones` WRITE;
/*!40000 ALTER TABLE `ubicaciones` DISABLE KEYS */;
INSERT INTO `ubicaciones` VALUES (1,'3','2','Amarillo','Reactivos'),(2,'3','2','4','Bodega'),(3,'2','1','3','Gases'),(4,'1','1','Rojo','Acceso Especial'),(5,'2','4','Azul','Gases');
/*!40000 ALTER TABLE `ubicaciones` ENABLE KEYS */;
UNLOCK TABLES;

--
-- Table structure for table `usuarios`
--

DROP TABLE IF EXISTS `usuarios`;
/*!40101 SET @saved_cs_client     = @@character_set_client */;
/*!40101 SET character_set_client = utf8 */;
CREATE TABLE `usuarios` (
  `Id_Usuario` int(11) NOT NULL AUTO_INCREMENT,
  `Nombre_Usuario` varchar(45) NOT NULL,
  `Usuario` varchar(45) NOT NULL,
  `Salt` varchar(64) NOT NULL COMMENT 'Contrasea del analista',
  `Hash` varchar(64) NOT NULL,
  `Id_Perfil` int(11) NOT NULL,
  `Foto` longtext,
  `Id_Doag` int(11) DEFAULT NULL,
  `Email` varchar(45) DEFAULT NULL,
  PRIMARY KEY (`Id_Usuario`),
  UNIQUE KEY `Usuario_UNIQUE` (`Usuario`),
  KEY `fk_Usuarios_Doag1_idx` (`Id_Doag`,`Nombre_Usuario`),
  KEY `fk_Usuarios _Perfil1_idx` (`Id_Perfil`)
) ENGINE=InnoDB AUTO_INCREMENT=7 DEFAULT CHARSET=utf8;
/*!40101 SET character_set_client = @saved_cs_client */;

--
-- Dumping data for table `usuarios`
--

LOCK TABLES `usuarios` WRITE;
/*!40000 ALTER TABLE `usuarios` DISABLE KEYS */;
INSERT INTO `usuarios` VALUES (1,'Administrador','Admin','yBXdDVlCECakEAlf8P3kLTrz8Pmd4ZixtuMb6gr/U0enPhN+rv3GE2Gmy99I/6g=','7141d91c66c74294935280dd704b9db08844c4c30e99b63f3f9487dbabeff0f3',2,'iVBORw0KGgoAAAANSUhEUgAAAQAAAAEACAYAAABccqhmAAAABHNCSVQICAgIfAhkiAAAAAlwSFlzAAAOwwAADsMBx2+oZAAAIABJREFUeJzsvXm0JXd9J/b5LVV197f0671baqmFEEILQrKQMEIgMDIgCMaD7InNMMbbxLGDTyYnHttJZo6dcSYzJydxZsGesT3Yscc2eBxzbGOD7QEHsDACZARqhISEutUtqdVvv1stvyV//Jaquu++td/r5b36HD3d27fq1q26db/b57v8gAoVKlSoUKFChQoVKlSoUKFChQoVKlSoUKHC7gS53CdQYWPQWo+9V4QQfanPpcLuQaUALjHuuOOOV1Gqv1MI+Sop5Su01gellNNa6xagAwA1AKCUxAAVADRjNAOQMsaWAJoAWGCMzhNC5ggh5xijZwjh346i6NRnPvOZPlAphgobQ6UAdhh33XXXLVmWPSxEdr8Q2e1a64kgCMAYA6UUnHMQYm4DpRQAQAjxr7nnWmtoDWitoZSEUhpKKWitIaWAlApKKU0pFgB6ljH6HGPs61qTx4Ig+Nyjjz760mX7EipcsagUwA7gjjvuuE3K7MfSNH2nlOpEFIUIwxBBEIBzDoDAyjeU0mCMgjGOIOAgxCgFzplVAgSUUigloJRRAkopZJmAUgJZltnXFZRSkFJBCAGlJLJM2OdKUUrPBQF7jBD+N4SQTz3++OOPXc7vqMKVgUoBbBNuuOGGqNNp/shwmPyoEOK2Wq1GarUIYRh6y855gCiKUKtF4DxArVZDFEUIAgatnQfgLD+8AtBaAzDCDzgvQPnHLMuQJDHiOEEcx4jjIeI4sZ6CAgBkWQYhpFcOAFkMQ/4oY+zjlAa/89WvfnXxkn9pFS47KgVwkbj99tsnCdE/NxgMP0gp3ddoNFCv18A5R6vVQqvVQr1eRxTVwBiFUsoLOqXUewJaw7v99hUr+MQKu/IhAAAv2HloICGlsv+WkFJjMOij3++h2+0hTVPrPUhorSGEtKGDhNY6Y4x/lfPgT6Io+shjjz12+pJ+iRUuGyoFsEXcfffdnSQZ/i/D4fDHOOftZrOFTqeNyclJdDodTExMgBACIYQVXgLGmI3pARMGEGhtBFmpUcEuv25cfPdc2/1cSGCEPlcQ5vOkFFDKhAZJEmNubh6DwdAeS0IpWA5BQkrpuAURhvyRMAx/5aabXv37H/vYx+Sl/F4rXFpUCmCTeN/73seeeurJfzwYDP8JY3RqcnISBw8ewszMPrTbbTDGoJSCEMbSFoWeEAKlNCilkFIWyL3cpc/d/Zz0cwIrhLRKQENKpyCUF3oj7Pn7AUBr85mEaGRZhvPnz3sC0YUIRvgBQjSE8F4BAFwIw+iPwjD6ha997WtnL883XmEnUSmATeDOO29/c7c7/DCgXjkxMYETJ67DgQP7PbmntSHnjMBT/who+4eSFS+687kSMILtmH0jnKp0HkVlIaWz+ApC5MdRSoGQYshgFMDCwrxVLE5hwHooTiHo0jEssZjWatGfBkH080888cQ3LsmXXeGSoFIAG8Ctt946pZT6N0kSf3+z2aDXXnstjhw5ijAMPVtvrCZ8XE8IhdbaMvjOXc8tt5QSlBJQykAIIIRAlqWW3c/j++Jz91h8Pm67ywqUlYjG0tIShMj8vgBg3q4LCsF4Ly68cKGB4ReUCMPoj8Mw+ulTp06d2flvvsJOo1IA6+COO+743l6v++8opQf27ZvGyZM3YGKiA845KKVeCCll/t/OtQeK1lp5jyAIzHvTNMVwOECSpGsKOpAThJQSr1yKrxuLbxSRe39eJyDR7XYxHA5tvC+sQI96ItIrKRMmGEVglELOJ2ithmFY/7U4jn/m7Nmzw52/CxV2CpUCWAW33XZbU0rxK3E8+K8bjQbdt28GJ0/eYFN43AqbYfQZM2k+rYl3pwHY2JuAc4YgCAAA3W4XSRJbclCvsOhBECKKTPrQFQsVFU1RqItuutvu4vfcmgv0ej1PRjqewO1riMIiB1EOSRxP4I7lPtcoGvJSo1H76aeeeub3L8tNqnDRqBTAGNxxxx139XrdjwLquk5nAq1WCydPnkSj0QDn3LrxGoTQQvWeY+ONAuA88PsOBn0sLS1hbm4OURSh0+l4oaeUot1uo16vo1areSteFsKVgr7aX9HyJ0mCwWAAKUUhNMj/cgIRECJDlkmfbnQehQklZEnhmBSi9yR0GEYfA/CB06dPx5fpllXYIioFMIJbb331hwaD4f8WhkG91WqhVqvhuuuuQ6vVKpTnUlBKoLVL6TlhAsIwAKAxHMbo9/vodrvodrvQWmN6etp7D51OB51OB/V6fQzpJktWvii0xdeK1rvoGUgpMRwOV3gZxf1GvY9y0ZB0Fh6GYNRe8N21ZpmAlMJmJhQoZY81m837v/nNb3Yvw22rsEVUCsDihhtuiDjnv5kk8fc1Gg00Gg2EYYRrr70GrVbbE3uUuvLcvD6fECAIAqRpim63iziOkSQJlpeXIYRAp9NBs9lEvV7H1NQU2u12icBTSlk+YIg4jpGmqX/MGX1zq0YLgRycMBsyMRspKoI9bwNCKKQU9jhlzqGoLCilNp1ZVjDFQiIhnBKQYIw9dvbsue8AUNUOXCWoFACA22+//ehw2PsTIdRrms0GoihCFEW49toTaDTqUEqDc2YZe2LTa/As/nA4QK/X84K8tLSENE3QaDTQarUwOTmFffv2oV6ve0HKsgzdbtd7CVmWrvAEnDCazEJ+q4qcAWCYeiOIokQcFvdZHeN/AkopMMa8wLsqQqU0hMjgahGcwnHnEAT8t86effEDW74ZFS4p9rwCeO1rb71naan7cYAeaDYbCIIQ9XoNx48fRxTVQAjAGPeWnxBY4o+h3+9jMBh4y7i4uIjhcIAwDNFut7F//wHMzMygVqvZarwEi4uLWFxcxGDQX2FxnQA7Jh+ALyTi3JCIRcVgioOMAALrC/t620e9CkqZf1+RJCyUEHvF4/6klCqKwvc8//wLf7zZe1Hh0mNPK4Dbbnv193W7/d9gjDXq9QZ4wNFut3H40GEwlrfqMm4EIeABCCHo9XpIksQLRrfbRa/XA2MMzWYTBw4exOFDhxAEAaSUWF5extz8HLrL3RUsvRP4XNFQ8CAAZ8ynGl0WAEBJ6JyiUIUiIiXHE4Iul++OsRacIjCdi/DvKSor04WYk4JZlvqwQGn93OyF2ZMA1CofUeEKwZ5VADfffPPPDgb9X+ScsXq9jiAIMDExgf3799v0GwNjFIRQ38STJDGSJPV8QK/Xw9LSEgCg0Whg//79OHLkCGq1GtI0w+zsBczNzSJJ0hVEHABfQegUjasfcM+L9QSjaT9gZdzuXis+jtYX5MeQnsAbpxDceTjlk9cdGN5ASoksyzwfYLIIrg1ZIoqC/+GFF176P3bk5lXYNuxFBUBuuunGXxsO4w+GoWnJDYIA+/bNoN1ugXNu3W4j+FmWeTIOMIU3SZJgaWkJSilP7B05cgTNZhNJkuD8+fO4cOHCCvYeAGo10ykYBEFJOEeHgLjXy3l3lJTCqFAXX1tPEeSPjvkXKxQUYEIQt//on6talFLY2QOZrzzUWp+dnZ07vl03rcLOYE8pgNtuu605GAz+OE2TN4dh6Mm+ffv2odFogDFmiS9h01zSW0GXn19eXkYcx6jVauh0Ojh69CimpqbQ7/fx0ksvYW5uruR+AxphGKFer9t+AV0SMGdhXT1B8b3jiD8AuetfyCIUPQXzmnvMBdZdQ9HTWE1RuEfGWEGJ5SXNTlE45ejCAFNFaNKIYRi946WXXvqzbb2JFbYVfP1ddgduvfXWY93u8p8rJV/tJvTU6zVMT08jiiIIkSGOhzBNO8QLPmBIL0f4RVGEyckOjhw5iv3796Pb7eLUqSewtLRUEgzOOZrNBsIwBOCsufDnk1t794oRSFNVqKEUKSkLZ6mLjUXuNVO84xTE+PDAEXjFuQKuc7DseTjXn/hHgNjehXKxE6BBKfENScXrMZ2P6icBVArgCsau9wBuvvnGNwA8HQy6f6QUDtdqITgPbG6+YV1Y5V1+Z+2dAjATdmLb+MMxMzODQ4cOYTgc4ty5c17wHblXq9XQaDQQBEa35hV1ukTmOcLP1BM4C5wLZT4fQBasL+DSb44MBMrzAZzFtwI4wuC7RqRiy3G+v+E8iGf/R0OSYqGSK3xSSiCOEz9tyHwPClJqSCkG9Xpj/4svvjjY8RtdYUvYVR7ANddcM3XmzJmF4muDQfrzUg7vB3TdsOocYRhBCInl5Z4n4oyQwgujEBmEMK29YRhhYmICR48eRRzHePLJb3oOwFloVzzkFIgQxZjbzQVg4JxCF6b/SLmyu49SgiAI7XbjyjOWl+S6oh5KWUmIR+sH3Dgx1zzkhDMfSJJ/T8aNd+/NSpxHEAQ2o+GUkGtIMu3E+dgyFLZrAGgopR4G8JGLvbcVdga7SgEwpm44ceLE9c8999zvnzx58rVCJP8+y9I7mU2pBUGAMAxsAY+L7c00HTOckxWm6BhhaTbbOHLkCIQQ+OY3v4Fut+uFjFLmK/yclXextzkfVhgEmrvHzo12/QSOGHRKQQiBNE1KMTegbKpwZWNQ/uf2zy1+0fIzRkCIqyfIPQunpIoKwb0nSRIQ0rDFP6NTirU9J4Y0TaxyKWYMCKSUD6FSAFcsdlsIwA4fPvSVF1986fZjx478nZTqdpdmM1bMuN1BEHpL7WJ0AJ7Q0lqj0Wjg8OHDEELg3Llz6PV6/ocdhiHM7L86AJTCBjfRl7FcoHPraOLwIDDDQR3pGMdDP0HIKZEieedz/CPNPKPDQlZL52lfxVfuJCyGLsUwwfUX5FONaCFccZ/hPCajiOI4ti3D5WMA+uzCwmKVDbhCsas8AACSc5pcf/31Pz4cDq9zU3XzGNYIAqV5T/xgMCix6M1mE/v370eWZXjyySeRJIk/uHPzoygq5eqdi+yExIUTQC6URvHk3oBJl4lC/J/3BGRZgiTJSoJqYnRWykoAQBDwghUfn/YrjgkbVzsAuPSim1kA/+g+M4oif9xixsG0QBvvyYRMpi2aEOMdSKmPzszMHJ6dnX1xW+90hW3BblMACMP6x4VI/2dAJlpTbz1NrXoGSrnvjTdkl/nxTkx0UKvVkCQJzpw57ck7xigajToajaZ3050AupoB1+tvkKfMTCosRK1WK6TTlP8bDocYDIYYDodIksRO7lVWURiPhfPAzxl0788ygTJRqEqCPyr0RYLQ8QdOqQDwU4tMwZOZH2jeo6wiIxAi8xkKUwykYAaRKvtdwmYEXBjgQh5NOCdvA/CbO3/3K2wWu04BTE6yX52fp/+M8+h8msY+9x2GIeJYQGthW3BhWW/DyHe7eVWfI/7c3H5nBU0XoBF4Uy1IrHtthC/LMpsxCFCvN9DpTBQE0zQA9Xo9dLvL6PV6VpBhlUSERqOJIAhKMbaJ9Ud7+c21FtN5OcNfnCZcrDnIvaDc+rvjlZuI3LmacCW/RtcE5T7THMutXUCscpXID2XeK6W+F5UCuCKx6xTAl7/81OyrXnXTY1LK25Ik9jFuu80RBCZVFYYhkiRGmmZgjAPQ4Jwiy4w3UK/X/IIexuKjNJ3HCIKElMS38QIa7XYHhw4d9G6+1hppaqoGTQNQDwBAKUetVsPExASiKISbFlwWyvzfObHn4vbcogPlBqEi3wAAxcGgK49d3JYXACVJ5hWKUs5jUOB8pReTn6MjGXPewX2mUurWbbzFFbYRu04BAEAU1T6SZem/bTQatlvP5PlbrRYuXJiFEdY2FhYW7Y+YotPp2Dy2IbQ4D3ws7EZrAxpZliJNUyRJgixLMTk5hQMHDqDVanvBiuO866/f7wMwxF+7PWlLj3nJihebdMqEXK4EyqSgHuv2u2O414zVH9cngNKxikiSzD4j/tHtK4S0tQzwoYGDi/0pZYXrMduEkNdf5C2tsEPYlQrgFa94xa89/fRT/2JiYqIVxzFxRTFhWEejUUccx+h0JlCvm+aeLBOglCKKIgyHAzcBF1oTCCF955/LEnQ6bRw4sB+Tk5O2Vl5DiBSLi0uYn59Ht9u1xFmI6elJ1Gp1ywGY88uta/mxbMGL2/L5fEWFUawIzIW7vM0pi9Gy36JX4NYpMKm8slJQKk/7ZVmKKAr9eZQ9CuWPlX++K0iSMxd7TyvsDNjlPoGdwKlTp+SxY8ffSCl5hWGnM0RRDW7E1/LyMmZmZsA5R7fbhROWqakpb+HdD3lhYR5JkoDzAAcPHsDx48cxPT2NZrPlewNefPEFnDlzBktLy6CUYGJiAtPTU2i12gjD3MUvu/O5kI2z+q591/Xeu/r64nSelXUAufA6N3xcatBtd1mMYqeh1nmuPy8FNpBSFTiK8d+9OZ4YVTZ0err1sV5veOHi7myF7cau9AAAgBDye0rp7+502r6jzwz4yDA5NQ2pNCYmJnHhwiyklOj3B5BKod2ZwOzsPKTSOHHiBFrtNjgP8OILL2DfvhloDczNzaPf72NxcRFSKUx0OpiZ2Y+oVveCKJWG0uVY3SG34AaueEiK8uBNoFjvr0eFakwcXxb8MrdQ3o8Qw/wL258ghVskJM8OOMteLGEWQvoOwSJcWKA1fBiQezwaQtDbAZza3F2ssNPYlR4AALzwwgtf379//3+vlA4bjQbceG4z1pshikK0Wk00GnUsLy+Bc1Ml2Gq1MD09BSUlAh6gYbv45ufnMDc3h9nZCzYzQG04MUSr1Sq4xhoEwPLSEhglILDr/2kNbVOS2kgaoDWkyJBlmV29N/MViEbgihV9OemWV/wVG4OKTTpFJQG/D6C8Z2MGesjSe016T5bChZHRgnBpSscvjGz1z0yfQt6AxBg/NRwOP70tN7fCtoGuv8tVC6k1PpIkCZIkwb59+9DvDxEEIbSGtbAEnc4EDh06DM45hsPYprsoGo0mut0uJiYmsby8DM4DZJlAGNaglEaz2QKlHM1mG7Ozc3akdm79OOc4d+5FOyVH+T8hJNI0Qxwn6PcHiOPUth4X93F1/wr5Ih35X3FfN5zDfE6+Pd9XemusNUGSpIjj1HoGRg8Vn+f75tuMsLuuwLwwyW3PlxNzXobzIACnBJRS11yuH0KF1bFrPQAAePnllz85OTnxfiHklNYK09PT6HZ7mJycxOLiki/iaTabyDIzAyCKakiS2G9jjGFychK9nknhOctWqzXsnD6JwWAIKYXtGAysldVYXu5iOBygVouQppmdmpP6cdr5mnwrLbx77jyCPEYv7jfuzwlwmWdwMwfzmv88Q6C1GfdtyExRivsBgNJy+zKlzC+JNjpHMCcfi2sbaFBKXorj5He2/SZXuCjsagUAQLfbnY8Kkf10HCeUc4ZWq4XhcIhOp+MX6mCMotlsWAIw8da/2WwhDANEkWnxHQz6pVV6wjD0FjHLUh9z12qmR0AIgeHQjAg3THteI5/H6sZquq7AotAU3fji8zIJWCz3Lab6NNI083xCMTWXp/HK1t94ALJQalz8gz+uq4I078+vxW135+R4DLtCUi9Jkl/d2dtdYbPY7QoAS0tLvSiKTksp3tPvD4ir3U+SFK1WE7Ozc57ZrtcbPh6Poghzc7MIgtAv09VutxHHMQBTAOSEJU1TMMZtF18KAH6gZ94g48pwy+x9oWmmILwrawLK3X+w+5U5AACe8Izj2E//KU4WKq8XQDxnUMwIFMudi+XCxbkAxX6IPI3pjmu8DFfpaFuc4yRJf3nbbmyFbcGuVwAAMBgMvlqr1Y8Jkb3WdfUxRpEkJq+9tLTk24A5D/yM+yiK8OKLL0KIzC7bZRqCpDRNL0EQYDAwsy5My7H5OuM4LjXrmDw8SrH5qBtfHrRRXoprVAEUVwNSykzoTZIEcRz7Gf1FhVJeV2CUvCsTeY7IzPP5ZeTkYK4ciisQFT0X97r1MrIsy/7Vxd/NCtuJ3dYOvCZuOHntV8+/PH+bcfmbaLXatiWX2q6+0C8A4uJhQigWFuYRBAGOHDniewMGgwHSNEWz2cT58+dBCEGz2bTdfMIqCSMkU1NTWF5eRppmcKvpFBn6/LHoAYwb7WWuw9UGuKXBtC6y9Stvaa0WlZTAyjblHO4cXfefPyopTynmnNuFTvLhKaMei6mWzCCEBCGk3+/3Wxdx+yrsAPaEB+DwSz/7E4HK4rd/6/Q5y8THMN11mV1gw3AAZsa9sPFzhjA0y3698MILSJK4IAhmQnCn00GaJhBC2RkBGkHAkaYZhsMh0jTDwYMHbPrMWVdSIMqKMf3Kuf4mLEmRJCmSJPZEYp7jdxkBx9DDTeQB4Or4qevOAwDfrrsS2k8dcn0Pbr/i+7VWCMNcSZh5h2Wl5gqYbIjDskz8wjbezgrbgF1bCDQOrVZr7ic+8F4cO3wAv/WHf+EtVBi6fn7mf/jl58YdbjSaWFhYwoULs5iYmEC73fZzAzk3rn6/3wfn3KYMjeVdWFjAYNDHzMwM2u2OddlTqzQMb5CvCqSsRc2r/1Yy7Y7Bzz2FnNmHDXGMF2PielPk43ob8mOsBGMcWpvpvm42YBFF8lAI4ZukikSi4zBcN6A9pz1lbK4W7C0F0KinYRThvW9/ALfcdBL/+4f/E166sOC9ALcgiEl7uU7AvAOQUgrOzVy/breLubl51Gpm5LdRIEWFQeAm47RaLQwGAzz77LOIoggTEx00GmaUmGtVdvP+TN0CAaUCQlA7biuzIQX1MXrZ7Tc5fmP1iSXdqM/VG/5BerITKIcBZMQVMMuayxWvF98HwCsAAL6foIh89sDF3rkKO4U9xQH8+Uc//F2tGv8UpLGcqRD49d/9OP70rx5BkmYlAc5ZcOqta3FcttsGuAUyJDjnhVoA4pUI4LrlgCRxxUawo8kbdt5AmVjLJwZpOyhEY25uHlmW2YEhzCoH05nIGcM1BydwzYEJTDQjzC/H+Mq3XkImtc/d1+s1ey65EhinAJRSGA5j1GqRvcYi8qyDWwrNpEEzv1xYkdQcDAa2hwFgjB3s9/sv79T9rbB57CkPIAqDBc44CDM/+DACfuqD34/vfedb8W8+8jH87Ve+bgkrieJS4MUxWW6a7krFwOziGH3rKQReWRSVB0BsPG6m7wyHg4LgE3/M4XAA5+ozZuYMHjhwAJRSy/gPkWUZ2nWO++84gbtvOo4aI6afAApKaky2I3zyS9+G80bGCXv5cw2cQjJeQ1kBFK15cbWicVmD8mdpEEKqtQKvMOwpD+Bzn/jIyZCyb1EwECucyubSldI4c/YF/Nrv/BEe+fLjSNLMv68o/KP/zpWAexx9ProPVgj86HP3b8f0u2W4oRWatQiHZto4dmAKr7nxKK45MAmpJdJUQKYppJCQWgEaEJnAL3/8S0htQY4bW17+3PycikiSBFJK1Gq10uujjUXNZtMvIz4cDn2K000yGgz6frhokiR76vd2NWBPeQBaBfOEaVBCQRkDoRSUAARGEZy87gR+6ed+Er3+AP/vJz6NT3/+UXzr9Dm7/Hae/x5FWZD8s7H7FuHCjLwQCAg4Q6MWYqrdwFSnjQPTHRw5MIHrDs1g32QDShGAKMAKuVYaWgGMAeAaAAW0hFYaTCscn2nhWy8ueYtuPBdH0BU7/8qcgiEyszFnXYbjAXIFWRn5qwl7TiM/+qnfjhnhEeUcjAWAdc19nl1KSC2ghIKUKXrdAT77xa/gy49/A08/9zwuzC6j289HhK8Gt5kQIAwChAFHLQpQjyI0GxHazTqmOg3sm2hjZqqFw/smcXDfJBi3KUZdWGNAa0ABCtIO6LDuPAClASiFLJNQrj5Ameciy/C5r53Bf/m7bwOAXwh1tMKviKLS6nZ7qNWi0gKh7tH9mSXQDA8wHA5HRoObrIgtCU6TJCkXF1S47NhTHgAAEE3Og5BriHODqfEGAEATAqIUqOJQTIFJhg4L8Pa33IcH778XQgpoJTBMU1y4MI/ZuQUM4wTDJAYjFMxyC51mE5wSTHTq6DSbUFoCCtBQJuQozArQSgPa9c6b101mT4Mqm02AAlGAAoMZwmnCFj+YQ2swriClrf1XEjLLQAjF8UOT3tIXC43y95d5gaJiCwJeYvrzffLn5dkG7jOKPQxmC6VEoMIVhz2nAED0WQC2NdX06xNKQUAASkGoBtUMimtowUCZXSlIZGBSQskMLIjQqDVw/Ohha+kktNRQsILuintghNkoAA3tqv1WKAANpbURdWtZiTb7EKsAoC2Rly+7BUooXPOtkBraKQApINIUlBBcc2AaQN4w5AqFcmG138SYcMW1SIehRtnjKVYnujoFMibtV5xdgO523cIK24c9pwCU1s9Rol/va+CNkQWIUQRUA5pQE2ZTCiKZEXLGwaSE1gGkUtB2GWytjMsNqSChbExuBMO35ipp4vWSB5BbSqIVlIZXAE6CtKveMW+2+xO4zBwlxCgEmM47LTMIqcGkqWnQSqEhJepRgEGcx/OjHkAxDCgqAtPxl/cT+O9wZDUis6YAG5MyLHoAdHlLN6zCjmLPKQCiyXMAvED554QYPUCNUFHmiDEnJMxaeg5qp/ooZcg4owi0tfi5W6+gjOW3hJ2yLj5GRoDDWlOQPL42r+UeANHEehCGA3Dna3aVoFxBCQYqFagkoDAEHc8yNGsh+kPTpejIvpyjIKs+B2Cbo1Rp1LlbGNRBKW1Tm44ILLc6aw0opSsP4ArEnlMAWuNJrQFtrapW2nZEWKsLm4oDQEChKAHR2ngFhEIzBarteC/Xnluo54d1tWFDALhyXQUoqLLAjyoAIA8BvPtM/CNsCOCYduL2V6Z2QUGbDAExSoZzsxRZFDJ/feVsRl7X71b9Gd0WBNxXSebHQEEB5ANMCIG/LrNPKcSY3YbbV2GbsfcUAMXXcmHXrnq++Nu2IO4/86gARWludQmFpspbaihtBFABVK9UAFoBdIXAj3oA+b/9cVFk302oQGE/S8OEDwAU0TaEIdCagVIFxjkYD1AL8tuclxHnJCKl+eivXIiNImCM2RWC7RcB5wUUy4xVyfrDfbsFxUYpfX7bbmKFbcOeUwDz3IAHAAAgAElEQVRTcu4bXbpfQGvuBM+7xQCIY9VKKCgDUPNcKyhFzRs0AYgGhTZpeGVJOxCrAIh5fZwCUCsVgvFONPJlt5Q/juH/jBdCCCAVQIixvjYo8JV5bvXhKApLzD1QvEg9ss1e8UjPwGi9gFEAZQU1SgLmS6VrEEKe2tydqnApsJuHgo7Fje/4UAKCZ3JHFbCiWaCv187xGxQr/Ub+KLUFNxv4o2P+Svus/jk5tD9jYqTTcAQEoN61L+bwc64h/1Ol/dxz00dACta8mEoscBYouvx5O7D/toh6YgNfaoVLjD3nAQCAVvpr0PqVBaZqRPiLruwVDu2EPz9/W1hsFIjxSwDkJF9eCZhX/2kNvOrkUXzvg/fi9ptOYl+nCaE1Xp5fxt898TQ+++jX8OVvnIFb4MSsBOzKm3Ovw34S8hWGDaTEl3f6q6iweexJBQDgca3137OZ+VzUtTbFQF5iLtPZbRa69AA3x9MUOhHYZQnMPp5YzIWfUoqf/gcP4XsffD2GcYrl/hDnLsxDgSLgHPe89ha87rYbcerJZ/DhP/grvDzf9anEUU+g+OcWMQXIYDAYvHRpvowKm8GeCwEAQBP5BWDE+jtLqsv29EqHP9viCWviPQA3ohwY7/ZrrfHPfur78ND9d+L5Fy/g9AsvY6k3QGZXKcqExDAVSCTBsWOH8VPf91bsm2gW+gbKIUX+Wk5iUkrOXorvosLmsScVQD2qPaK1ll4QlDdj5uFqE39rjYunrYlzy5nlA3KCrkg4fs9b78a9t9+IF16eR7c/XPWTCGPgUQ2diQ7e/457QG3RzygvUeQD3LxCgHxr+6+9wnZgTyqAW978cA/QX12RjoMVjqtJ/t35+xcMHBnJGEMtjAqsvYar3mvWIvzAu9+IheUeBnGy7scxxhHV6zh6cB9uueGIF3JXWJSvTeBWXjLnRAh5fHsvvMJ2YU8qAADQWn/e2/uRYpycDb+yNUGRuzAOgMvfGxKQEgrGA5O5JPCC73r13/7G16AeBFhc7m/o8yhjYDwAZQx3vPI4XN1AHmbkQ0HzFCBACPnMtl10hW3FnlUASpK/yesAXBhQ5AJwpcs/gMJpejYOcAyg6XR08wlH1yXQuOf2G9GPk4LiWxsupGCM4sSRGeQfmx/fpRlzD4CIwWDwX7bxkitsI/asAtAq/YxSSnvr74twcHURgaUUZg4/XYhS1GphYXezb6sR4fih/RgM13f9y8c15GKrGSEKTLOQSwXmnYbajgkHAJwFsP5kkQqXBXtWAbzuoR96CdCPede/8AhcXUTg6JlqW8vglECjFnmCTmuNqU4T//B73gytFdJsk236hdRos2EUS04wKs8FOLKRMfa1rV9bhZ3GXq0DAABojT/TWr22WOXmKgJN6fsVXhBQOu9xMErg5pPX4FtnXsbBmQk8cPetuO2Vx0HXGVe2+mfmRCm3g0KccnFFQkKUDP5fb+2DKlwK7GkFAKr/XGv988Ult31NANEg2k3xvLynuRp8nd06iYs3fMfNeMOdr7KzCJQNd3LWfqMokoiAxjBObUER8du01oX4H5oQ8nubvrAKlwx7NgQAgGcXgke0VvOeDFRlHkBfyYFAMX3p/0Z28SWCo6WCZtvKFYfW+0hllySTEEKhN4hhyoLNz8gtV+7WMyCEvDwcDs9t7QIrXArsaQXw8MMPSyj9qfIQjvGk2pWGPFNRrgHIhX79A2z2KpWUEGkKJRVenFuCkHZOgc0C5B6CS0eSxzb5ERUuMfa0AgAABfUH2k740Sqf1lO2rFemQvA+yhbObysegJQSWZpAKYFvn5sFbFOQC6HcOgZOtRBCPrHpE6twSbHnFYBYrn1CKdXLawIKU3vsPlem+KNQALThN/i3QW9OASilkKWJUQBS4dSzL8IMAqU+929WMvZZBVmr1X57wx9Q4bJgzyuA1z/88BBa/7ETfCP8RSVwhYp/oYhpq5CbIAGlEEjjGCJLsdQb4OnT52FqAKiN+w3xZ+J/gBA8u7S0tLDlk6twSbDnFQAAQMuPFq2/Lo7w1ldiWbCGAnIlNfbU9LiH8h4bVB5aa2RpgiQeQEqBLz7xnB1rnpcBG2Iw88dkjFbpv6sAlQIA0I3kn2ullj0XUEwH5hXCVwycC5+HKfmAzuLDGkcoHGh9iCxDPOwjjWNkmcDffv05X1JsljbTdmFUUTgk/ciGL6jCZUOlAAC8+c0/FGul/0Ar5wWYuf/aNbhcUdbf4GIIQH+MDbxXKYkkHiAe9CFFhr/9+nNY6uVtw27VIBP/mwIgSulcHMef3/KJVbhkqBSAhZL6N4s8QPHvynMDcu9k/TMqW/vyJaz9bq010jjGoNdFEg+x1B3gL7/4JEz9gRkl7kKnJHFNRRpa60r4rxJUCsDi7nf+wGe10s8W5/27WVpe/i/3SVq4nPuoQtKjzzYQEehVMgFaa6RJgn53GcN+D0Jk+L1PPYpBnHrW36wEZJRkkuRNRYSQiv2/SlApAAtCiIZW/yEvC1bQcuXAkMutBooFS7p0Xls6GpTMVhxDK4U0idFfXkK/u4QsTfCXXziFrz9zDkCx0SfPAJj6fw1CSC9N0/98MddY4dKhUgAFSJF+REspSqv+FBpuNuhz7zjUigxF/rC+1S9vIQQmvScySCmQpSkGgz66iwvoLi0giWM88vgz+OQjpwrK0PQCmBoAheEwLjgj5PMotClUuLJRKYACXvfQD72koP8w5wJGFAGuBPlfvfZ/7L7AKvF/DgqF/vISuouLWJqfw+LsBSwvLiCJh/jkI1/Hf/6rr8CVDOQDRUwIoJRGHMfFw31k69dW4VKjUgCjkPi/zY+8KPxqxOJePjXg3G/ftLQdIEBUCyFFgmG/izQZgnOK2W6MT37hG2A8sGW+yn++qwAUQiDLXBhBelmWfWy7TqvCzqNSACP4jnf+4Oe1ko+Zdfhsf0CxKvAyJgNG4//iiaxWuLzaqY7G/YQQNBtNTM3sw9T0PrQ7E3ji2RcRhmbohysbdi2/TgGkaeq3EUIeASBR4apBpQDGQEP965wHsDUBpdLgy+cFKOuRlMqUNxz/j8GYnQklIJThK6eeM59pZwAUORFCCKSUlft/laNSAGMglmu/p5WaLXEApQrBy+QFXHT9/0beZ4T7mW8/j/PzXSglrQIwXX6OCCSEIE3TQu8/elmW/f4WT6zCZUKlAMbg9Q8/PNRa/bL2I7TLXMBl6RP0aT9r/ddr5NGbdweU7eIhBPjMo9/wh9FawURCLgNAfOrPNQERQj6Hyv2/6lApgFUQS/JvpZQ9XxOgCnUBazbh7AxM+f/FdwCuPG5BUdg5gb3+EE+ePu/rIQojvrz7L0QGIWRh+Af9D9t2UhUuGSoFsArue+gHFrRS/14VuQBdTgleWuTz/Fdu2SIBWNhBaQ2iFagmePrZs5hb6hcWEZH2ffl7s0wUrD+W0zT9oy1fWoXLhkoBrAEF8n8qJVIXB5fLhEcrBHcQpb4Em4pbhfEbpx7M/zdwnmZJIfzt174F4VN+xQU/jNcjhIBSyisAgHwGVfHPVYlKAayBe97x/rNa6v9YqgxcUSG488jd/6Ly2V4QYlYUHgwH+ObpCyhOAB69TiGE3w4AlNLf2PYTujjYBdIrrIdKAawDJvUvSSVTbV3hXAkoa1wvgSLYrMLZIAHox4nakIZQgt7yMhZ7w1WVnJTSFwBZLKdp+vENX8vOg6zyvMIYVApgHdz17g+cgdS/rpS0IYBTArlLvJNwQljMw5e2bzT5v+Z2AgrT0SezDO1GVPrcIlQhMwIAhJC/2dwV7QgIVrf6lTewBioFsAEogl9SSibeJS6EA5eCC3AKB3YM10X1/40qEEdoEore8jIoZXj9rSd8vt83QgEFr8B6QKYe4KMXcTqXEpUSGINKAWwA97zj/WeVkh/W3gsY7RbcoQ8uCBy02oLgr08AEmKsf5amSJMYlBK88Y4b0KyHPutQZP9NTYByp5dlWfa7W7iy7cRqgl15AxtApQA2CCaTfy6lXDIZAYlifUBeF7C9msCQf6YnQa3bATjS+beR4zvlRSl6S0uglIIQgloY4L1vun3FUfLx364bkDwHIB5z6EuF9YR/M8phT6JSABvEXe/+8Vmt1L/Uhdx4KTOwyUGbG4LzADa5ht9Gj22Yfxjrn8ZeAQDA6159LW46cXDM20qK7tHtP7ENY6NkX8UNrIFKAWwCXCf/l5TyBR8KFBcVVa5ZaHvgw4ux5N+IslmPB/S753so600Y5n+pJPwOP/6e78Rku468+alMChKiv7TFy7tYrCbQq23byut7ApUC2ATuevePD6DkzxWZ8PLAECtg22KxtXf/i6K9XQrGWf80SSDSZKwCCAOGDz38RgScFVz/4hnQyzH8c9TybybtV3kDI6gUwCZx90M/9FtSiS8ZL0CWCUFlPIGLFdL1Un8bPIh5WOX4AEzsv7wERtkK4XfYP93GB95xN6hdAryATAhxuTyA9bARRbCV9+06VApgkyCEaKXUh6QQWklXKZeTgaX5gVuGcf1VcSrxOvubh40RgMR2/KVxApFlpv9/FQUAALeePIzvffNtGNnlq7j05b+rWftxFnw9q155A6gUwJbwnQ998G+U0r/tMgI+K+DIwLXI+nWQW//RSryRx43G/+OOr7TJ+3cXx7r+Y96Fe265Bh98+10IOTsL4Aml1Pdv+KK2Bxux2qspgos97q5FpQC2iIzJfyyVmNNKIvcEyoNDtuq656XG2xDx6/ITQghADfO/EevvtBnRwCuO78MHH3rDG5RStwB45uJPbktYq+pvvfdsdvuu9wYqBbBFvPEdP3xBS/1PVIEL8L0CRUJwE0Lsrb/N+69QIOt2/vkDjd2uHfMPimGvC7Yh62+OowigQOS/+8NPn97ItWwzVmP41xPqjby2ke27VglUCuAicO+7fujXlZSfU0pCyULLsC4OEt0onNegbNmvq7zbwPs2ALeQJyHEV/2RDSgAU/BjJEAqLG3ow3Ye67n9a22rvIECKgVwESCE6EyKfySFzLwnUJwjiI33Cbhy29VacDeKle+yVXuUglCCTGRYnp8FZRuz/u43T0CgCZ3b0kldHFaz+mulADfiKVTeACoFcNG477/6sSeUFv+qSAiqohLw3N0aAm0tv88orNzB/n8847deARAlAKUEaZJgaf4CCCUbJP+Mx0A1AaEUUpGFdd6wk9hIvr/yBjYJfrlP4AoFede73ncCIAcFyAxVeppwVieETAMKjHNA6kmlQTmn+OXf/v/YD7/3ntnJTnOGgIKCQFGAKOJTZ3qN34uGay8eXYCktNMWrsIM+VBao7u4iLjfA6XUbRrfJETsZ9lCIQKAMAamCCiXl9oDGI3917LsG/2G3BWu99pGtq/3visee1oBvO1t75vmIfvBTKTfr6S8TirRYpQzQmgYp5K5mFkRAJkyQkEIpMy89RSpAiUEH/uLx/GBd9+FiFAYhxkAIUbwiXWhx3gBfraA5Q/UBl3/FXs50tAKL2Dcu+Ggh+7yIrRWYJz5fVccwcb5WhMb85sXGABNKLhWCLg6v6GT2xlspNRXj/wbWF1wR7ettf9a29d73xWNPakA3vGO972GcPaLaZq+PU5SRikFYQwh5+ZuUgJCKChlPgKmjNqMmLbuMwXn3BQAEWCpL/GFx5/HfXdcB+M6A5RQaEIsi6adhPnzKLP+aoVFXl0XjBT+uP2sxddQSAZ9DHpdSJmBEmquqfCZRRBCQKzioEQD2rr+1CgBM/xIIxLob/1b3zTGCfxGlMC419YS6j3tDewpBfDgg99zWFH2vypK/6FIEmqEOAAIQIkRekKILeYhYMSUyDJGAEJBKQWlBEoBnDMABJQTE2QD+Pozc7ju6DSOHZi0HgCs4BGvSDTcr1TnOf9CS/FGURRiCg1NCYgkGAz6GPS70EoAICZccYSk5ySsV0IAEAqitRF2AJoQUBDDEziiUDsFQBYv8hZsFcWYe1QhbORLq7yBVbBnFMADD7zruxSlv0OA/VJkYIyZmfZagxDmY2PG7HNCQAmF0gqEMjDOobUG5+YrI9ayG0tp3P5MZPjk3zyNv//gbWjWIyNk2igIbQUMJGf8827CtVj/lV6BkVsCKMMtZCJDMhggGfY9408pt8JuO/hsPo8Q+14QaKq9ItAu7ifUKENKwTgzqktrSK1Ri1S2/XdmLNYj8jTKCmEzgl15AwWwy30ClwL3PfDQPyKE/idGWYtY00wJRRAYC0+ZseaMMuP2U5oPx6iF0HZbGAbeE+A8sH8cnDEoLSFFitNnX8BLFxZx6yuP5bE0zGfmP0kNJQsLjhQHjNrt5sH+hpTLDCgfo0slkQxjDLpLSIcDKKk9u+8ZfpJzEcT/mfCFMgpCGShjYIyDMQ4ecHNNQYggCMEDc32UMYACFOQLXXrisWeeOTXc4VtWFO5R678RNn+15+P2XW/beoz/atvXe98VgV2vAO574F0/TEF+NQgCSimBVhqUM5+mo4SBaALGKChjIBTG4ltPQEogCkMEQQANCmYFJgw5tKbgnCHLUiRxjNm5WQghMbvYh5IS1x2f8WSaMwmuXNil/Hx/fSme14DSMItwWRAAiiBLEyTDPob9viEj7Tl5T8QJOQUIqC32MUqBWYGnlK4QehYECHhohd8qNs5BKTNchjnvv31yln1038zhv37+9NNndvC2jRP40RBgNWHFKq+vtu9an7/R/dfafkUrgV2tAO5+/dveTIGPcs4pYxQaGjwwrrERYBe/E/CAQQMIo9CWyDIQShBFIYziIAhCDkoJGGPQmoBzAiUz9PsDvPzyeQhhSoEJITjz0qJRAsdmCpG/Niy/byCShb4BBVXwABQIiP1/lmVI4xhJPISSKQBYQXZ/BJSw3IWnNPdkWK60zF8Axrm17tbKB8bqs8BsM/uxUrGQ0gpKyqe++NTiLVka/+jx49d3nz/zzBd24LatJvyrWfnNWvjN7LvrvYFdqwDuvO/Bw5yQv4zCsG1YbiPkSgGE2PonYiw/49y6/QQEzJCCzFhJoo1lZZyDWubfhAAUSgosL3cxO3sBADxHQCmFUgrfPjeH587NYv90CxPNGtzinlo6y6/toN9C2bDWRjEphSwTyNLE7EsAxllBODkoo6CE5sqAUfs6t9dlBdr+8SDwrwXcPg94QTmY4zBK7fcBWNfDeCyE0UdOvXxaK3mccP7g8ePX158/862/2uZbN6oA6Mi/NxoCbFaw1zufje6/1vYrTgnsWgVw4pqTv8Moey0hBJwzMEZhumAJmBXQMAiM26wsmUcoCAE4Y2DcWP4wCABq3WbH/FMzSaff72Fubs5bScaYf3Rx+HI/xaNfP40nv30e/UShHlEEnHqB1wCI1pCjWUICMMqs0BuhpSwAZxSEcR+7U2YFnLFc0C0/kSuAwL9e3NcpDWavz/UGuOvxGQCpIKWAVPTAy3Hw5/PzC3cqqUAZ+86jx687dPbMM5/A9pBea1n/0e2rvX8zimCt9663bVd4A7tSAdz1urd8HyHk502sywBtlICGtvEsPHNPGbX5buPiEyd0xMXTJiVmlIj5utI0QZoMMT8/D6WUKRayjwB8GOCeM8aw3Btirisx3eTY14lAKQN3LjwPwAMOxkKEYWTdc/MaZ5aI88LNQXngLbYRbvPolAEteAmMMR/7M8ZAGLNeA7WkoWH8URD64q/TDUCVUkKKjNxy79te9bnPfzGglEJrBUrZXUePXXfy5PXH/vj06dMXOyBkPfd/3Pa1jrPav4uv72lvYNelAe+///7aMCH/0lnhgHOA2EYbbQpytZQgYFBQQKbBwwiUEmSZRBQxKKkBJhHwECDUEHJKA1pCSgElM8zPz0MIASMIGmEYQEoFxozHqpQGYxRSmkU0OWeWWDOhRcA5WBCCUApOqS8+cik51xWotYRWGsyXCSsbSph9jFvjBoj4ef0gcIuIKpvHV46FhCbW97DvHS1OKj7XvplJgTYmcMvNr2q8+uZXLpz6xlNTSilwThCG0Q8mKRiA9wPI1xK/OKznBRT320gqzr1vO/Yd3bbW/mttX+99O45d1wzUG5D/FgTXaFvc4oRFCAkKAimEIQKhQSnAGIFS0v/CnFAD8LE6C0xFYJqlGA4HuHDhgrf4TmCM8NvaAhC7zXgaYWgW2QjDCJxxn2d3HgqhxmoTxkApNxbbx+7BKn+F7YyDM+MdGMvPCow/85kAYj+XFNKCq6E41MR1Ke4/9koIIXDs2KEpAOCcQykNYeoq/v533vfd/xFb9ypHrfvoc4y8tpqrv14IUHkDBewqBXDrG94wBYKfA2Br9lU+yZYAwi5smaWp6YvPJIRNByopbfzPIUQGzjmkll6oM5EijWP0el1kmamHYdat5pwjCAL/mqkeZF7AjTIyLnOtFowInm0YIgQ+bWdZfGpjc0Puub8i+8/8/rmQ54U8tJT/X2/yT47SUFJlSEsWNHHNza8DoRR3vvZ21Go1APDKEgAo4+9/3b1v+RVsT2i5kVh+M8I9+u+KG8AuUwAsJj9DCJ0G8thbSmEZdwIQDUqIqQPQytTIa1sjb/v1pBQgBMhSYYVfQQiBJIkxGPaRJAkCSx6O1tXnnXZlUtCci7HQ7Xpg3HG4cd/OY0AupGMKd/K/lUI97m8rKK3950afS1OEdP3d7wQPQkil0Gw2MTHR9tyHq45USiKqNX7k3vse/Ne4uB/zONcfWF9w1uIGKm9gDHaNArjzzvsOU8L/O2d9zY9S+5hcZJn5Qfu+e5PbdpbO9LsrCCnhRuCITEKIDEk8hMgSJEliGoCsRS9aeDfIw3kAAPxgD1dUU49C1KII0MQ02GgXp+tyJeClRsHV11bo/bBTANfc+SCmDh6DVBLD4QD1eh3Hjh5CEIRgjPmlwiklJhyg/L+5+54HfgGb/zGv5tqPSwWOe+9a/15rvz3rDewaBaAJ+VFCdL04S59RQ+gRO72agEJII9TGjdd+iS+RCUgpwRg1z7MMSitkWWKs/2DoLZ4TescBOGXglAOAkoJQSiGq1fHqm0+i1mjaop/Ven8uoQoYEXw319BZfsojnLjz7dh39AZIKbG0ZFYPBoBjx44gDENorREEgQ+53HdSqzf/p+943Zt+aoNnslF3fzPewGaOtdrxNrvvWue1Fi6bN7BrFIBS+gMA8UQYIQRSSWiiIaVhzpU0ZB9sPYAUJjxwJbqUEIhMGMmkgJICaRKb+XkkF3JXDcgYQxBwX4ZrrH3uAbiQoF6vY2qig9tvvxm19j5zAtplzC69zdejFr+w3qGUZr5h1NmPG17/XrT3H4MQEsvLXaRpCmm/w+nJKZuONArO1T04rgPQ4EH0yzfffPP0Jk6t6MpTrC9Ma5F/q71nrdf3nDewKxTA7d/x+tdQSq9ntnS1aIX9Sj3aNMtIadJh0rL9JsbPoKEhpAS1JcNCZEjSGHGcgFDmj2m8gNz6O6bf/filVL4aEIAlCCOcOHEEYRCgMXXQpvesEnA9AJdAEXjOYozgKyv4hDIcuvFunLzn3eBRE1prLC0tYTAY+JDGNweN8A1OGbiwgDGGVufA1970pu++fwOnNxrHj3sd6+wzerzKG1gHu6MOQNB3ksDcG/cjNz9MYn7UzLT1agkQ29hCCIGQGcIggrZCHQQMIpOgjECkGbIsNUy7b/mFt3YAvBJw25VSCILAhhIMUpqUeKPRwE03XocsyxBNHQCLGtAqs3n2nUWJ2Cs1IsnCKscSWgOdw6/AzInXIKg1AA2kWYKlpeWcRIU2BUFKIY5zPsSRnabegXti0FwfOTI3P//p++5/8E/azc6PfeITH3tp5BTXE7aiAlitXbd4jPVaescdZ7X9xh1vK/uObltr/7W2r/e+TWNXeACU07cSQn1u3qXglJIAgbW48O6ttj3ylHKkIgMlpjhIZBmkEMiyFGmSgICgVotKpbHOujurHwS85P47BeEsYavdxsED+1CrNyCVKaxpzVxTtsabGASyMbhJQ4VGI6Wg3dBSmf9prdHcfy2O3flOHLrpXvBaHRoai0uLmJ2dh7BxPYgrEjLfxdzcIrQ2g1HcMBH3PbjrN99PBBCQJMnetbC8+NRb3/49P4d/+k9X+92RVf6K21d7z2b3qbwB7AIFcO3999e00vdoXbA63guglu03As9sYZAQhulP0wTQGmmWQROAUMPMJ3ECJSXCKPLEFue84Pbrwg9de6bf7VssA47COm44edwSZgpSKdSnj3pPxIcWF31Pi3G99pOJHaGnbEWiWb9AAoSic+gkjt35EA6/6j7U29OABgaDIc6/fAH9fh9KKUiRQQhZKnxSUmJ+fslcj1SezCwSo+77CgJueywIgiBoiyT75w98/rHHH3zwPfcWTn41gXegY/Yt/htjXtuIwF0t3MCO4aoPASZ72b2cRzWt4a2uIeZoKd1HCTEWWGkEITccgGXzHfsthXFxhUjRaDRLbr+UshQKFK22EX7pPQPnChNCUYtqOHr0EILAKKd4GKPVaqE5cwLD+edHFBawuoc6DvlipI5X0MooGehifK+glDDXXm+htf86tA6cAGUBKGNQSmLQH6LX6/vUqGH7TTuyI0w1NS3SaZphYakHxojPiADw1+juhfOGgjA08wkIAaEMSutXD5P0c2/5rnf/xmKkPvTlP/mTeOTC1rL+euTfo+8b3Wc9N3oz7vZa4cNG913rvMbtv9HXtoSr3gNghD8ghTRNLdbyCmFib+eaAvC5ekopskzAFeEoJcEo9anAJI5BQFCv1701D4K8zBYAGKOe7Q9DUwHIOffPg8Do1TAM0WiGvnAoCAL0ej1ordE4cC0Yj/w4cBcKrKvuddnSl+J6JSFXcfPrU0ew/6bX49Ctb0X78A2gQQilNXrdLi7MzmF+fgFSmTBI22M5Yc7SFIxz0xEoBBbmF6AUEMfxCAdieyaQh0vmPpgGJM7s7AHTtESzTP1Ia0C+8Za3vettWIpPYxAAACAASURBVN/9d9ispb9SvYFR7Kigr4ar3gOQQr0piALvhrr0HCHEuvrGvVZKgjEOZS01oRRKavCA2vp/s7+UEp2JCc/0F+NZB/cjL1p+KfNhIC4UaDRbmJ6aQFSrIQwCJEkCpTWSJEa93kDz0En0X3ratgYrEM28Eijd+YLQu5i+6OZrbYg57XL41gOIWlOIJg6jse8YeBAZL4ZSZGmGXm8Jw3iITAgQmPhdZJmflWAITOKVaBInpodCKXzpsScgRAZlPR0hBFw3ocsEmO9B2nthORNKTHMWJ0hTgHOCNE2vyTL1p2978L2/cvb5J3/m1KlT5oNzOCM1al2LX9NGLf2V6A2M+7z1sBk3cU1c1Qrg2vvvr5GeulspbbvtjIX2JB3g69kZN2XBlFKz8KYUoJRBZMIM/FQEWilkWYpare5TXqPLdBW5ABdyFN3/IgdQq9Vx9OhBREEAqTU4DyBEhuXlLqIoQtieQdZfgBosQCkKwpSpEoQrDCyw9747sBDbK2kalrS0MwYlglobtYlDqO87Ch42bJ2DSXEmSYJev4/BYABuzzvgAYQQ+fVwo8yCICi585xzKKkwjId4eXYJSmaldCshBNoKvVOIYRgiTVM708AMKqXM/ORq9TrSNEEYBUiSjMZJ/BMHjlz/ln0HT/zYZz/9ia9gfAgwKqjjXlvLtd7IPuP+vdZ+44633jE3yu5vm6CvhqtaAbSXszsoD0JCXJyubHef8n38lBIoUG+VTX7aFu/YuntoQEEZ91ma9f0Mo+8IPlaqcnNgzLi9bl8jKHnzD2Mcx48dMi2/AAQkGAsgZYY0SVGr11E/cB0G52JAJVDExtzEjiZXjsEvM/naljS7eD+stxG0ZxB1DiJstPNGKK2QZin6gwGy1PQzaACB9Vzc92EKd4glUc21CSnzsIRQZMIUSH35K09AConBoL8iBeoUgSikQYMg8CXFYchRjyJIrSHSFFEYIU1ShCEAzSGlfCUl+MsH3vrQ//PM08/+/OnTpwYYL8BFbNXSXypvYDWhH4eNcgPbphSuagVACLnbpP14KV4HiP8BGqHRAKHQSnrSSggFGrofLowSUApSS6tITC+BK/wplv86OA/AKRxKqWk7ti3AlALNZisvESYEAhIAw+LSMg5EESjlaB6+CYPz3wRkBk0KrPqI4CutzDxBDQSNSfDmNGqdAwiiBkBMzQM0kKQJkjRDr9uHhvMYXEci8pCGEGgpwYMA0NrX9BNCoaQEo8ynNhnl6HZ7OPP8eQwGPWSZ7Zi0I8eLdQ+BVYjuOzMzFgEQM4mYQ4NGETKRIoxqyLIEQgrwIECaJIEQ+oPXXn/ioWtOXPtPP/vXf/a7KAvddln6S+kNjHvvavtuJYTYMq5qBUCB11lfGUa+jOVzZJwZrmFy70oKcEZNjbvlALIsM2O1KIHMpF+gQ4oMCMNSq2sxxVX8t/kc4od/BAH3CiQKTe+/y4+791s5weLSEqYnpwAeoHHwRgxffgZKxvZuazuIxJJxhCJqToM3pxF19oGy0H+2khJpmiLLMgwGA2itkdqWZzNP0I0S1976OzedMQYljefCgwBSSHstpj3ahUBCCHz2819ClmWIh/382mHmJwohPSeiNUoKGMSMUWOUey5AZxIBj5DpDAE3JGmWZgjCEFoppFl2QEN/+P43vf0f9Lq9n/zylz/7DNbOCox77XJ7A+spiI1mCor7bKsiuKpHgh0+cuJfUEqnCaGl/ntDXlFIKZCmKaA1XJ5daw1mx4Izzoy11RrEhg5SSkS1GqKoBrcSkCt4cSO8nbXPFxOhnjR025vNFlqtBm559StLqTL4mgFDOEIbl5xQhrAzAw0NnQyhlATlNYSdGTRmrsXk0ZsQTRxA2GiDMdN8k6UpBoMB+r0eBsMhstRMDFZag3IOAmIfYRSdD3mMN1LK7ReITqmU5QjM6HLGGJ5++ll8+/R5LC8vIonjEjlarI4030fuDfiQCEBUayCMQks0utZl2PsBO7TVeECcctPCpcnxoBZ94LqTr2jHg+VH+v1+aVr6yPNxr12OTMFa2GimYMczAMBV7AHceef9M4roG4zg5bEogJGCIFOzrmHiamf5AFISWmmGXAIgvk/ACYez7kWFADjiOz8Otb0GjFFEtQj1WgRC3OQcZXPpJusQhhGSJMbi8hKEFGi325hot9HuvBL93jG7CIk5N7dCETSQJAniJPHtzS6WL/5cOONI08QUG0lTuy+F8Mw8pUbQwrAGKTO75gGM9ecMWhiL70KDpaUlPPHkacTxEP1e14Y6wlyXFW6XRTHrJIiCt2PmLihlPApmV1mSQkHIzFt+HhilGAYhJDUeTRSGEEKAQNeyLPvQjTe99j3X3ZD9j1/4/F9+Cuu785fDG9goibcZz6GIbVcKV60HcPDosfuhyQ+EQWBdTOpzz3nLrjJtvxreDdY2hceY8QLM+KyCay9NKNCZmPSfpXWeWZDSeAEu3nfb3H5uFFirPYH9M5O48caT3kpqIB8bbll9SgkGgwGSJPUFRH4mP4xCiYcD9PsD9Hom9tbKzf7TyIeGWO/GXrdZJAQACLSSvqfBFQ6ZsCnPYnhuw3pLYRh4pfXpv34Uvd4QS4vz3q13xKjzfgwZyr2idN+RIUTNuXU6HT9DgNqJRUqZIi0W2FDEjjTT2kxnBgGUDamkVJOMsb937XUnb+I0/PTCwoUUV543MO59G/EcLpnQF3HVFgJJideZlt98EG1usZmPY52wmCIWt68lzACbT4epC1AKlFGkaVLq8S+imAYMgiAnugqr8zhF1GrU/HkVZwO4H30UhYY3CEPU6xFOP/cc4iTBMI4xP7+A+fl5LCwsIE7Skrvusgyu7wHQftS3ySAgD0cowHngwxceBGAsQBCGCMIIAPz7GGf2mo0AaqXwuc89ikEs0OsuIU0TW/tPPcnnZiG69GqxH8B3SAqnaDRAAMYCCCWhlCmaotxMbg6DwM5FpIjCECBAwAPwMAIIQRiF5usEf8/hY8e+cM89D7zZ39Ac4wRu9LXVBHwr+6xmzTeiMNarDdix2N/hqlUAWqk7qKXviwLmt1siSmsNqQyj7Syxt4TEkG3O+rs0mJDCWse8yQcwbq6Ld10MXGx+YW7EOGALgeo2ZMgVRHGGoFIK9XoNtShCKgSeeP4cTp9+Lm8wAspKw1Y7FmsP8vPWZo1CG78TYopuAs6htEIUhTbWNpOGzUmaFYZQIDQNv2C8iC8++hgWlhN0lxfR7S75UMi1XRfDLsCGWvb7MPfALpRS+B7dALZaGCIIAxDArFDkViuiZsgpYQxhGIFQjloUmqwKY0YJGCVymIfBH7zhTd/9i/BXc9m8gdWwliLajMXfMS/gqlUAnAd3GJc58D/E3AXWNiYV/odqZgOaykBTEGRcZ1dUQ2BiWCP0Zva/KbwzmSdm3dLynD9HPDpC0NxfzpktA66DgHhvhCB3i7VVJIwxtFpN/PpXT+Nnv5HifX/x/7P3psGWXdd52LeHc+78esSMBkGCE0CKM0yJigZbtmLLiqSqhFElVXbFrthlp5IqJ6mkylVR9CM/bOdPSkklrpQTx5FUlURDBkiWQBISCYAUCQIkQIIgCKDRA9DD6+HNdz57yI+11t773n79ugF0A3hEb1Tj3ffueM49a+21vvWtb53EPLLgSFE90FRHW9hhASxEIF5KekAuJcaImkk9hj9rVVUU+TiHwLV6RZ1QoNTA43vfex5rG3OMR0MMd7ZQVTaVEhdKfEYvRD5lxUPIRHIOYgxQipiBwRGmoRT1HFhrYbUlnQEuowIK7VaLQdgWrLaoqxp1VXFFwWgE9R//Gz/31//wvvvu6/Cl8W6IBvZ63PUY+NsCAAL71AE8/PAvHAHiMWurtLOUjD1R8pWw1HsqRSGx9FTqEBR5bjBYBx4FNhoOAWSWm4TQKZROPPcMEJYiIUpp6idggxDZrESY4Yt8MOjju2fX8b9993VAGWyP5/id77yKbreLiILVmF5/sTsxNR7x42IIUEqjqmwOzUNI482V0vBsuBKJeE/nra5rGKPx/PMv4PWzW9jZ2cLGxuXkBMsIKuMsWHTAthysSthCajAyJh2Dqaj8ajmNkilFrVaHZiaYFjqdLrRRqOs2rNGoWzUipwKmtjA8xFRB/ZX3vf9jX33ooYeO8iXydkYDez1nee0FUi6H/Ls954avfekApm78KbrFwh5ukYq7YKy880mY67hxCECq+2fKLygtiCDWXBEalzTj5feg8D4TbORfXQkfgVHwlLeLVFgboybiv/jj5xB1D1AdDPp9fPm1c5g6h06nnT6brOVoJ5XcitQkRyRIKYPwEbTRqK1NztCHgKpizCRGfO/Z7+PU6xsYjUdYX7u0UPqU4zcm4xkARRmS/3tuxEocg+KzxxChNNBq1Yw5WHaI5ASgSLHZ2orfQ8PoCtpq2LqCVgrtVgfa8DAVpTCbzdH4gOl09pFu77Zvf+JTn//HD3z0Jx6Q01VcNjcjGoh7POZqj5Pfr5bf3/S8v1z70gEoqE9KyF2qzywbKwDGAMi4vfc0DDhKswthANIvoBlAM8ZgOp0kQwOow7A0gmWwq9QCkB1fS829WLJrdjsdVHUL/+j3v4nVYQBMB7ffcxTve+A2jHSF/+v5E6irOlUFTDL6DEqWDESVkPf8GeScpLTIGL4CFaHtmicnAaiqCj/43vM4+fo6xuMRNtYvw3u3cC6Xex3ktY0x6fVs8XohRT6AVGoQSW1ZHBsdn5RSNawCoCyqSqOqWzDWoq5asHWFgIjtzS2sXdrAxQuXsLG2ifFkgtHODqbTKcbTySEX8F9aVX3row995p8MBgOq696caGC3dS2gb/n29TqCm7b2pQPQ2nyKynllzp93vGSsHJ4qRZoARH/VcJ4or1CKxm7JOC+adQelFKbTecpx6T3z65Ph5SEgmfuvU04MBhdVij6y02i1anQ6Hfx3jz6LJ15eQ9Xq49hH7sbR+26Hbw/gWj389rOncX57wopESI6pNGotFFuUA0l3V0aS5ij5bPIcydWf+vZ3cPLMJkbjETbWL3HdPl/PpdEL7yGdW06/0rmRzxVJ4yD4wCAspU7GSuSkk1OwxqKyNYN+LZqUxGnE9tYmLqxexubmDuaugTIatmVR1QaV0TBVBWimhHvAVtYC+h/cdfeH/+jYsWNH5BCKS+hmYwPA7rt++bNccen+WxjAnivET8uk3nItA2QA4AOx7QShDsGnxyrwThl4bqBSyUhi8JhOJ6nub4vcVjCGMtwXnn3GA7iclgyCIwNr0Gl38P89cxz/w5dfQPfQAdzz8bvROXoIrtVFU/ewtgacOD7Fb/7BUwR4ca8DfW6VDE7mCpTMO0HeU/swkJxajpCyjJkxBk888U2cWx1iuL2FtbWLSf1Xjom0D5AMtmQBxog0FYkiH2Ie5ipM/pqU4iYjIEcGDNhWtaXcng1/PBrj8uU1bGxsYO4aGK1QFePQVdBApN6CGAJUVFAqAioCIExH6fhTvcHtf3znnXce4MvhRkUDy4+/Gsi3vMvHq/zb7blvy9p3DuB9P/dzbW3sRwXkA5AubjECMVQocJ7r8jdA1T94T2rAsqMl5yHjt4zBaDgswLYil2XDKXe+kh4s4a0PAVA0MUdSjHang+dfW8N//r9/HQfuuw2HP3oXYv8gGtvBZF7hzPd3sH56jhhqfOm5VXz95VW02+2kwCuGpRXteMIDEMdEzouVeKrsOGSVtGRrLb7y2OO4uDbGxsYa1tYuccNUPg46v4tiHwJkSnpQdgUulwmFBiwKSVJKpEV5vDEVQohwnvQY1y5fxGw2g1GKwn9Tw2qDAHp+9EDdrmAM0Z6rmkqNiDqXNUE9ByGEjx44dPcjh+66a6U4DTcjGgB23+V3M/arPe5tX/vOAawMw0MhOFvuhCX5pnQEAF+sEFIQK+4UO3eIkdMDClWd4zZYAKMRVQIoTM4dhyWaX6L/EtaKAckuKiO9Op0OTl7cwd/5519C7yN3oL7nKFyrj8Z2sHF2hrNPXsT0YgO4Cgpt9O89jH/6rRfglaKa+dLnziIhOQpQSiU8oGQtLofzSik88kdfweaOw8b65RT2i6HLcdDr+JTry7mQFuiSfCXvFePiezqfmYiKS6ry3RlrYSsDa2tMxxPsbG/BR0Abi8ZHhMhDXZndaKqK+jY8EJWGtRqB1Z6VZsp3JHo4Ikc9Wn3i6Mrt/xKECaTTgBuHDexWxrue3b98/Duy9p0DUCF+zFZVop6W03gAMVYOSUXUI+Z8NsbIApnCBaALpmk8FA/8UNqgshUmk1FCsT1PCpYlUcZiqJ3pwQBYTJO+6063i7XhDP/Bv3gUzT0HoAYriHUfbmaw9o1L2HzqIsLmFBg61J0ahz93N9r3HcGZkcN///j30W63kwGWxyqEIe89UWeXPl+ZFkm1wnuPR/7ozzFrNDbXL2Fra/2KRidyHmrBkOU4ZeiqPF6MvwQfS+ecKhDaMkZD1F5jLTQUQgS2tohmbCzV/51r0KoN6qqCtgqtdoWqNomzQX0dBj4A5O8o/Fcxgoo7MZtZiNDa/MKH7n7/f7XbJbV0+1rRwPIqkpzrMvjdooN3bO07B2CMfiiyCEfedc2CISYdgFSTl12T1HEiCJQTtVtdOocQE7A1m84WSl0lIg7EBaORqEA+V4wRzbyB1grdbg/Be/zD3/0S1ts1Yt1HrPoYn5xj7dELmJ0aATsOauIx+MhhrHz+XqDXRzQdOFfjf/7dZ/HsSxfQatXZoFJOnyOgUBg6gCuMVymF4XCCP3n0ScxdxIXVs9je3lw4R2LEZWWlNGz6DrL8uazyeamfQYuoql94/bqysJWGioDSGqPhCDHSLm8UUFcVrCEhUR+AEHmSs8uOVmsNFTy00vAsxhJcZMfAx2MKpqIClNL/yf0PPPSzePMh/3LZbzfgrpz6upcTeEcNX9a+cwAx4uMi7V1e3AJsyd+qyiIW35dnhZv0OtwIlAhEqVzIHYTGIAIYDrfTRdQ0LtFyZQekjrdFPUD5m+gQKgX82WNfwRcOBth2H824xvbj6xg9s4k49MDIoT7SxsFfOIb6fSuIHojeYPzKFNuPr2N2weEf/bd/iqhM6sBTRfShUFYkQuH86LgqNsrV1Yv48p89heFogtXzZzAa7SwYf5nLy23ZxaUHQNZy6VXShDwolF7DNQ2UNmi1Ko6uFABN6ZgxaOYNHU+MaLXaCJFsSwHwTQQgTVMGMRGLqJuTFIY9iYyKsUsqEJF0EwFK7wBlOq3Obx05cqSDNxfy7+YorhXuA4vG/q4wfFn7zgEo4GNamxTmlww7CUelFCgRglwEgGLtPACKhEIVCEiCAinX8COlpj3c2Vm4qAEsgF+LJchFJeLtnRGUAr721a9hNm/wyTsO4O88MMDw8Utw5xtgHKGtQf9n70b3C3chVhq+CZi9PsLW/30Sk6fWEMcamFd4berxB088jV6XmHLizKyQeiAovUl4CEA7bATw6onTePIvvo/JZIyLF85jOp0kZWM5jtzQpIpjEqwlVwHk2HcDP0URWZyyDw2JpIRi09SAUQa+aTCeTmGUgqlrYiTy51V8/hUUVCTqNHVwAirQbIJ5w+3EzZwcmea0L2Q+hE6VAy2ckPsPHTn2X+fL6U1HA1d7PPAO1/bfyNpX7cCf+MRf6ynj/plmKxOuOc0CyKUouSAnkzE7ggCK1iOkB4DCaL3wjcjzALqQZGc/dPhI2umS6i7oIqMdFClnFiDuwMpB1LXG1uYGppMJOt0uDh8+jE/cfQgffPhOfPPFHZgHbkP3549BDWrarYZzTP78NUyfPIM4nANNgDlQofuTt+Pv/sxBHGvW0ev3cejQITh+n4R/KJW2I8XnwTBB6AcvvIQXX3odO9tbWLt8gWYhxpzCENhXUn0zgCnnRaKbheafFOKHK3AA+S52trfQ7nSxMhiganXQarUAUDo2Hk9gq4pyeKVgjGgUenhuyIoA/x7hPU1sDjFAg0q8UVI2z2xEquNy74W0YWdHTdeL+nSnP3h0e3P9Ih/K9Rp53OX+d7WBX2vtK0EQY0YPKl1pFEiy7HQhBB5MgQVjJclvqoWL+KX3HjAkC7584SbRUJCo6HQ6WkD0SzJOSXctO/S893CelHq1AlYOHECn00G318PBgwdxbDjB5EOHoQ/0gRd3YG9roTmxjuaZC4gN4wo9i/ov3YMPfXaA//QDAbeHLayvBzzzzDP4xX/zF9HpdDAajdJnB9j4lQKUSozHp556Bucu7GB97TI2Ni5jPp+nkF44/jIWPff0+yuEUMvSp0QJcn/5d/qe6LWGO1sASB3Z2gqkb+CgtYVrGmIQaoW5o88xnzvmOWhOJ3hwKzM1Ecnp+gg03sEYjSY0FMXB86xVctBGZ/YjMUBJg4HKhTDtqvubAL7Il9YykCdrN1LPspGXj7naa7xrHcO+SgFcVB8r2WdlOJpbVU2xs5kUtpIWYO6cEzEO0QVARNr9iMGnYA0p10zGoxT2CwtQogPHI8ZLIg59FocYSRrs4IEDGKysYGVlBdrW+Ae/8QRwqItw2wCzh45i9OgluG+dhA4noQ8E2J9YQf0378XnP93D7/zlw/j03QMMBivo9wdo1TUe/9rXoLVCp92GnI8FkE6TAT7+xDdwZnWIy2tr2Ni4lBqH6HMiEXoAJEC0JPhIGVCWlDkJ4wgL95eVGO8DRqMdjEY7GPQHaNVtVK2aWpJNBc8YSl3XCFGhXVdADKiq3DUZQ2Ccx8CHAKUitFHwc55joMhBIFAVQYNaw7k2kSpA4J3fx8wO5aalv3L//Q/+DH/ktxLyy+/6Krexy893zdpXDsBY/dByZ5ogzp6FLYE8mUeAOuc8Img38T6khpVEAGKwKITI3XTSLUg7yHA4TGVAMvZcXy+BMPlMcr+PESsHDmDl4AH0+310u13882+dxuRcAE7vAHd2gLs6wL97L0KrDf+aQVBrcLcHzM6dxQMYo9eq0G610O50sLKygn6/D9c4fOPr30C73aaQOjJTkXf2yXSKP/3TL2Nto8Hm5jo21i9hPm8WHIVUPITCLLm87O7l+ZHmH61zK7CcczluOffGGDTNHFsb6xj0V9DtDdDtD2AUB5sqENMwRAJVvcNs7rhr08NqywAqjzlzDe30LqCZ0+ASH+j7jPIzBvhIvysQDVlLWqMVEKW8m8lhMUbYVusfF5fXssFeDzaw/PhlJ6DxLncC+8oBxBA/CmRkujRAa02qDIief7mjaR4UKuUzYswxCUjnv0Ehoffy+js72/yeZUkNCyF/iQ0oRbqC3ge02y30en20Wy14KPyLP3gV+PhhoKvRshHtwwbVh3tQn1gBBhp47hwwmwCdGjtRQWsDKI1er4tuv4fBygp6vR4uXbyAp59+OollKBBZ6PSpU/jXf/ynGE0NLl++iAsXzqFhsEwqFGLwmb+/yGwUx5lz/DxWrUwJys5IcRaTyRhrl1bRHwzQanfQ6fbJOSjSA5hOG3JUFSsZWUvzG5RCDIBnnUAthqqAxnlYo2C0gfMN7fKB9AUp3NdU+tMaShOoGxUARI78aOfnP6XjtEZ//n0fePAnly6zNxsN7Gb4pVPALj/f8bWvHIDR5oO52QbFxRcSQCWhuSjxiCRY4Jpx4Pl5nsVBgPwaC+2tITAwZTAaEZovMwcBpLbi0qDEQXjv0bgG81mTqhRVVeGbqzN0fvoBcgAfX4GbT7DSBVZaEYOfuRfoayBWUH/xCtAymDLbsbLUL99pd9Dv97Fy4AAGKwdw8tVX8dxzz6E/GGA8HuGxL38F3/zW02hiFzs7xOuXELhsapLcXc6X4CCiRCTVgZLqXDrbMmoAMuloNpvi4upZ1K0WOp0e+v0BtGGHbagJi74HBe8oJXPNnAVOibAVQeCeczSHUANQIcB5Rzs/f6c+5u+wcQ1i4CnQPOos0gBo1kEgSrYAgxkjiqiq1n+IvXf7a0UDu93eKxrY63Xf9rVvQMAvfvGL5pUTqx+Ez0w/iQJIZsuAhCM9M/LyxJvgfZoETDtqblQRAEzBcP2YSEL59S1mswmmk2lS2xEjyNz4yKBVniDsncO8cdCFZPn/e3mOwz9xN/T2FJumgm8rzC9s4WC3xvxABf/z78PoD7cRj6+jdXET0w8ehNGapv9wezFFFiQpHrzH8VeO45WXX8ZsNkeICgF9jIbbuHhhNYF5tIMjGbwcA+GFJtEjhAKcR6KbdIzynDKqEqcXQoRzc1xYPYtWq4OVwQH0BitotdqAMrA2k65oylBDOoUR1MnXNAAUGoAmMwWq3ChD8wqDAgANpXnKMwAFDeiISKrBiKDSp+cJRuCIwjlPTsjFJImGgCS6qmL8pQMH7ljZ2rqwjd0BvmsBgCX4t7x45AzCLvft9bpv29o3EcBLp1fv00rX7LzTrkW3KbyXsDRd5JwDKs7zEYX3L8IVXPuG4tyQvsucJ4uxG4x5GIYAfssRg2Mpcak8zOczwg0YdPzO6hDHobEy6OCBj9+N9pEOYC02L46B9TE6WuHwZ47B3jMAOl24r56AtXRpixPQRlNK0e9hZdDHocOHsXLgANqdLrrdHibzCuPxEKur51KjE0l056hmsWEpFudNopcM7pU5Pv3MTjfToIFmPsPZ10+jrlvo9Qfo9QfEVeAW6Gbu4L2D0uBpQyQEghgQvIMyGo3jWj6h9JS7i4P19DjvApf6CPdXAuiCrCh4SufI+Dm1gwJ5kMhkICSTi/S/1tGjR34Z+Z69dnu9x/27hfm7RQPLjweu7kBu+to3DsA0+iNKavgFei38+5KAI4SWEAN96TGmMBARCN4RMSRE0uqHsN74BYoLPTJJSCTCSmwhG5WElLkTjubyZX383/zW65hujDHo1zjQrfHQfYcAq4EQcPHFi2groN2qcfgXHwQGbfi5w8VzW7S7ep8ilqpuUSqwsoLBygCHDx3CYGWAMeSDrwAAIABJREFUS5sNJtMZVlfPpR1aDF5235Kjf+VxFLoIYVHvMPdALKZe1lpMpxOcef00qrpCrzdAr9eHUoZBONY+tIwdOJrQFL1secRcdI6+j+AdXOPggyPyDwhrUVoDmpw5jUBnxxsIAFTg7xoB3gXmBigEnyXJCc9QC+YpmI+y1d/AtQ3yjdy/m8EvpwFXcxxv69o3DkCZ+JESrCpJO4JIL1/kXibnykXPu0IE8ogwDmVzyoBUKiK5LKpfj8bDBP7lfDrvmgIKNg1N2p1OpgCoxj5qPF5+aRNnLu5AGYV+y+JYr8b9B9pAAMY7M2y9uo5WpXHoo7ej8+DtQKeNcycupM8nPQsKJO3d6/WxMlhBfzDAqdNrmEymuLB6dmHSL7BYLk1AJ9/OSsUC5sVU5hP245V6hzE9f7izjfNnTsNWFfr9FXS6PdIE5EnCVCL1xNFnwFXSF8+j2KkKQ/MHiNVIlZeGx4/H4BG9BwKIo2FtcgKahUaTo0CWPQOQfkoERE4h5MqPD+wT1E9hd4O8EdjAbo5gr6jhbV37xgF47z9cynKLUQBSe1/U5ZewtmyMARgM5B3DeQKdcl9B2TNAoWbjHJW2ZnM45+AcGTm9VoTM0CtD5xgjmmYOKAXnHb782jZCr41wuIcfbM/QNhp9rfCZIz10DAAEnH/pItTco1Vb3PULHwIGFvOw2FUnjT+Gj6uqa7zw4ilsbA1x8cJ5VjLOY77KnV5yfjArznufjDxGpEhGph0vU36lGUqcxWi4g7NnTsHWNQaDFUb7LbQ2SX2J2qA5nWBpdsJRpLEqJkajdwGz2QwI1EQVebf2nLZBUc/DbD4nqrJScA0/Dryby2cNwiDkr1IhRST0vWXSUiC84+Cd977//uJye7PRwNXSgGWjL6OBdxQc3DcOQBv9IUAtXJiLcwByWQoQFqBn40aq85MqLl2MYIOQqyQPDuV0IEbUdUXSVDFgPBqm95WdrCyvlaG2AIE72yO87Gu0bz8ArPSwaSxemDSoALQV8Mn3HQYCOZBz3zuHyhgM7lrBoU/dC9Wq0vEFvqhJZIQmHT/3vR/h7Ooa1tYuYjqdJIMuHVHm7JOjk88K5HmHchwC+MljqHrBPQWpvApsbW3g7JlTaLU66PcHaHd6zA2wZHghILBjjIqGsgVPSH4znyNqOtfeOQrfvYe1nHIhpkgseA+jRL6deQJWI0am+mqdvj42ZEDSuRBTKkC3+Toqy8c6R0SdVveTS5fcjYwGyt+vhQ2Uj7/pa984AKX0A0Q/zZTc5ZBW6LllO7DksDEQk4zyRgWZGiSPAUixNkYqKQYvMwSkZpyBQDE0IDMCgbyLkrE5zGYznL24jpe9wmc+dwz6QAfoWLwwc7g4c1ABuHPQxl33HASsxtrZLYzXhzDG4q4v3A/TMQtOTY7Te4dXjr+GE6fO4dKF8xiPhpyaGN7Zfdqx5TPKzIPyXEnks1zyk3NSOjc5vvW1yzh/9jV0un30GemvawsaKMIdeFI5UJGrIQ2dy8BsP0clPOkeDDFgPueQP+aBopHfMwafeiy8C4QRSJQneTyLrogKU4w+hf4JcUg8D8INIJ2QBA59DNe32+9m6LvdXv7bXkb/jjmBfeEAvvjFLxqt9THS2bMLCHwpzFnWtBNl2PFMAADRU6s2XRhZu4+oqT6FwlQ/JvJK7m03GI9GBb6Qm3FyE41Ih+XpxK+eX4c2GkeOdPHJYweA2gJa4+uXJ2gaj+gjPvTAbbCmArTGa985D6M12v0W7jt2BDLQJIFd3uPC6mV86+kf4Ny5sxiOttnpLdbsBY+QkF3KlEDWS5DbgmVIiiW7vTgVwQkuXjiPy5fOo9PpYTDoo9Ptoao7AIhfISAoADhPRi30a62oGtNw9QWRHALxNBS3OOdIJTAl2HmScxNdwsqaRPuViEFTjMGiriq3D8v5KIBMGpaqoW0GeKEBa+oH+XK73t38avdfa+cHrk4bftudwL5wAMePX77X+1DJTiStupLfykVKDSyec/CGckAOP4VVJjmi5tBQSluASsIgAMCxLAF8IEchOXZJjJHPUJYGG57c2zQNXj53CdqS6OUnjvRwrE9h/fbE4bkz24gholUb3P/R2wEAo/UxLp+4BKUMPvrBO0HAFu/kIWA4HOErX30K21ubGA23E61ZF+FsSU4qBU7EOS6P9irLniWQKpFEjBGnTr6KjfXLaLW7GKwcRFWLQhEgDo+e03DeTxLm3jXME/AAh+U0fbmYvBzICXnhUciuzjReUgCizr/GeZDwJ2duUNwrcPVoPLDRhxBSmdE5R5qBnqLDqPAhXNvwruf+ZRwA2N05LOMA70iFYF84gKDn75ce9TKHK2W5Mk89k3giU3/1Qk7MjDEuUeUQPsJ5bgZi5pkYiFxwwUfMZpOF3VOiAMmVRUuP3sthPhzj7PqYJtlYjb88aKODCLiAV85tY31zCkTg7g8cRv9QDwBw9tmzCEx/hUKa9jOdTvGvv/x1bG3RxJ7y/cVYpRoh9X1hSea/x1TfLxuBJIopj4NKiA1OnXwF49EQvf4Ag8EB1HULVdVKIiyA9BWIsEhg4/LJGWhNx6I1kbYCl2Z9iIieyrUREfNmzvoNRHoyhrr4XENGLE4tpKjNc1RIaQBFFpSiJaaipb8baxLlxhqbMAKmIh/D9QFyy9Tet4IN7IYJLH+Gm7r2hQPQyh4DMuovu0e5lmvelKcH+LRLZzDQck1d6dzgIgCScw2LatLuEAS9tjTKamdnZ4E67JiZN583AEg1SEqSk8kUPR3xyqUtXPbESOsYhZ/vtwEXEKcBzz1/Do5FSt7/2TsBHTCfNVh9/hwgABiIbPNnX3sKly6uYe3yBcxms/QZxDlGxCtaeKUaIkYv563ELuR3ilpcqmrM5zOcOP4y5rMZer0B+oMB6roFy/Tm7HQivHfwPi5ED0or/rt0S0Z4R3hA0zQUuAePqjKJ8GRpaAB9xwCJfiiS/HZs9EmgFJwycKoTQ0gKQQtVEC8OiRx9ZnySjQUfoKCqu+66757ikroR0UB5+2q/XwsPuKlRwL5wAAq4d7kjrQTHcgSQCTAxxkwL5Z0/+pjQZK01fHDMSMudgxX3w8vOo7VGAF2MUArz2TQZSxlGlz3xcnG5pkG/MojdGt/cnmHM3+exSuOBlgXmDYZbDU69fBlQQP/IAEfvp6rAhefPQgfHBuTxzHd/iNOnz2Fj/TKm0ynKScRJsDSh/iUgyRd5EdqLs1xoliq6/mIEppMxjr/8AkIM6PX76PR6MKZaqLxIRcYXCLz3MXEWvKMyqygyucYzyg8gRtr9Y0zKPl7q/vydKlDLsAueabzcjhyE4xGJas33QeUGIek/kKhPekIAEFlIzpXmCFEB1rYfwOJ6M7s59vjbXtjAciTwtjiBfeEAgHifdPgBSBesgE7lbL4yJ1dJOhzZWFnzPxYMPqKMIjkPgMJiGcelOc81xmI6GS80y2RmXShQZyYSeQeNiLpSmFYGj0+dQAv43NEuOlCACzj9wgWMt2eIIeLeT9xDx+YCTq9uwvuA118/h+9870fY3t7EeDyEMXqBjyDnREJ5zzue50643caapR4IlenN5CsDtjbXcfLEK7C2Rr8/QKfbR1XVaLVaqaeCnuOKUqOkRMi1f660EOrvUiQiHXpaE8hYVXmASoyUJkDKrc5DRXImVhvGdeQaoPzfe88RhEHDLE+lKYWQtCFdSTHCWJ1owlIuBICqZd+Pqxt6efta9y+v673/bY8E9oUDUFrfIUi07F5S5pJoQBhrGShUEIEQBS7vxZDVZQDuD0B2BpHYfwpMNPF5p6i4bTXEiPF4nP4OEKDUNK4gCNFFOZvNMJ1NcTiMgcrgrI/4/tTRe4SIn7j/MDB3CI3CiWfOIkag6lS448HbARdweWuI0XCELz/2Fxhub2Jj/XI6rrJkJ+8pxmyMTrx3qQRI5aLsCfCpKpIrB6vnzuK1106hbhGvv9sb0EjuupXYfUAmCMkIdjn/UkWZNy5FCMLOc17YfvR45wLz/AGlIiJ390mFhnACcSr0fcixUgNX3gyMNmicQ8UsRCn1BTlXUulgJajMG0DaKJSu7i8vu+XLEFca6lu9v3zMbmShm+4E9ocDgLpbwJ8SAJTc3TFbTy5yyUE1z8mDfPmKGIA++IULIEZipIXoEyotyLQARc4TaUUGh2ZALbcIl9oAsqIP+NhkA6gMoIGnd2a4OHWY+4DDB1q4484VYO6wcXYH66fXEWPE7R+7C1WnQssE/NGffA07O0NsbKxlEY6C/wDkfF4imoaNTx4iufpyyXSRxORw7sxprK9fRrfbQ3+wgm63B62J4FPyBARJk2P3zifnTO8/T12FTr6PuUtVGqq8KJb0ptZpVzAppf+BQn6bRryXgG/T5GlPgSXY6HbWf5DzJIpQir9PANn4Vf6OVQz34/oM+Wr3vZH7r/f1b6oT2BcOAFBH5YuX8FtaXQULyEaQhSq9dyk1oL9F3jV4J4h5KhABStwlGDOiDUXgkbV1ClGnk3FKKWR3BXJNveTiz+Yz3DHaxAMdqv97H/DkuSFmcxK6fOAjR1FVmlKBb70ON6dG9js+eQ+ObZzB+sY2NjYup4qFMAzL3TzyMXmfAUHHgiTlhU5ofVj4Xc7da6dfxXC4g263j15vgE67R5N56yoJbckq6cVilHOegSCv7RrHaVF2VuKYggCCnBaIYxX8gG2Xo53MbtQaqcoggrD0eFFFzk1g0uCViE3cCix/K7EROQ6lzLHyorvK7d3uu95o4GrOYfn+6yULvWUnsC8cQEQ4BIiGnXDSTdFjnnvT065chH0Ax1SiF89MQBkY6tmIgqQM2iAEKb+xFp13nD8bzGaz9D7L6HpThL5SqsKly/hs1+KwUkAAtoYNXjy1Be8jlNG47+MU8s935lj9/nnE4PH+ozPcPtnEpUurmE4naQeWtmMhOsUYkwZgSUcuGX5yFsuGqYT0z6Y48eqP0DQNev0BOr0eer0+jLWsrxB4pw5MmArpvcB6CpoNT/gPEiHQaVAsBMIajFy7FzwmeOrdd03W7KMOTirXWlslLCZjQMQg1EqYjazunBx6DvcBpHq/cAGEAUoqAorTjght9F1Ll95e0cDVjHj5+de6fy9j3osqfEPW/nAAUa2UI8DE6MrpM2Vo673n/DGPBQ8opgTx4wMzBzVZEow1pDIDKm3FmOXF6KISRl2TSEFlyC9kG8mLQwiYjMcwwyECIn66W8H4AMwdTr6+iY21MbwPOHzfIfQPtwHncPG7ZxAur+Ejqz/E1tY6hjvbC4DjYt6fIw/aMXnrRGY0ZmpyFgIB6PfxaIgTr74MpTT6/RV0u320W510mSWn492ilFrM+b44pYWympyPSOlBkJJjBFOs+bz6TJ0WIVXhHyilYFgfEEUEQtUBABDgNeNCMhlJcflU8n8J+6XXI/d7RCijUvdnjPFwu32QdMsX17WigTea+y+va0UL1yM4+qbWvnAA1uqQU4A8AUj+JuF6ufuhEICIQVhuRKkVj6+KgZpUNsykILpew9L7ECnImgrTyXgBkBSjJwYiMREBwHuHKgTMQ6Tmn14NzAPiKOClZ1fhHEUg9z58D1QA4mSGB098G9PhDra3NmCtXeg9KOv7i0AkMxHZIWmtEidBBFMz2h+xubmO1187gSp183VR1S2YpaGfZMxXdhaWubx8rjLyUAqcBggZSNEAD8hYc4lGeNZfDKjqiqoT/BnouMtQngleIDmxEhMQjIO/XCgg6T3S5xPnx/YirxWIDqw1KQQdOnToPj7V12PIV3MMuxnn9Yb/e6UP13Ikb3jtCwcQQ1wtd8Gy4452n4wMCzmHUOAI8KDIKAAiUBBDfApjAb4IeOeQlCGThEC0VGWgNDCbTpIhlDt/+sxsELPZlHaijQ00IeJY2+L2lgGcw/jSEGe/dwHBA9WgjcMfPILP3bOJvp5iuLOFpmmu6DlYRv3lvZYdogCmkhZJKdBag4sXzuLi6jm0O130+yuo6zaqqk6vJ7MByvFnJbCZwD7uLkxpBRTm86bo3JOSIY1J08Ih4FCdJMq5XKoNXCNOlLAByxqFgWh+6TYZv8pGzYxPkXjnU4TKVtz/gYWUqfyOKBKUIbIBpm7di2vv6LvdXn789Tz3ep9/tTTgvYEBaGMeB3LITw06pW6fThf5AhBIgT8gaQDXfKkURCUnvn4gtXxEEqSAknlywvP33NpKF+JsPl8g1ciOL06hxAHmsynO/+BHaEJA4yMevHuAOkRgHrD63HmM1sbwLuD9D0R87M4ZNjfWMJ1OkkOTMlhp/BJ1AFj4+3JjUMNGBYBpvcexvbWJTreHbrePVquNVrudyEySQsnrZueDBSdQhvzllGUBTnNqkCXbvMsdmImIFCOqusLCAFEQ/iJOzhjDOECmYAvxiRBQ+qG55GuMSROEJCUqS34Rkb97lSIBiQLq2tzLh3gjDf1qz70Rz9/tMde99oUDiNr/UwCz5fy3jALKkNUJGMWDJsXABRj0nIemurkmOWlpPyUlGho1ZbTJYBMIJ5CymGPNetml5ba0LZf/cPwEXp82aDxh6u/74FFKBaYNzj5+CpiO8ODZ72A83sZkMkzHKI6rbDYqd7HSWMsQnLoBmyIqanDmtZOYz2bUytunMl9Vt1IEFUJI7LkSQQcWnU6Iy06HnSRXVESPUO6n9ESiI0mxOAowNu38cv6oE5O4GMtRn7UWRmd5r8Ux6ORQImIqCyuWEuMvsMADisqG/J32inuxcM8byu93u2+3nXu313srTuZNr33hAL799T//odbmbwOxkQsvC1fm8VwpLC4xAAWeCRB5GjC1phoJJ7nun8gjVBPMqHUgAhHAswV449GaqL6ZfZeZeZkjT0bUzOc4fOECXtyYYjj3cE3AytEODt41AFzE+PU1fOD5x+AmY2xtridZsQUHwqvM++V3vrXgBEuabtPM8drpVxFCYHJPj5R5xC6Kcp73ub1ZqhiCG6SIoAA9Q8jdiCFQB6S0WBMRK/cplEBk8BGVpZ2foroK3kfYyiQdx4yxcLXDcAdozGVa0X2kz5blz2VzSGy/AgyUz5AiFnFoCtDG3o0bG/Zf7XWu57Wv5/63tPaFAwCAbzzxJ78Hrb+gtH62BITKUle+zV+0ikAITPAxEE36EEIijlA7rchX5fOrNKPrmiS4AnPPoQBtCWyaMB9AQvHlGjNAF9Z8PsNgOEIzb/DD17cxayIaF3HHJ2+HQcSHD17AwG1jZ3sTjrXxlsN7cQhy0YpTyGF7OZY8NwmNx0OcPnUc1lj0+gO0Wh1UVStpHMhjZXJQ8D41OO3uaLBwvuU+wguK0mMUYhQ/j/stnPM06KOyVF3QVP+nVEXDO45ijIbhpp6ypClckKxoDJn3R0xOdsii+Sd9CAvfbRndsMkWfAkpBe4Vqr+RsH05Angjuf9u9y+//lta+8YBAMDjjz3yzM9+4ZOf8z78O8H7Pw8hhLzTedbscxAFHKVoOq5SCp5zTClDaUVjo8vwMO0EIHKKtTbPmNMAOHJAlBFYs4WSn9TB5TPIv+l0AjubQc0abG3OcPbEOpwLiFrjnk+28PD9Q0ynI4xGw+RQyiGkicxi8nzCsvqw2NOfW6K3t7eweu51tNtddLp9tNtd1K1WQtDLNmBrbYpgciUkFo4gN1lJKVSckGAPglfQ8xy8b+inc3DeQ3PfhtEGriFnLJ/BWKILS4kuO5dssLbKpWCluI23aAKLIMFUcQJkJjkVAZBovwC42lCoCNPx3YW9je1GhO1XixSu18jjHve9obWvxoMDwOOPPx5Pvvrii68ef/G3P/jAp/6ltvFFpfTYB99vmuYgGUWDEDzm8xnLSwMKFIYqrbPkdCoDsZEhcr6fx4QRwmy4Do6UUwbn4FyDTre/cFGKQ0jdbQwu9vsrOHvXMUznLYyev4xurRFcg8+c+hKayQjbWxvlLrQEwOW8vgQXy3JomRqFELG5cRmXL11Aq91Bt9slpL9uwZis8VfuqmUqJZ9fVJjLKstixSULiQhPQ1IwKcUaY4GE1kfQrADDJKCQ3ocovALkgiMGJu3w9S7zA4EcdQg/wQe/cBxC8kkKQdw7INJwuQckMzkBwFqtL19a/Z+wtzHvdl9cur+8vdd917q/XLF47G7DRt7wuuE5xTu5PvvZX+4qtfMBF8MD49Hol+bz2d9XoDlxMTAd1BP5g2rArI7D3WdK50lDip1AVVlEvpDoIgcA6nCbTsfo9UkgQ7jvZe99uTvdfsfdOPWZh/HMkYeBZy+ivriNL6w8i6PDyxjubGI6nSxUNEoDl1WOIAcWQ9ncoRixvnYRw+0tdHo9tNpdtOoWWu12ypNzHb8c+YVkzPTaALDodGJcnI9YjhjLGIGE0wlgQGUMTQEyFlVV0VzAqCCTnCRymM1n4BfPg1UYXBRFZgIZXXIEzjXp/Ej6R+lIyWHIHYiUNkjEIOQklgfXCgjAqZPHPzSbbU+LSyte5Xb5e9zlvuW/7/Vzt/cIxe+h+BmK36/2vte19l0EsNc6f/7l5ty50xdXz7/20oFDh47EGH8NQHFR00WZZsdrkqYGl6oQc1hpTOEUFA2mDIxCF8wxhBBQt9oFN38RoZddtW61YTRw7u6H4E5u4o7zz+LD5iIm4x1MJuOFigaAhZ1eQv/len85El2cztrlCxgOt9Ht9tDp9dFud2BYrlte1zmHqrI5FObdvKwwCPAmu6q8P30mcVC5LTqvzLikc06AIImsxPQ5ILszn3uSDc/NVEpSDsQFB5U/h+LzK1OGJLzPhq/4u81lx3xs8jox0oYguAEABOX/cDzc3iwO6lrRwG6PK/8Wlx67W/RwLQCxdAo3LAXYVxjAG1nRRRN5J9BcUpILU7j/aRCI4kYao9PVQbuSSRchaQNKZSGmvviyMUeMoQQC5aKdjEfobGzi8N199Mbn8fDKa5jPp5hMRmmXFeMvGXvU++8WwlR5/fm8SQ5Ga4WLq2cxGu7QNOJOD+1WUd/n3THp8Ptcj28al8L60qAFAyiPKwuHLnc+LuojZgfJkuOehnnESMBqntXI+Awftww/CSHA2DzrQYhN8n6ZIMUVGrM07q0AigGkPJ+ckERazAb0MaUpCgrdun2HnOqly+pGYQPL63oj8eUo4S07gh9bBwCjL2mpFwNIdeW4KCumtACBUvPWrGWn4KOnXQ6KQ0RRCeL81Rg4T6pDYiwAirBWKgQsNTYao7V+Bl8YPQ5bVRjubGHOgy7kgqaPqooLPSQjFwMjALJZEEG9cP4s5s0MnW4PnU4PrU4bUISkO+dhTf6qxQnK6wDkDMu24dKIpcRI9GK/kIqUJUpxIvR6ma3YNHN6DX5cjJ61GhX3XiBFBtILwF9ZSlfkPYUKLv/kfHiWIIsRSVGYHF/+fOJMhAtirJSHi/FnCtDa3Ikrd2ns8vuNqhTs9txyLacKe6Ukb2j92DqASpsf+AJA8t7xhUGhodBLU7OPiFjqfNFZBqqg8m4o4bIxGoadymw+uyJEzXm8YqJMAxUjPvCvfgsdY7G9tcGGkWcPLDPw8niuLPgZY0wEH+L6O1w4fwbz+Qyddg/dXp866IyFNgbeUx9+w+VOait2FG6zOi9Aobrk4suAoOy+0unofeY+JPIVf9amkTKk5yoFD/BQeiF3nzczeNZskHCfPgPIWRspCeqU4lRVlXAHiS4oBcg4hTRECUfAFiBkSmmcX2gPjiF/byEEgBwA8NZ2/L3u28vQr9f4b0ga8GPrAF5++fsntdGbCGBGXxaKJERa8ZmOQJQZ9hxOM6VUIoHA7D5SmInsQiK0sTQ1yGVCEJBDeACJijufU2XC6hoxeIzHw7Srlyw++VsJCNKuJENQ88AOrRQuXTyPEBzt/N0uKlujqmsg66AU4KRLgqfeLw4+kV1eyDrOL/Y1SLlRSp0CuGXQMtOF5TzQDi0kK5ecincBlSW6tQ9+oW2X3xBAriyUWIOxEgkYiOKwGLvIukuEI9UB+RudC5/SBcE5JDKgqyHCVEZSAODN7/hvJRpIp774GXCDjR/4MXYAABBjfFp2Ax+8TJtGavBh70+gE7jHXFGerHnstE6vBfkvhACjmK6qVdrtpO5f5v+5YSliNpuiarextbW5BGjRKpuSSiKOSHGVDD2lgNXzryOGiE63j1a7A2ttauRRRmrsOkVBgojTv5iciHTmSfMQQOxJ+ewSlgtfQDgKWZ47pIik5C/kSIKariTdAMgxBtEacDwajJF5H/jv3hXve/VZBmWjl3A0JP3TWsNYmxyNFh6HNViUixcOhUH08TbcuB3/ao+T36/13OVd/4ZGAT/WDsAa8whdIJ4JQeAdkA1P1IVTTzo1kWhQK6k0DSnBAUDYMjTSjlPZmkPpK2vy5W3vPRQ0pqMxGm4kSiAYRxgluUeek8k3DLrx/RfOn0WMEe1OB+12B+12m1SLmGwjs/mkycZLU1AUXgTl2J4Rcwmls9MhmS2JPASgy6IfOWSWEL2c3CxqxvL+gSsBxMJ0vKvrJOApu7E1mnozlHymxTTEF1FQ6v0vujYNk7fo+MTBe6ZxC/9DFa3fSJUGSQu0sXuBgG81Grja65Yr7vKvLPvdsPVj7QBUnP42EEda2wQoifqs1IEjXXm5VAi+mJB16EIMiCqHtEYLUKXhIcq7TdrpxTDEUKQsZSuDeTODc02ROxMzkfJ5n3b6srVYQnPNefvG2kWE4NDt9dDpdGGrikA0hSR9LmAYQPRYbSSqAJfmfMEziFxPZ7wiiMpulu8KIaBJAqC5+SoC6bglLRAnUbI0hR0IgOcysPNzPKgV0nCEBUcq4b3cX5YvMwhIDUIKOc0J8nlULvsCFC0EPpfRi5wY/ZemLKl4FG8NzLvafcuPi0u/L6/djP8WBnC96/jx49vG2Ed8pDoxGT+d98D684IDxEgoteTcShHt1xekEuc9oFVh6IH4AaCz/T9nAAAgAElEQVTBHbIE/MtGAXQ6bTSNW9ATBESIIperMtq9KHIqr7u5cRnOzdHt9tBqdaCN5UoFN+eI4Eni5mvOeaXE6Pl21u1zzgHJsCn8V0rDNQ2p+crIrkSjFdAO3JmXV3JUPlwRIcgxiFCojF4HJP3JqROQHYFEA0IcktdJ2IZznDrkygQ9RyennUaDaZUiEUJVCXsQLgBFSfoIH85egN2NxAZ2M+aS+HNDkf9y/Vg7AACw7eq/MVoFxABI81ChrBuQ9QMylRXsMOg8a6VglILVBhq8owAwPEaLutpcuoDK/BigCkTdamMyHqb3EadSlg4FZ6DoYbHrDwC2NtfQcKmv3enCGAtrLJc3mWTDOb70vccYqc6t0ggsrvezMGpACrWF9ksRSmCnENi5UB1f2m4lLC/BS9n1y58h0OAPWZqJVTEK7Tobv9TujaXzCv6MGVMhgydnQNOaFA8GAVQCDS0/3/siomDlH+kM1HwOpMKTiUQBUDjQarVKktxbBfOu575rhf03PPwH3gMO4JUXnn3RWPMImOMfg1B+8zBQIgXFdDFQE6Eg41QlSCE9I8wAf6OKhneGSKUv6oWni5W484EGamiLGU8VAqcX5e6X0PSizMUvD+89dnY20cym6HaoqcfYihh+RqeQl0ZjRT5OocVmNl0MMbXpyvvKdRW8pEEF4QiMilseyBFFVi1LoJUAYgmmJQKRYCAc3pekKajcpKONhrWLr5F4EQxeysARIOsXCKmJHirnTaWUj/7x5B/ugwAA4YCV51t6BgCobvfA7bjSuHeLBuIu95W7+rWigeXby4a/zPy7hQG80aWj+s+UwlipHFqGUM7RW1SQJTpwbmtNu6NUABhJDjHAag2lMsml3A0B2k21tpjPp0s030y9FSMvef8+gXgR08kIk/EQVd1Cu03yXdoYnntATkcrJFFMAcTEYKRnP9GKIysg6yzZpY2w6hgjcMTBF6dktE4TkmIU+jBhChJml2XMhAVwJaBMFRrBDIqhHZQS5FHlVoaUMuU58xSo6lLxfMJyx5fmHnLcOjEQczMRl3iLbkMRQEm3A5V52+3OblyA8ve3Eg3stnbb/W96BPBj1QtwtbW2dmHz6G13Hgo+fIFQf71gIACS9DSFgkQJVjwUFCh2ey6raUsXpUKECxGR81prqhRJiFGvHDiI6WQCqpurFF1kQyp2u6VKwnw2xXi4iVang16/j8q2mNtPoBdtpLLTxlTGJLFNwEe6oCUakffNNfvcZyATkqS8Rp104BJqSCi6ZmyESDyAC1RulIiixDPE0Yk9KEQSI+HQ3BgDbQSG46oEpwdNajnOwGM5GUm4/SHkKcTisCVVATJYKKPAEUVNio4v8TcK0Nc7/5Xt7fVTfHlcC9XH0n1Xe9zVdnwx7LD076YZvqz3RAQAAM3s8G9oa48DSPPgNF9QQBb/ILEPunhtQREN7BgkNI0+QhNaCJWQ64DG5TIZXcgWvnFJO4DottysIuUxlHp+mffvvcNwZwNVq4123YExFUxloUyul/sCoKP83aWR6BGEV6SdMGYOROqIi0yVjdJum3XziRUnhlyqBgUYzeF/JNm0wCzJzGEIyZEIN0CWlOAyOSdwyTFHCo1zMNqgYgdcVVXq35eVKcOZECTBt1QUYszkJGNNHgYKTvfEAmLWB9Baw9b2KN9zNQNeRvCvVdpbvi8u3S6N/qYCf+V6zziA06cfn9Yt+7dCjI3sUrksRoYMZPScymECIunUQw4lY8M5l+b0QfGOQ4Aal+H4PinxaSXheCbkAERSoiGnOkclMWJrcw3GVmi3O6haLdStmnZyX3D0Wf5bph6BP6bIahH9tknVDMmnAZUkxEXPj943qyMRHiJAH0UCShuqHHAurzkk1xzJOB4TJkYNLv+VvQylkpMYtNEmlSKVyvhMHv/mk8z78jwIARvLlEKITEIIEiBQJMLS5GBpASh0A0COQyoBfFavuxqwfN9ut8vfy7JeAOBxpRO4FQHciPWj57/7rXan88/IAH1u+eX7I4efMdLEnhgKgIjD5hhIY99YkqZWrCxERBOivAKBd9aAutWBC03eDdlRRK4yEEagmSockmTZ1vYajNbodfuoW+008z5wGA5w6M+fh8ZhZaCOxp7F9HoKSDs2kPGARKYBUs1dNBIBLBi6ln4JjoBIODUg9wLQteoY4DRciRBhEaAACUMZBZATtLZKYbt8Rnl81laQoaExDfeoqopTCZ2dF3j+gERwog/JxK/EHpR0K+a0DQCU1kfw5gz6erCBvfL95fD/pq73lAMAgB/94JnfqFvVoxCKLO+YRBkleq9EktrYZGwxMqHGagaxkC5Aej5z0znsJMSbWXGskkvGJbu3cBKyEQtKPhlvQ0MR2l9ZKosplXYrAfEih72ewUoZeiLcgpzrmuIiD8zrV5g3DbPmVBr7RY4AFPEgD89ohDsvDEajEoOPIiSTQUZETmUArakZx7mGd+iQAENyFqxtqHN4L45BRE4ApBBenCQgQ0lNGsZS6jsIxiOTn6REKL0BybGYLAuntEpgr7V2Ny7A8u/Xk+Nj6W+xuK80+HL3L43/pjqB95wDAADXs79ujD2uilQscrgvdecSiINCoqfGAFgrzDUqkcnvUCp1+CGS6m0MHvP5PBlgylUjEVhEZovq0wHTKVGF67pG3W6hVbehlUFV2ZSnS/7O/iuXDcUxBJ6LyJUBkdWK/FjBHOhiR2oNJuIThdOeh6sIeSbhJloaejIZKkZq8NE6D0eRHgDn5vy+BKxqzYboXIpQYpQxZotlPgFJc5kulwLLNIL4AOBpwjQ3UhyV59Jo4HFmYlopBfDiPNlBcmSAEFfwxsP7uMd95e+77f7L+X/5ejdtvScdwPFvf3u7167/BmK8ACz1CPgcghLTjXUEfICxAh5lRVmSraJOQs39BjILT2lN4BZf5IQZZqUbpQ2HnPS7cw6TyRDtTgdVq4O6arNcWYBrKKw3jFfQ65ARucZBnJnsZtLtBkQEdjoKuRsu8MUeuDLgvWOqr0Q/OT2KMVCZkB8nTEFJaxDzAFWAnNDCRCPw54iZJqxSDs/zA0NE08xTCJ9pxMWEY60WDb+y6b7I+yphD9JroBLXIjkgGUHO0ZkqsAR5D+J76APFJbPXjn8998laDutLo/d4G0N/We9JBwAAzz77reP9Q4NfVMCmGIoYrQCDVLKjx2ubJaWAHCIvfuVZZDOwmAiN95Je99wtKDu+AIbeNRjtbKDdaaOqWui0O6BoQZyLUJNzY4sxFe2iVqoVEdT+HNKFrKCYLxAS65Hy+5hye7nchOfgUy6sOEQX3QR+3QInYOEtqkbwaUgNSI7OgQ8ULchEp8ThZ86CrSoay8UNSbLLS+4vP7N+YVYDTt9HAvvoSwkxp0VSBUkpGor8PxG8+BykTlEcWrpkxKDLEL68b/n2cjSglu4rw/6bxvW/1nrPOgAAePapr3//4MrgVwEMKQz33PtPuzg10Uj4Cd5m6MIMLlAziSINe5HaFrQckfJOBOm79wwWspAGpP2UHMNkPERd16gskX20MajrFl0RzEB0vuFSnWNn0tAF7Wln8xzqxiCNTDzYxOXdWHZ9SXFc4zkvVuws6BrXmgxb5LUUX/fiaLTWaaiKRAFCFRZtP21yZQQRqZbfsHz7fD6H8w4uqRLJ8I9Sm7AYI1YwDhOqzyZVMgO1RBAFHpK4E2px4pHi4yjLlPw+yymArOsB+5aNvbxd7vhi/GUKALxNxg+8xx0AADz99JNPHDzU/5vW6h0wZTSEyIwxDd/4FF5KWGyMTowyozS1FRueGVCQU6CoB16+fQHaaOVuwOlkBCigbnfQ7nYARcNIZOf0MRYXt0Qo0u9O6YX3gRWKtLCeKfKQycne594GzW2v3AQD5AoAFIj844rUhcP3NHMQzCBMnYI+XeIEToqAScPn03O1QKYDxUS8Sjm9EmGRK9t9Y4xcdcmNPgBIsTlmGTFqqSYQL/cZSO7PDgUxkYFKqXAg7/5KKSBAHACw+67+RrEBee4y2edqEcDbst7zDgAAnv7mk090+4O/rqA2JMorS00AYQPBk8yOF7prlO43YZSR+IRMqUVg1JvniVHvetbMo8EYUwTvUNct1LaGUYa1BkMiK8nnAeMLip2D8PojQIYbcxsy1wEYBAvpi/Yc5VDrbJ5b4Jyj9IHTA2NMCv8bKfEpMhzRQUyMSjqi4vUJs6COwqwlQMfB+v9syIIJeB7drlSePSBODxCQtBj8GoQ8lGXYY4oyiM2nwJOOGciUikPqQ5DJwUINLkw3IlbdbreLN1be2+2+MnVYzvnLCOBtNXxZtxwAr2e++dW/OHD04E8brV+jlFDmz0mPAGnNleOmpfYMpYgaLEKjSkpvAoJxPZwFMuT5zjWYTyc0obfVpvkCVYVKgCvDeTQUNMBIu9BsLUREhFB9TyVGhEXxU+Tpt5Tz591epEEkzIdCKu0Ro5Be12qzgJAbPuas8ScaCuBzpRbUd7TSyfgA0g2URiHL7224jCqjxCXPj8lxKliTQ3hiai5OT7Isf55AxIRDMNZgSdhFSoblFGhxNuXrdTqDw3JI2HvHv9p9wJW7/26G/7aH/rJuOYBiPfXEYy8eOnDwJ1ut6nmS4ZLWWrpfaVAlIAJQtCuTiKjOJSvpfVeCv+ckUC6s4GVk2Ah1q4W63UFla5iaOPKeL8LghKYGTkGkX4F73xOewDwEfiilLBTLe+bAI3JNH/m1qIyYhTOEWKSVQlRIeEI23tzqHPk5xIMQenFBNQ65LZkiBnp+GszK6YSIjIgGocwDTNJkRZek8zH9DchOmP6WjVf6LYT0AzlnaQDIIgGobMJKEV+MqNrdw1hcV8vxy/vkdmnMy6Cf/HtHjR+45QCuWE8++aXz88ndn+v3+7+vGAwURpovdv/gGTFvhClHk4Y076RSASgbcIRMZIzBbDKEtQT0VVUNW1cUXYhRRWIjCvtPDIZSAQ7FWZ2Imlcc31dqAGbJrNIRSDtzBPfMh5i6/wCkcl7JtqPcWdqgmfyUUHcO2VkmTQRGyFF4nr5ElGHvfHIOshrXFFjG8gwEzvFZKiz1KMjnKwxemHySXkmIL5iEYicnjUAlyUgioJRqUKPXISyG8MCi8V8rGliu9ZfG/46G/rLeE92Ab3RduvRDf/bMyd//0IcenPvgfzb4aJQGKp4OBGTCkDKajV5BKRYGdQ7QRTsqG5AU2WezCZSKqKs22p0u6rpGbl8NvGPlC1zQe6mppzIW2xAJlJCQppMUgxIDAJSXVyLOCaS5fImKy6UzDhryDqpyCiN8f8+7P0UfosgT0uzEINELRyap1VYhVT6iUlCK2pkTHRkk9AFkQVH5fIFBu8Y5WGOTg9KFOpPYHX0VOp2jMrQHZB4C/V2qCDIKPvqY8ICIiOjD17e21l6+ymWyV+mvvC2G74qf73joL+tWBLDH+saTX/knBwcrf7Wq7FkFYF4ISQqKLxcQ7doE8hlDA0gRl2b8RZkk1KCqWmh1OqiqGjKHMHJNH6xJoJRCAIWlpuIQn41FgC3qo2+AAJbCzqG8j9zDAGDeOChF+bFvHFl6UWqTKEE49HJJ6iQ2kjUKiBCUNQbIYFDwC0LiSQhIKJULY01KR4CI4HgsuM+MSUH6E2mKP6fRmmciyHTjrMJUdgZKs1OZz5cdiYHVkKlCkR1ECTDyZ+/zl301IPB68v9y1xfjf0dKfrutWw7gGuurX/2TJw6t3P6xdrv1x2LswXtS2dUKZbgK5HzSVDUTZTLIFEJAM5+irmq0Wm1UtiaAj8uL4Pxaa0XYgs6cA984zuvF8VC0YBjIot2WAEMh2STFo9SME+B8Nlgp5UkpTLPReKk4BNEjDHmgqucSGzsClK8jBKcg0umcIijAxwDXOJqTwJ/VSUWDtQHl3EkUQbyA3PkXIjX+AJnKLO+/OFmJnEvk/D6GnL4If0FKhWUaEAuHzaSwQfnVYu/Qv/wpu7uE+lcD/t5R4wduOYDrWo899vtbf/HkY//WwQMrf89ovZnC+RjYEQCB1X3lv+hDykcDz77zbgZrDVrtDoytYCsLU9uF91JKkRG7kEFAgCWrucRX6BQ470Et/TEJlAKck7PjAUuP+wK4U8X7AblbzgefHIF0FMoSAhOV2Og/UjWOSX9AmqMIKSAU3jMHIYJQf8dYgNY6qQOJjkIEkgZAGQEIa7FMDWTXThWZIuRPYGaRfsko8YQhQCIEbnVWWSuAP8AAVwJ6e+34wGLeL7u+hP/vCN13r3XLAbyB9eeP/fH/cvjgwYe63c6f+kBVglRqMixKoYkLoC3l5anjj0uArXYbrXYLrVYLiEhGbrihKHoiB2nL5UVNOINnIVMB1wAAvLtRCZIeI0w9H0jB2HCZkMptSCImQZ7PlQLpKjSsb6jAaL2007LBLoh7qMgzCETcNGvrB+/RsKowoNKU5WYuAqGL2vzCzRcjT+/Ln01mAlLjTw7rgaJSkHZvYh/KLi/zCiTkp8YnakqSfV2OW4BDdmiD9GF3z/mXb8taBvx2Q/3fFeuWA3iD60tf+n/OP/m1R3/ptiNH/pax5pyUxZIMl8obBM3hox1yNpug1W5RuU9XUEqzAhHpCEirMTS1wYpjCK6gxYaQKLqp7GV0SjWE2ZYaXABIv4G050bw7s9kG3A6AGTNALpKRXZbVH7J8OfzGXMYfI4wFE8zctxqbChFkKGdEVJliAkroPSEQcTgc++Cyp1+y9TdsgJQlu7E8OXvSR6MT0JKlbhUG2PWYSAwUKIilaKr4AOstX3sbezLvy8j/uXu/67J+8t1ywG8yfXon/zh7w46+PCBlf5vBe/mxF+nZNyaCjH6VJSfz6ZotVuwtgVb17CVgbG5vVh2cEHgfRTNQZV/GsYKeAlbLvECnE/hd+CBnMJl0EVtW4w2IuQBHSo39CCSKjJiTMZiWAUIEahsnXkDAlYiq+lIzi2CpRJS02xFFHJlXFp15Pzoc3nMZk1yeHkYa0jKySllKcDBqqoSXiDPo6oGvbe11ItgrGXck/UBhPpbgK6ISCQmjdjl072c/+/mCMq8v0T931Gq77XWrTLgW1gnTpxoXj3+0qN/6eHP/14EPjyfzT4QAUVjsSKcm1NXoAJarTbabRreybATgXwsQSbGGyNgtcy6p9+pOSkTbAR8tDLKTPgCUYQuKQQnfcNcQpR6PPuMFA4H7pmXNEQERqU7UtR7kvovGPUPhLYrlW+nUp904SUJNBEZpXKlvF+EQqvdAmKkqcaWSVW6NHxRL85zCOncZH6GDFQBsgahKC+JFoAPLisBFThA9Isy5RJx+IDVjfULjxRf+bXyflf8a3Dl7v+uMn7glgO4IetHP3ph7eSJl3/3s595+Gs+uIdms/m90+mYSTceVWUJ9a9r2MomhlrwS9cD76Jh6c+xGGSCKMq2tKNrw4xBqV0HAIrSCO/yDpo18MjRGG6e8cw5SNN8GEwUPcRE2ImxIBBRE4+U+KSJiB5G75HwAyWcBKScm+r+pKicG3to9LcAdWJp1ho4HocegnQ4Siu1DDQ1KSIgboBPEYEMJhWSk7Q8i4PTxI1OJCCCSKR64tc31i/+IXYv/cXiZ5nzi/E32F3h5121bqUAN3A98sjvPfHEVx/9ydtuO/zvVa16UylCtFt1m+b3MTvN+6yNp43s6uB53jH1G8QQAR5kIgo3SmsiH1kB5HLOL+w2yqsJ+XYhEM6Q0Hm63mkOoU87tWtIJozkuB11NkrqAIoKFkp1XCKMABALcVB2bjlCAELk92EE3vPxUs+ASY1H4qTE2vKMA+nqK/erTPQRMpAxhkVJDYyhbkTDXZvpWZEA0Vzzj6kbEEDGIqifoYfdUf/S+MvQXwy/3PnfcbbfXuuWA7gJ6yuPPvJ/vvDcU4eO3XPvv3/o4MEXFU+kiWDDBJcPFTX4KEPRgFEKvilKdSaDhKYyKQWInoArUvpBBgklzI5IgqYKuacgMqgXgeQoSI3Xw/LQTZpiLPLgWTAkTSeWvoAojD2eKxhCiiKk+UdSFa2EjuzTSC7P04cl90dEeu2E2LPwCFR+Dr11SANFBSy0llKAuq5SWkAEI56unJqoTOqi1BxpCAMz4RcyIKREdBd/0teZf5aAn/x7Vxu+rFspwE1cJ068/IMzZ079j599+PPPxhDvd97dq5RS1LVHF5vVmstwlPebSiciDUDGbawm2THeWVNEIDp9lvrdJfwGg4jR56hBflLdPtfY05CSYjgJuG6utMqVAGbXUQCc4v30UwwLSqUZAanhpiD10HGwloI0JwGp1Jfeg4/Fcm6fyE/s2Bz3DIjTyWzMbHPEFyBikAwOlWlG/K4AkFqHBQCUcxFCmK+vXfjt4sElJ6AM/RsAc+yTvL9ctxzA27BeeemHL50+dfx//cynP/9ojOFO5/wHtFJaRlgbpsUSIEXPEYGLGGXnVikcjhzeg6sDhCXEtOMrlRthFDfBAPQ61toc9vIdQuJJuzsyM84aclDSzy8ugnXzElXYewYZ+UiEYaiZfhyB9BigEAJhJSXDSL1SSIo+KcKgkAW8iVN1QJu008uSakcpFSbnK3EBGJFgH4MQy8EqBAhq1n5EUKP1tdXf2eUrLct9pfFL3r8vjB+45QDe1vXSSz84e/LEy//Hp3/yC79rVGxH5x4IEZ0kMCLsNgUoFSHXdu5c4/qBVgkYjD6kNCHtXN6nibllowyUSjsoYkxqv+DUQnJ+QdFl5zQsXlqmGgAS085oTe3DJUsP0hnJrx2zM5ChHcYYhEjCq0TztYnkJJoFIudNeINKb+5YXkzafoVDkMVBGIiMefZgCRAKCCjHmdSAkYVCAMzX11b/FRZ3f/lXGv8cV4b+73rjB65e1ri13ob1y7/8y92oO39vZzj6h/PZ/CMC6GkF+ED1eGVoNHng/F548ohIABwil8EE0VeAk9Zi6XiLMhUnJAwgcn4deCxahFQX+DER/LeMedGuzCrBARDNAxVVwi4SkKfK9yO0HtHDcAOUtQbWVDCVhjF1KpcqxiYovKcIwAmdOo1Tz12AIkUumoOS98uIskQn5nInPS+gaUT/MSJEf4XJeh9Gx19+7qf4VzHsgGzsM/5Xhv/7IveXdcsBvEvWr/7qr//MaDr9j8aj0a80zneVNmkHRQgplI+IdIkxoUYm97rgYbVOhk8eg3d4xFR2pHo3NRjJ/cRHQKIAB++gLeXrwjtgbwOAfQ4oJ6dQmndTRGhlmORDr1My8wKXG40mvUWtFaytaOaBMui0SAS11WrlSCJKy245DpwIS1Cg5iKuQADg+YosNsKdg45nHCglY9BD0iiMwUM0mxb6DghbGL3y0rPiAATsK3N+cQDLxn/LAdxab279yq/8ysD71t/dGu787fls+ikopaWNV8A6zaCgSqUw3va5ZCgRRPAF6s5dhojSvsw7M/cpKJ0jAa2QwELOTBL+oJBvp8YbDstFG0CxuIfRBo33VGpiR6AA5ukrVLWFjFar65qqEsbCGIOqrojoxGW+kgEIIO3mOTWJKRJwLncGzudzADJJWOY5sg6iD1BgfcLitclZBmil40s/+u6nkA1bjF92/SkWgb99ZfzALQfwrl6/9mu//uHRdPb3x8PRvz137n4oMIsOUMyk884nKmsiDOksWwYgj8UGRJmDCEWcSkgEIJGB0nmEeQl8LxJxijAf4CGimUgTPDsQAEYZJuCQ46Dw3hK9WRnUrfr/b+/qWuy8qvCz9/sxkyFpmjRRQxvFRovgmJtY80ElWtMQDE4pJVAQb3pZ6J2XXvojBPFC8ELQP+B178TaZlpsMsfkookJlVZxmDkf77v3Wr1Ya+39zkkCKUUyc2Y/EM4JOWfIOcxae6+1nvU8YAhnomlaAKL4a96Neu9IJ7uVFak3oAGdhUREjRlAThBsJz/vGHUSx/TZbWPRQtg54MY//n5avwC79g9Pfrv67/p5/6NQEsAewU9fff3CbNz9YjyeXO37/mRVVxpkYhpCkQa215AAZ5E3N8usaE5ALPRiC+8Ytc732TbMtPTIEkMcjAu1F+G1x8BaHrDyBYIlJSC5EsvtwwNebh3e1/AOaJeWwEyo6xZtW4NZqME2CTA6r0mC13WdiD+ZtiufVURKcxMwqNMRkUqXg9H39l4TMw0AJHE4zoxB9XQcjzbWzyHP+S34p8jBb11/+RL2GEoC2INYW3vj7NZk6+ezSf9KiP0LgaKvvANR7pKbXbnMtp3eGihFvnEGEkcgNQpT2yG76+SOYwp2ZSCpOKiWGar576pKGozI5qLDdWMZufkU8FUj2ojQRGA6/04pzaz/X1v7HdqOZdGSfIW3tWh7rbyGwRw1GZhJqSU1I0A5sOPBFMBtj26+dxaZ3jvFw+t+/VL2HkoC2OO4evXas10Ir0/G2z+bdf05Bh+0s9265My6+QcNUj01ZYYPaYDFmLnzurwjjX2XJgESdABThKu83hBymcA6QbD8kPoKRiqy2twBbbMM2TsQY8+qqVF52ZNomlptxCxZyGfN/H5K9b7tKhipSZyPffIbGBqxJJ0BFiqzJRJSx2KQJjtYY5P+N7p5/Rxy3W+n/55t+s2jJIAFwsWLF+vlg0//ZDoOr81m05e7PpwC2FfOwXrdJtvtnPQGLEiHV/fklAOkbrt3A/IP1P7MDUlHnGb/YleeR4Ymsln5TAryzqNuGkRirf1rKQu8MAKbpkHyINBf06EJCJE187Lld9Dlp+l0lvoBdhMgCjAyoyUPAAh9l244FEmNS7SnQvSvjRvv/wg58Icn/55s+s2jJIAFxpUr144HnlzpuvjyZDw+3wX6lgMqMCurTmtfvaYnqTGXewFmkCo3BpdKA1vsAZB6DEETCRhp3r7jdWxkGzPmsKAHnKsSj79t25QAaiU0WVffdAGsGWg/N/kLDB5tpGcqwllpSBuAFAB2aU2YiXUvI60EX9+48d6rkOC3ugeg9pAAAAPwSURBVH9hgh8oCWBfYW1t7dDWhF4KMfywm/bfn4WwSjF8TR25VGZceQM6IYjJrXewPgtNCjpD92q9l628rL5GSgKpUOBcLiwfWE6NQ+8bABL8IpMuN4G6rhJt2EqAzANwSenIWICZAMQ7yoQ+GZDSjjIoRlKyESfilKkDhRj/fGt0/W082PRbiOAHSgLY97h06dphoq0LHcUfhK5fDYGe70P4RojxGZsWkNGOB4xAEEkfAEgaA8CgbLC/DxZ0rF43Hv7y8gG1/FJeQCPLQE3TKC/A62pvlQJ/aBAaQ0A1mAo45S/kKUHUDUddIOp78JALYKvJDkkPkLVUAgN9N3nr9u2P/ogHO/4LEfxASQAFj8Dly5ePjjv/PSY6FWP/fAjhmwycAPGxWdcfYeajFOMK7HYA5KkAkLgIwi70oBjkNTLe26or/5nzVeW9f060+GpUlQR80zTwzmP5wDK8r9I+wLxPgD3azcN8BQDZS+hDSPx/0f6LKovOcOzQhV5uDn3YQWMGgBjpP/fu3l0djz/dxAKM+x6FkgAKvgzc+fOvHK+qeCyAjhD5tgYQOB4moiU4/5knop7Z+cr/Gz1/+u6773xi711dPXuMK3zkXXWkqmo4AO1Si7qW+r9t2yRCYvN/WTNGOvH7XjwFxIZtyAxEogNzOt2RxpOdqgwFLQ1CDDAdIkky8Zejm+u/wQIHP1ASQMGTgW3X+TNnXnptFuIfvPetXPVlAmBjQCsFADxQBgwlwIC8KBRCnxqBgNwMnG4rOu/RdZ1OFGIaFSaZMCEN/f6fG+tvYeduP7BgwQ+UdeCCJ4z79z++eeK5k+sgvuS9XzFpbgdV84VIeOmxr2PGKO5Eg3gckoOGLEFSQVMHmfdLAtk5IkzS48TbIfS/vjX64FfYSfEFFjD4gZIACnYBPrl/d3T4qa/+bmmp3YbnZ5ndMyJcQmiaWicFQmQy/UNWEhIrqcc0AYCsA4DUtHRaPlSJCyEaC8KWjBRHMcTfbk7/++ad2xt/wYKQfB4HpQQoeNJwg0cPwH33zIWvH1pa+XHTNqe9b07Xdf1CVfkTVgKIQvCwYWeSYbKIZP0A0zgUcxKkfQBmdF3XrQP8znR7+0+3bn34PvJpv2s1/P8fKAmgYDfAzT13c8/diy9ePLqycvA7zVLzbWac8h4n4arjFMNXfOWPxMCHCOQp0lPOAX3XbxLRhDhuMnCvm/Ufg2kUuv6vd+7c+9vm5t0xJMDnA35fBL6hJICC3Yb5ZPCox+Gf+fcBOYiHj4/zfF+hJICC3Y6H/Y4+LEnMP58PZn7Mf9tXKAmgYC/ji/z+7tsgLygoKCgoKCgoKCgoKCgoKPgc+4D7k0bN6N8AAAAASUVORK5CYAA=',3,'Admin@hotmail.com'),(2,'Carlos Murcia','Carl.Mur','xTbKpkFQstrW5NgGPA+RUEVdGbd6dYVYt7KrWnDcOr6/1Y0TO8EX01Joa5njlPg=','5af20c966ecb88253919931e9d51f5667816eeb4d4234f47bb0d8a48060ab6c4',1,'iVBORw0KGgoAAAANSUhEUgAAAgAAAAIACAYAAAD0eNT6AAAABHNCSVQICAgIfAhkiAAAAAlwSFlzAAALEwAACxMBAJqcGAAAIABJREFUeJzs3Xl4XGd9N/zv2WZftIx2yZJt2fK+JF6yx80CgUAJhJYA5aHQ5QG6ELrzUh4e3rZP+7D2LVBaSoFCS0jZCUs2yOKsZHdix3bseJVkabSNZp85y/uHYuNYkj2Szpn7zJzv57q4QizrnJ+d0Zzv3MvvlrITgxaIiIjIM0zTNGTRRRAREVH1MQAQERF5EAMAERGRBzEAEBEReRADABERkQcxABAREXkQAwAREZEHMQAQERF5EAMAERGRBzEAEBEReRADABERkQcxABAREXkQAwAREZEHMQAQERF5EAMAERGRBzEAEBEReRADABERkQcxABAREXkQAwAREZEHMQAQERF5EAMAERGRBzEAEBEReRADABERkQcxABAREXkQAwAREZEHMQAQERF5EAMAERGRBzEAEBEReRADABERkQcxABAREXkQAwAREZEHMQAQERF5EAMAERGRBzEAEBEReRADABERkQcxABAREXkQAwAREZEHMQAQERF5EAMAERGRBzEAEBEReRADABERkQcxABAREXkQAwAREZEHMQAQERF5EAMAERGRBzEAEBEReRADABERkQcxABAREXkQAwAREZEHMQAQERF5EAMAERGRB6miCyAS4bGf/hzJE0PoXrUc3atWINHVDklmHiYi72AAIE8aPT6Ih37wszP/7gv40bF8GTpW9KK9bxk6VixDe283gpGwwCqJiJzDAECeJCvKq/69VCji2Isv4diLL73q16ONDWjt7UJbTxdaujvR0t2ORHcnGluaOWJARDWNAYA8yRfwVfT70pNTSE9O4fCze1/164qmoqm1BU2dbUh0tqGxrRUNrc1obEmgsS2BcDwGSZKcKJ2IyBYMAORJgVBoSd9vlHUkB4eRHBzGgTm+rvpURBsaEGtunPlfUyOijQ0IxaMIx6IIx6OIxKMIxaLwh0PQNG1J9czHNE3k01nkM1nks1kUs3kUcnkUc3nkszkUc3mUyyVYpgXTNGGZJmBaMC0LsiJD8/vg8/ug+nzQ/H74A36EYlFEGmKINMQRicegaHwbIapF/MklTwrHoo5eXy/pmBwdw+ToWEW/X9FUBEJBBMJB+INBaJoGxadB8/mgajP/lCTAemVU4czogmmiVCpDL5VQLpVglMool8vIp7PIpbMo5vNO/RHPCERCaEg0o7mzHc3tLWjqaEeisxVtvT2IJ5ocvz8RLQ4DAHlStLlBdAmvYpR1ZFNpZFNp0aUsWCGTw6lMDqeOnpj1tXA8io4Vvehcvgxd/cvRu34ATW0tAqokonMxAJAnNbYmRJfgCdlUGoeeeQGHnnnhzK81tDSjb8MarNi4Fqu2bkBzR5vACom8S8pODFqiiyCqNr2k4yM3vXtmzpuEaunpxLqdF2Ptzq3oWz8AmbsriBxnmqbBAECe9Ynf+RDGBk+JLoPOEm6IYfOVl2DrNVegd+0q0eUQ1S0GAPK0//y7f8Se3Y+LLoPm0dzRhouvuwo7XncNYk3uWrNBVOsYAMjTHvzuT/Djf/tP0WXQBciKgg2XbcOlb3wNVm5aJ7ocorpgmqbBRYDkWSs2rRVdAlXANAzs2f049ux+HN2rV+Cat92E9ZdtY6MloiXiCAB5lmVZ+Ju3vx+ZqZToUmiBWpd149p3vBlbrr6UQYBoEUzTNLjcljxLkiRsvGK76DJoEUaPn8Rt//A5/NMffWRWm2YiqgxHAMjTju0/hC/c+lHRZdASrdm+BW96/3vQ3NkquhSimsARAPK83jX96Fm9UnQZtET7n3gWn/mff4Z7/+t70Eu66HKIagIDAHnete94i+gSyAblchl3f+Pb+OwH/hLHDxwSXQ6R6zEAkOetu+QirNq6UXQZZJPkySH884c+hjv/43YYuiG6HCLXYgAgAnDN294kugSykWma+MVtP8AX/uR/YWIkKbocIlfiIkDyrOSJITz34GN4/qHHMXzkuOhyyCHBSBhv+7MPYN0lF4kuhcg12AmQPOfU0RPYs/sx7Nn9S4wePym6HKoSSZJw3TtvxvW/dbPoUohcgQGAPKGQyeGJe+7H4z/9BUZPDIouhwTauusyvPVP3wdN00SXQiQUAwDVtaFDR/HwHXfjufsfQalYFF0OuUTf+gG89+N/gUAkJLoUImEYAKju6CUde3Y/ikfvuBvH9nMrGM2tY/ky/O7/+TCijTxlkLyJAYDqRrlcxmM/vgf33f4j9vaniiS62vG+T/4vxJoaRZdCVHUMAFTzjLKOx++8D/d96/tIjU+KLodqTEt3J973yY9yJIA8hwGAapZpGHjyngfw829+H5OjY6LLoRrW1tuDD3z6YwhGwqJLIaoaBgCqSfseewp3fOnrGB8aFV0K1Ym+9QP4vb//f6D5fKJLIaoKBgCqKVPJcfzwn7+GvY8+KboUqkMbr9iB3/rIrZAkSXQpRI5jAKCaYJomHvrBnbjn699GsVAQXQ7VsWvefhNuePfbRJdB5DjTNA1VdBFE53PiwGF895/+DUOHj4kuhTzgF7f9AF39fdh4+U7RpRA5jgGAXMkyTdz7ze/j59/8HkzTFF0Oech/f/pL6OjrRaKrXXQpRI7iFAC5zvTEJL75D5/Dy3teFF0KeVRnfx/+6LN/A0XjZySqT6ZpGjwOmFzlwJPP4bMf+Cs+/EmooUNHcefX/1t0GUSOYrwlVzANAz/76u148Ls/hmVxUIrEe/C7P8GGy3egd02/6FKIHMERABKuWCjgq//7U3jgO3fw4U+uYZkmvv3pf4FR1kWXQuQIBgASanpiCl/8s4/jwBPPii6FaJbRE4N48Hs/Fl0GkSMYAEiY0eMn8YVbP4qhQ0dFl0I0r59/8wdIjU2ILoPIdgwAJMThPfvw+T/5GPv4k+uVikXc+bVviS6DyHYMAFR1h5/di6/89f9FIZMTXQpRRZ7+xcM4dfSE6DKIbMUAQFV1ZO8BfPV/fxLlUkl0KUQVs0wT9/7nd0WXQWQrBgCqmuMHDuErf/1/USoURZdCtGDPP/xLJE8MiS6DyDYMAFQVQ4eO4ssf+XsU83nRpRAtimVZePB7PxVdBpFtGADIcePDI/i3j/wfzvlTzXv6F7uRnc6ILoPIFjwLgBxVzOfxuQ/+L4wePym6FKIl000TJ6ZTaGxtxrIVvVg+sAoDG9dh7eYNCEfDossjqphpmgYDADnGMk187eOfxouPPy26FKIlKxkGBqenUDaMWV+TFQX9a1fhost2YMfVl2PFANsHk7sxAJCjfvLv38QD375DdBlES1bUdQxOT0Gv8Gjqju5OXPHaX8OuG1+DrmXdDldHtHAMAOSYZ37xEG77xBdEl0G0ZAW9jMHUFIxFnlOxbstG3HDzG3DZdbug8nhhcgkGAHLE2NAI/vEDf8ntflTzcqUShtIpmDYcUtXY3IQb33YTXv+bNyEU4XoBEosBgGxnGga+8Ccfw4kDh0WXQrQk6WIBp9LTsPsNMhgO4w233ISb3vmbCMciNl+dqDIMAGS7u7/xbdz7X98TXQbRkqQKeYxk0o7eIxQJ4+Z334I3vONm+P1+R+9FdC4GALLV0X0H8S9/9nGYFS6UInKjiVwOY7nq7fVvaW/Fb9/6Plx+3dVVuycRAwDZplwq4TPv+3OMD42KLoVo0ZLZDCbzYhpWbblkG97/4VvR1tUh5P7kLaZpGuwESLa47/Yf8uFPtcuycCo9LezhDwDPPvYkPnjL7+Int/8Alg2LDokuhCMAtGTjQ6P49Pv+FHpJF10K0YKZloXh9DSyJffsWtl66XZ88ON/iYamRtGlUJ3iCADZ4odf/Cof/lSTDMvC4PSUqx7+APDMo0/gQ2//fbzw1HOiS6E6xgBAS7L3kSew/4lnRZdBtGCGaeJkahL5cll0KXOaHJ/Axz7w5/jpf/9QdClUpxgAaNFMw8BPvvxfossgWrCyYeB4ahJF3d0jV4Zh4Euf+Cd8+VNfgMXdNWQzBgBatKfufRBjQyOiyyBakIKh40Rqcs5Dfdzqx9/6Hj79kb+DrtdOzeR+DAC0KEZZZ8Mfqjm5cgknpyYrPtTHTR6653588i8/zhBAtmEAoEX55V33Y3J0THQZRBVLl4oYTE3Z0tdflMcfeBif+cjfcjqAbMEAQAuml3T84jZ++qfaMZnPYXg6ZXtffxEe+fmD+NInPie6DKoDDAC0YM/c/xBS45OiyyCqyFg2g2S2eq19q+Fn3/kR7rjtu6LLoBrHAEAL9tAP7hRdAtEFWQBOZaYxIbC7n5O+9o//in3PPC+6DKphDAC0IIf37MPwy8dEl0F0XuYrDX6mCwXRpTjGMAx8+iN/h+x0fY1uUPUwANCCPPxDfvond9NNEydSk8iVSqJLcdz4aBJf/swXRJdBNYoBgCo2NTqGfY8+JboMonnVSoMfO93347vZMpgWhQGAKvbUvbthcvsRuVReL+N4agJ6DTX4scuXPvE5mB78c9PSMABQxZ7++W7RJRDNKVMq4mRqCoZZDxv9Fu744SO490c/E10G1RgGAKrI8QOHkBwcFl1GzVE1BeFIAIGgD5qmQpYk0SXVncl8HkPTKVg13ODHDt/60tdR8sC6B7KPKroAqg1P3/ug6BJcKxDyobu3FW0djWjrbERrRyNiDWGEIwH4/Nqs359N5zE+lsZkchrDg+M4fHAIQ0eTNd2hTpTRTAZThfrc5rdQE8lx3PXdO/DGt98suhSqEVJ2YpDvOnRepmnib97+PmRTadGluIKiyFi+uhP9a7qwcqALnb2JJX+yLxZKOLD3BJ546EUc3j/k+U+zF2JaFk6lp5EpFUWX4irNrS341x/9F1RVEV0KuZxpmgZHAOiCju494PmHvyxJWDHQiU3bVmLD1uUIhgO2Xt8f8GHTxSux6eKVmBibxkP3Po/HH9zHRZdz0E0TQ9MpFPSy6FJcZ3w0iUfuuQ9Xve460aVQDWAAoAva99jToksQJhILYueV67DjqnWIxUNVuWdTIoZfv+VyXLprPX7ynUdx4IXjVblvLSgZBganp2rqKN9q+/Ht32cAoIowANAFvfi49wJAZ08zLr92EzZvWwlF0HBqS3sDfvsPX4fnnjiEH972EPI5bw9350olDKVTXCtxAQdf2I+jBw+jb/VK0aWQyzEA0HklB4eRPDkkuoyqae1oxPW/vg3rtyyH5JIV+5u396O3vx3f+vLPcezwKdHlCJEq5DGSzQB8+FfkFz++C+/9kw+ILoNcjtsA6bwOPrlHdAlV0ZiI4m3v+TXc+tHfwIatK1zz8D+toTGC3//TN+Lq125xXW2OsiyMZtMYyaT58F+A3XfdB4vrR+gCOAJA5/Xy8/tEl+AoRVWw67VbcPXrtkJz+cppWZZxw5t3YsXqTvz31+5DNp0XXZKjDMvCcDrliZ7+dpscn8DeZ57Hhos3iy6FXIwjADQvy7Lw8vMvii7DMf1runDrR9+K6964zfUP/7OtXt+DP/7rm9G/pkt0KY4pGwZOTE3w4b8Ev3zgYdElkMsxANC8Ro6drMvtf/6Ahre+exd+59Y3INHWILqcRYnFw3jvH9+I173lEihKff0YZ0slHJuaRIkr/Zfkid2Pii6BXI5TADSvl5/fL7oE2y1b0Ya3vfcaNCVioktZMkmWcNVrNqN/bTe+8x/3YfjkuOiSlmwil8NYrvLz7YNBP1paYmhuiqOxMYJ4PIRINIRw2I9gwAefX4NPUyHJMiRJgmWY0A0DxWIZhUIJ2WwB09M5TE5lMD6WwshICqNjU7Dq4EyB4RNDODU4hPauTtGlkEsxANC8Thx4SXQJtpElCde84WL82usvqrt+/J09zfiDD78F9/30adx/5zMwjNpb/GVZFobP09mvpSWO5X3tWLasFd3dCXR2NqG9rQnhiL0NmQCgVNZx8uQYjrx8CgdfOol9+45jaKg2w9XzTzzLAEDzYitgmtdn3vcXOHX0hOgyliwYDuAdv3sd+tfW75z5aacGJ/Gjb+3GkZdq5+CmkqFjaHoaJUMHAGiaioHVXVi7dhkG1nSjv78L0UhQaI3JZApPPnkQDz28F/v3187PxK4br8etH/8r0WWQC5mmaTAA0JzKpRI+etN7ar4VbXtXI971/hvqYsh/IZ55/CX89LuPIjPt3p0CFoDJfBbj2Sw6Opuxc8cANm5agbUDPfD53Ts4OTQ0jrvuehL3/PwZFAvubkfc0dOJL37/G6LLIBdiAKB5HT9wCJ//4EdFl7Ek67f04Tffc82cJ/J5QalYxu5792D3Pc+57kFV1HXkUMalV63HVVduwvLlbaJLWrB0Jo/vfGc37rzzSei6excsfuPn30c07q0ATBfGAEDzeuSOu/GDL3xVdBmLdumuDXjj2y7zVtOceWQzBdx/5zN4fPc+lIu60Fosy0KgKYjXv/kSXLxtFRS59ncwnDiRxOc+/yMcPuzOjpkf/+dPYvOOi0SXQS7DAEDzuv1T/4yn7t0tuoxFufYN23DdGy4WXYbr5LMFPL77RTx6315Mp7JVvbc/oGHHlWuxaXs/upe1VPXe1aDrBr761btx511Pii5llvd86P140zvfKroMchkeB0zzGjx0VHQJCyZJEt54y+W49Or1oktxpWA4gF03bMWV12/GC0+/jGd/eQgv7Tvh6K6BcCSAy67ZiMt2bUAg5HPsPqKpqoLf+73XobEpgttuu190Oa9y4uWjoksgl2IAoFlMw6i5A4AkScLN77oaF182ILoU11MUGZu392Pz9n7kswU8//RRvPDMYRw7PIJScelrBSKxINZs7MW6zX3oX9ddU10Wl+qtN1+JXK6EH/7wEdGlnDF07KToEsilGABolvGhERguXtQ0l1+/5Qo+/BchGA5gx5VrsOPKNTBNE0PHx3H00DCOvzyC8eQ0pibSyGXnP4bY59eQaIujpbUBLR0NWLWuBz19LZ5ee/Gud16DIy8PYc/zR0WXAgAYOs4AQHNjAKBZkoO1s4ccAF5/86W45Op1osuoebIso7uvBd19r56jLxXLmJrIQNdNSDIgQYYkWQiG/YjFw4KqdS9JlvAHf/gmfPCDX0ShIP4sg6mJSRSLRfj9ftGlkMvU/hJcst3EqVHRJVTs2jdsw5XXbxJdRl3z+TW0djSis6cZHV3NaO9qRFtnEx/+55FojuHtt+wSXcYZ4zX0M03VwwBAs0wlJ0SXUJEtO1dztT+51g03bEOrSw6bGh8dE10CuRADAM0yPTEpuoQL6uxpxlt+60rRZRDNS1UV/MbN7niNTo7V5lkG5CwGAJolOzUtuoTzCob8+K3/+VpoGpewkLtdddVGNDdFRZeBqcmU6BLIhRgAaJZCNie6hPN623uvQWNC/Jsq0YWoqoLrXyN+mmp6igGAZmMAoFkKefceILN15yoMbFgmugyiil17zRbhLY+z02mh9yd3YgCgWYySuw6OOS0U9uPG37hMdBlEC9LUFMWmTSuE1pDNVLf1M9UGBgCaxTDc2QTo9TdfinAkILoMogW76iqx7anzOXdP65EYDAA0m+W+86GWr+pgpz+qWdu3D0AV2BK5kC8Iuze5FwMA1YQb3rxTdAlEixYM+rFx43Jh9y8VGABoNgYAcr3VG3qwbEWb6DKIlmTbtlXC7l0qiW9JTO7DAECu95o3bhddAtGSbd26Uti99bI71/WQWAwA5GprN/Wiq7flwr+RyOXaWhvR3tYk5N6mrgu5L7kbAwC52q4btoougcg26wX1sDBNU8h9yd0YAMi1OpclOPdPdWXD+l4h9zVduLOHxGMAoFkkwV3LTrv0arF7p4nsNrCmR3QJRGe4452eXEVRxR+yEwz5sXlHv+gyiGzV1tqIeDxc9fvKslT1e5L7MQDQLLIirmHJaRddspqn/VFd6u/vrPo9Vc1X9XuS+zEA0CxaQPybxUWXrhZdApEj+ld2VP2egSBbaNNsDAA0SzAUEnr/RFsDOnsSQmsgcsqKFdUPAMFwsOr3JPdjAKBZ/CGxbxabt4lrmELktN7e6u9siUSiVb8nuR8DAM0SjFZ/kdLZNm/n4j+qXy0tcQSD/qreMxJnAKDZGABolnAsJuzeHV3NaGlvEHZ/ompYtqy1qveLNfJnimZjAKBZoo3iAsDARjGd0oiqqbu7uar3izfGq3o/qg0MADRLpEHcp4UBQa1Siaqpq7O6i1wbE9UNHFQbGABolnhzo5D7BkI+LFvJ1r9U/7q7qxwAmsUcQkTuxgBAs8RbxLxZrFrbDVlixzKqf21t1R1la2rltlqajQGAZokLGi5cvZ7D/+QNbW2NkKrUnleSJCRaeaQ2zcYAQLP4An6EYpGq33d5f3vV70kkgqapaGqozs9YvLEBmk+ryr2otjAA0Jya2qu7TSkSC6K5lSuVyTtaW6uz1qa1k+tqaG4MADSnprbqDhku769+e1QikVrbqhN42zr5s0VzYwCgOTVWeQSgjwGAPCaRqFIA6K7+6YNUGxgAaE6JzurOx/dy+x95TCJRnYZbHd0M1zQ3BgCaU0tX9d40FEVGexf3KZO3NDdVJwC0d3dV5T5UexgAaE7NVVw41NbZCEVVqnY/IjdoaqrOAT2dy7qrch+qPQwANKdYcyN8geqcWNa5jHuUyXsaG50PAMFgEI0Jjq7R3BgAaE6SJCFRpbnDzh52KSPvicWCjjcD6uzrcfT6VNsYAGherT3VmTvsrPLJaERuIMsyYtGQo/fo6mN3TZofAwDNq61KAaC1U8zhQ0SixePOBoAejgDQeTAA0LxalzkfAKKxEIKh6qw1IHKbWCzs6PW7lnMEgObHAEDzau9zfvVwawc//ZN3xR0OAL0r+hy9PtU2BgCaV3NnO1Sf6ug9WtureywqkZtEIgHHrq1qKtqrNI1HtYkBgOYlyzJaHG4ikqjyuehEbhKJBh27dueyHigK+2vQ/BgA6LzaHZ5DbGqpTjMUIjeKhJ0LAH39yx27NtUHBgA6L6f3ETc2MwCQd4UcXADbywBAF8AAQOfl+AhAlQ5EIXKjsINrAHpXrXTs2lQfGADovDpW9Dp27Ug0CM3hRYZEbhYOOjcCsHz1CseuTfWBAYDOK9bUgEiDM+eWxxqc3QJF5HZO9cCIxKNobuUZG3R+DAB0QR0OTQPEGxkAyNuCQZ8j1+3j8D9VgAGALqhzZZ8j143FGQDI2wIOTQGsWM0AQBfGCVi6oM7+PkeuG21wtg861TbLslAuFlEuFFEul6GXyzBNA6ZhwjItyLIESDIUVYGqaVA1Db6AH5rfD0ly9pQ9uwT9zowALB9Y5ch1qb4wANAFdTs0AhB1+CCUpTINA8V8fuYBVChCL5dQLukw9TJMw4RpGrBMwLJMQAIkSJBlCZKsQFYVqJoKRdWg+n3w+f3wBQPwBQKQZA68nc2ChXw6h2wqhVwmjXwmi3wmi3KxAMta+PUkCfAFggiEwwhHIwjFY4g0xOEPOLfifrF8fmfegleu6XfkulRfGADoghJd7fAF/CgVirZeNxxxrgnKwlkoFYrITaeRT2dQyGRRLi78z2sAAMrz/wYJ8AUCCEbCCEYjCMViUH3OfAp0s0Iuj6lkEqmxcaQnp2Doum3XtiygmM+jmM8jNTZ25tf9wSDizc1oaE0gnmiCLIvvkqdpKmRZhmmatl3T7/ejm8cAUwUYAOiCJFlG58o+HN17wNbrOrkHujIWCtk80uMTyExOLeqBv4hbopQvoJQvIJUcBwD4gkFEGuKINjfCHwoCqI3h64Uq5vMYGxrG+PAp5DNZIfcfPXkSoydPQlYVNLW2oqWrE9GmJoicMfD5VBQKJduu17tqOWS2AKYKMABQRbpXLa+bAGAaBlLJcaSSYyjl80JqOFspn8dEPo+J4VPwBYOItzQjnkhAVmv/TdyChcmRJEaPn0BqfEJ0OWeYuoGxoWGMDQ0jEAmho7cXia5OyAKmZ/x+zdYAsHLtatuuRfWNAYAq0r3K/qYiTu2Bno+hlzE5PIrJ0SQsw6jqvStVyueRPH4SYyeHEG9JoKmjrSanCCzLQnJwCEOHj6DogpB1PoVMDkf2vojBwy+ja+UKtHR3VXURoWZz0OtnAKAKMQBQRbpX2d9XPODQHuhzmZaFqeERjA+fcu2D/1yWaWJqZBSp0STirS1o7uqAotbCj6uFiZFRHN//kusf/OcqFYo4svdFnDp2HH3r1iLW1FiV+6qavQFg5RoGAKpMLbyjkAu0dHfCHwigWCjYcj1VU2x/45tLbjqDkaNHUbZ5AWO1WJaFqZFRTI+NI9HdiYbWVtcuEShkszi6dz9SE+4Z6l+MfCaLF3/5JNp6urFsYLXjUzGqjcHO7/ejx6FdO1R/uB+JKiLJsq39AAIBZz/9W5aF5ImTOLn/QM0+/M9mGgZGj53AiRcPVGex4gJYFnDq6HE8//BjNf/wP9vIiZN4/rHHkMtkHL2Pptn3Nrx8oB8KFwBShRgAqGI9Nh4u4uQhQHq5jBMvHsTk8Ihj9xAln8ng6AsvIu2SBXV6uYwDTz2DY/sP2LqVzS0KmRz2Pvo4JkZHHbuHndsRV61fY9u1qP5xCoAq1j1gX3tRpwJAKV/A4IGXUC7Zt6r6XJIkQVYVyIoCWZbPLBizTAumacI0DBi6AWARXWwqYBkGhg8fQT6TRUtvNyRBcwL5TAYHnnrWgbl+Cf5QEIFQCIFQAJrfD9Xng6qqkBUFkiTBsmb+ro2yDr1cQqlYQqlQQDGXRSGbtzWMmIaJl57eg951A2hf1mPbdU9TFfs+h61aP2Dbtaj+MQBQxXps7C/uRAAo5nI4uf8l25rKyKqCYDiMQDgMLRiAPxCA6vdBUdQLzsNbsGCUdOilIkqFIor5AorZLArZLEzDnofT1Mgo9FIJ7SuXV3372vTEJA4+/awtf9eyIiPW1IRYUxOiDXGEYtEl7WO3LAv5zExnwfTUJFJj4zY0sbJwbN9+wDTR3mfvEdl2/rdbtX6tbdei+scAQBVr7mhDKBZBbnrpc6J2LwAs5vN6rqvaAAAgAElEQVS2PPz9oRAiTQ0Ix+MIhEKLXnAnQYLq06D6NAQikTO/blkWirkcslMpZKdSKGRzS6o3MzmFoYOH0LW6v2othlNjYzj49HNL+pQtyzIa21vR3N5ue1c+SZIQioYRiobR0t0JwEJ2OoPJkREkh4ZRyi9+Ieux/Qchqypau7vsq9em/2zReAwdPZ32XIw8gQGAFqRnoB8Hnnh2ydexc9hTL5cxdODQoh/+siIjlkigoTUBX9DZ9sSSJCHwyqhCc1cnSvkCpsfGkUqOw9DP00L4PHLTaQy+dHgmBDi8f33mk//iH/6+QAAdfb1IdHVA1TSbq5uPhHAsinAsiq5VK5FKjuPU0WOLbkx09IUX4Q8EEE8021KdXSMAqzdw/p8WhgGAFqRn9QpbAoBdn1Yty8LQS4cXNecvyTKaOtrR2N4qrHWqLxhAoqcLTV0dmB4bx8TwKejFhf9ZcqlpjBw5hvYVvXBqn2A+k8HBp59d1MNf8/nRvar6TXbOJUFCQ0sCDS0JpKemcHz/QWSmUgu6hgULh557Hhsu2wm/DYHRrjUcAxvX23Id8g4GAFqQXpu6jNn1EBg7OYTCIvrKR5sa0LJsGVRftT6Fnp8sy2hobUE80Yyp0STGB4dhLrBp0fTYOPzBIBo72myvTy+XceDp5xY8yiJJQFtvL3r6V7qutXG0oQHrdu7A2OAgju0/uKA/m14u49Bzz2Pdzu1Lfi1Lkj2LRddsYgCgheE2QFqQgW2b8f5PfQwD27eILgWFTGbBW/0kWUbHyj509K90zcP/bJIso7G9DX0b1yPSGF/w94+dGETB9n3rFo48vw/F3MLWK/iDQazbuR29a5xvprNYkgS0dHdh4+WXIByPLeh7M1MpnDp6fMk1mEt4/ms+Da//zTfh89/+Cjbt2LrkWshbOAJAC7Z8wxr8zoY1OLrvIG77h89hcnTswt90DmsxB72f8/0jR45jIVvtNJ8PnQP9tgzbOk31aehctRJTo2NIHj8Jq8JhdwsWhl8+it4N62ybW06eHF7wPvh4ohn9mzdWcZ5/aU6HlZf3vIDxU5WHypOHDqG5Y+a47MVa7HqKTTu24g8+8qdo6+pY9L3J2zgCQIvWt241bv3nf8CGy7cv+HsXOrx9rumx8QXtP9f8fnSvG6iJh/+vSGhobUHPmtULepCWC0VMDp+ypYJysYRjBxZ2CmRLdycGLt5aMw//02RZxsotG5HoqnwlvWmYOPHSoSXd1zAWFoYlScItv/9ufPwLn+TDn5aEAYCWJBgJ411//SHsfN01C/o+c4Fveucq5QsVLyRUNBXda1ZDq8FT9QAgEAmjZ90aaP7K6g83xBG16SCbk4cOwShXPjfe2tOF5evXC13otxQSJKzYsK6iFf7+UBDd/SvQvXJpB2UZCwjDsqLgDz/6Z7jl9/9Hzf4dk3twCoCWTJIkvOWPfxd6uYyn7t1d0fcs9FPPuVqWdaO5qwPpiUlMj40jn55v3ltCx8qVFT883Urz+9C9dgAnXjww7y4BfyiIxLJuhGMLm8ueTyGbRfLkYMW/v7G1BX3r17r1rKKKSZKE/s0b8fzDj85qIKSoKprb25Do7kS0IQ47dlzoeuUB4P0fvhXX/voNS74nEcAAQDaRJAm/+SfvQ3pyGgefeu6Cv98wl34sr6woiLckEG9JoFwsYnpsAtNj4686LKehrQWhWOQ8V6kdms+H7oFVOLHvwKtWrKuahubuTsRamm1tCzx05CgqXaoRDIfRv2mjsLbEdlM1DX3r1uLg089CkoBYIoGWrk40tiZsbVoEALpe2RqAt7z7Flx/0+ttvTd5GwMA2UaSZbz9zz+Az37grzA9MXne32tU+KZXKc3vR3NXB5q72pFPZzE9Po7sVGpB87m1wBcIoKN/BU4eOAgZEho72tHY0Q7ZxsZKAFAulTA+VNk6AgkSVm7e4NqV/ovV2JrA8g3r0NiagOZb/CK/C9Er2H64YdsWvOsPfsexGsibGADIVuGGGN7x4T/Cv/7l35535fpChj0XRkIwGkEwGoEFq24+kZ4tFIuiY+UKBCJhx9Y1jA8NV7w6vX35MtumHdxFsrXl73z08vl/FsLRMD70//5V1Vo9k3fwFUW2W7FxLS698drz/h7nAsCv1OPD/7RoU6OjixrHKtwKp6gqOlcsbRGc1+kXWAT42x98H5pbW6pUDXkJAwA54oZ334JIw/yNbEybpwDIPuViCdkK2+O29XTX3HY/tymfZ5fFmo3rcN2bXlfFashLOAVAjghEQnj9e9+O//7Mv8z59WqMADjFNC08uecwHnr6IF56eRiT01nIMtDSGMe6VV3Ydck6DKyo3bUH05OVH5LT0tPtYCUzLMvC/sNDuP/xfXjx0CDGJqdhmkBTPIzVyztwxfY1uGj9cshybY746OX5w/B7//QPuN2PHMMAQI65+Lorcd+3f4TkiaFZX7vQsKdbPfjLF/G5/7gLx4dmdz88fGwUjz37Er7y7fuxZV0vPvTeG7FmZe0FgWxquqLfF4xEEAg521hp70sn8Nl//xmePzC75e6RE8BTLxzBbXc8gr7uVnzwt2/AZRfbc1ZFNZXnCcM7d13OE/7IUZwCIMdIsozr3/GWOb9mnOdTjxvphol/+OKP8Od//19zPvzP9ey+Y3jvX/wLvvXjR6pQnb3yFR6uFGtscKwGy7Lwje/vxu/+1ZfmfPif6+jJUXzob7+OT/3bj2EYtfPaMk1z3sWWt/zeu6tcDXkNAwA5avPVl6KlZ/anYNM0YS7xPIBqMU0LH//H7+D7d/9yQd9nmCY+++8/xde++6BDlTnj7D4K5xOIhB2r4cu334fPf/0umAs8KefbP30Mf/P57y35rIlqmW/4/6JLd2D5wMoqV0NewwBAjpJkGVfeNPciJuMC25/c4hs/2I27H9qz6O//4n/ejceeOWhjRc7SK2z9q6rOzCA++MsX8eXbf7Ho7//Z/c/i9p88amNFzplvAeCb3vUbVa6EvIgBgBx30bVXIhCePVdcCwsBh0cn8W+3/XzJ1/n7L/4IpQX01BfJsiocQndgcVqxWMYn/vWOJV/ni9+4B6Pjla1lEKk0RxOg7uW92LzjIgHVkNcwAJDjfAE/tl1/9axfr4UA8M07Hpl3kdZCnEpO4e7dix9F8Iqf3P8MkhNLf3AXSuWaGAXQS7MDwGvefKOASsiLGACoKuY6LfBCHdBEM00L9zxo30P7rgcvfEaC1935gH1/R3fvfs71awHK5/wMqKqCXa+/TlA15DUMAFQVbb096FzZ+6pfc3sAOD48hsnpylbEV+K5fcdgVNhe14vKuoG9B0/Ydr3RsWkMj07Zdj0nnDstdNHlOxE7TwMtIjsxAFDVXHTtVa/693M//bjN0KnzH2i0UMWyjvGJ+Y4tptHxFHSbt/CdPFV5UyMRzl1weeVrZ4+UETmFAYCqZsuuS1/V1cztawAKpbID1yzZfs16USzav0iyWLT/v6Gdyme1xPb7/dh25SUCqyGvYQCgqok1NaJn9a/2Nle63UyUSChg+zWjc+yGoBlO/H1HIvZf006lswLKlku2IRjk64OqhwGAqmr9ZdvO/H/D5SMAfV32nsAWi4bQEAvZes16kmiKIhS094RDu/8b2u3sNQA7rr5MYCXkRQwAVFVnBwDd5ScCtiZiWNaZsO16Ozat5MEu5yHLEi7euMK2663qbUdj3LluhXYolWdGACRJwsVX7BRcDXkNAwBVVWtPFxpamgGc/xhUt3jDtfY1ZHnjtVttu1a9+vVrL7btWjfa+N/OKacXwi4f6EdDU6PgashrGACo6lZt3QjA/dsAAeCtr9tpy6fITWuWYeeWVTZUVN+u2LbGlhMUW5tjePP12y78GwUrl2Z+Btj5j0TgccBUdasv3oQn7r6/JkYAwkE/7vzah0WX4RmyLOE/PvUB0WVUTVmfmQLYtJ2jQ1R9HAGgqlu+cS2A2jsSmMhupZIBRVGwZssG0aWQBzEAUNXFmhrQ3Nnq+j4ARE4r6waWD6zk9j8SggGAhOhbvwZlw9192omcVi6bWLOJn/5JDAYAEmLZwCroZQYA8rZS2cTqDWtEl0EexQBAQvSu6YfBEQDyuLJuYOW6AdFlkEcxAJAQbX09sPjyI4/TNB86e7pEl0EexXdgEkJRFTS1N4sug0ioju52dockYRgASJhEZ6voEoiE6uhZetMjosViACBhmtsZAMjb2jo7RJdAHsYAQMLE2xgAyNsYgkkkBgASRguw+Ql5my/o7tMKqb4xAJA4kia6AiKhJJk/AyQOAwAJIyk+0SUQiaUwAJA4DAAkDt/8yOtkhmAShwGAxJFkSJIiugoiMSQVYA8AEogBgMTiNAB5lMQRMBKMAYDEUlTRFRCJIfO1T2IxAJBYHAEgr+IIAAnGAEBi8U2QvIrhlwRjACCxuAqavIo9AEgwBgASiguhyKskleGXxGIAILH4KYi8iq99EowBgMTiCAB5FdcAkGAMACQW1wCQV3EEgARjACCxOAJAXsU+ACQYAwCJxQBAHiWpfO2TWAwAJJQkKTwPgLxHkmfOAiASiAGAxOMoAHkNX/PkAgwAJB7fDMljJO4AIBdgACDxuBOAvIY7AMgFGABIPI4AkNdwBIBcgAGAxOOnIfIYiVsAyQUYAEg4ngdAnsMRAHIBxlASj2sAaoYkAbKiQlEVKCrfPhaNoZdcgD/BJB5PRXOVvnVrIUkSFFWFrChQVQWyqkJRVMiKBEASXWLt47QXuQADAInHT0Ou0tjaIrqE+scpAHIBrgEg8bggiryG017kAgwAJB4/DZHHSApDL4nHAEDCSZIy0xudyAskiaNe5Ap81yVXYGtU8gwO/5NLMACQO3AhIHkFX+vkEgwA5A78VEQeIfG1Ti7BAEDuwEVR5BUcASCXYAAgd+CnIvIIiY2vyCUYAMgVeB4AeQZ3AJBLMACQOzAAkFfwtU4uwQBA7sApAPIKvtbJJRgAyB3YB4C8gq91cgkGAHIHzouSV/AkQHIJBgByB66MJo/ggldyCwYAcgWeB0CewHMAyEX4jkvuwU9GVO84/E8uwgBArsEDgajuMeSSizAAkHvw0xHVO4ZcchEGAHIPfjqiOicx5JKLMACQe7BBCtU5TnORmzAAkGvwkBSqexzlIhdhACD3UPyiKyByFl/j5CIMAOQeHB6lesdRLnIRBgByDzUgugIiR0kKX+PkHgwA5BqS4gcgiS6DyDGWyikAcg8GAHIPSYLEN0iqV4o20/KayCUYAMhVLC0ougQiR0gKX9vkLgwA5CqSyjdJqlMa5//JXRgAyF0YAKhecXSLXIbnUpKrSP4wLNFFOMWyMDWextRECv6gH5FoGKFoEIrCHO4FkhYSXQLRqzAAkKtIWkR0CY4wTBNPPbAHwydGX/XrkgQEw0GEYyFEomFEYiGEozP/HoqEIMvcFVEvJC0sugSiV2EAIHdRfDPtUo2y6EpsdezAiVkPfwCwLCCXySOXySOJ8Vd9TZIkhCKvhINYCJFo6JX/H0YwHIAkMRzUDgmWFuQmV3IVBgByHy0CGJOiq7BVJp1f8PdYloVsOodsOofRwVd/TZZlhCLBmRGDWPiVEYSZoBAIBcBs4DJakFsAyXUYAMh1JH8MVqG+AkDnslYc2X/ctuuZponMdBaZ6SyA5Ku+psgywvEQwpHQKwEhdGaKIRD0gemg+iRffU5tUW1jACDXkfzRulsImGhrRENTDFMT047fyzBNTE9mMD2ZmfU1RVVmphNiIYSjYYSjvwoJfr/GcOAQyR8VXQLRLAwA5DpSICa6BPtJElZtXI4nHnhOaBmGbiA1kUZqIj3ra6qmInJ6OiEWQiT6q8WJmp/H2C6F5GMAIPdhACD3kX2QtCCs8sLnzd2sY1lb1UYBFkMv65gaT2FqPDXra5pfO7PG4PSag+grixJVjW8j5yVJsPxRLgAk1+FPLrmTvwGoswAgScD6bavx8N1Pii5lwcrFMiaLKUyOzQ4H/oDvzEjB6dGDcCyMSDQIReXCN8kX4QJAciUGAHKnYCOQGRZdhe0S7U3o6mvH4NFTokuxTbFQQrFQwsTo1KyvBUIzDY/C8SAikfCZBYnhWAiK7JEGSP4G0RUQzYkBgFxJDjTCEF2EQzZuX4Pk8DhKxfrqdTCXQq6IQq6IsZFzviBJCIb8v+pvEA/P/DMaRiQWrKvFiFKwUXQJRHOSshOD9bbgmuqEOfQ0rJI758uXaujYiPAFgW7Vs7ITF122vj5CgCRBXnYFpwDIdUzTNDwyBke1SAo1iy7BMZ29bVg+sEx0Ga504vAQjrw0eOHfWAv8DXz4k2sxAJBrSeGE6BIctWH7ajS3cnh4LplUVnQJtpCCTaJLIJoXAwC5lxYG6vgENVmWsePXNiMcq98/42JIkoxlKzpEl2ELKdwiugSieTEAkKvJ4TbRJTjK5/fh8uu3IRgOiC7FFSRJwrarNiLeXPvNoCRfDJLK/67kXgwA5G6RVtEVOC4YDuCK125HKBIUXYpQiiJj+67N6Oytk9Dngdcu1TYGAHI1SQ0CwfrfRx2KBHHlDTsQb/TmoTGaX8Ol129DR0+dPDQlCXK4Tv4sVLcYAMj15GiX6BKqIhDy44obdqK9x1vzxvHGCHbdeAmaW+sn6EnBJkDxiS6D6LwYAMj1pGDCM2+mqqZgx66tWLt1FaR62Ad/AX2re3Dl63fW3fSHFOkUXQLRBbERENUEK3Uc5uTLosuoqsmxKTz90F5kputjS9zZAiE/tlyyDm3d9TfaIWlByJ076qOREdUt0zQNBgCqDaYO48RjgKWLrqSqDNPEwedexqG9R2GapuhylkySJCxf04O1W/rr9hRBqWkV5Jg3pq2odjEAUE0xJ4/ASh0TXYYQ2XQO+55+CUPHzm2qXzvauluw7qJViDXU8UJHRYPcfQm7/5HrMQBQbTHKMAYfB0xvjQKcbWo8hQN7XsapE0nRpVSstTOBgU0r0FRHi/zmIzeugBRni2dyPwYAqjlW6hjMySOiyxAuncrgyP4TOP7yMIyy+wKRosjo7GvHynV93tnaKPsg9+zkp3+qCQwAVHMsy4A1+AQsvSC6FFcwyjoGj43i5JEhjJ2agCX4p7khEceyFR3oXt4Bza+JLabK5ObVkKJc/U+1gQGAapKVS8Ic3Su6DNcpFkoYOTmGkcEkkqcmUC6WHb+nLEtoam1Ae3cLOnraEIrW13a+ivnCUDq2ceU/1QwGAKpZ5sgeWPkJ0WW4lmVZSE2mMTk6hfHkFNKTGWSmc0veSeDza2hoiqEhEUdzWwOaWxqg1Olq/oWQ27dCCsRFl0FUMQYAqlmWXpiZCrAM0aXUDMuykM8UkE3nkM3mUcgWUCgUUS6UUdYNWKYJCRJkVYGmKtD8PvgDGoKRAMKREMLxEAJ+Hz/lnkOKdEJOrBZdBtGCMABQTbPSQzDHD4oug7xM9UPp3AHIXPhHtcU0TYOtgKlmSdFOSKGE6DLIw5TEWj78qWYxAFBNk5sHANUvugzyICneCwTqv7cB1S8GAKptiga5dQPnpam6gg2QG/pEV0G0JAwAVPMkXxRy04DoMsgjJDUAJbGeoZNqHgMA1QUp2o5MJi+6DKpzlmVBbtsIKN5qckT1iQGA6sZ0JotcliGAnGFZwOREGtDCokshsgU7eFD9sIDxiRRkWUYgyIWBZB8LwPjYJMp67R/JTHQaRwCorliWhbGxSRQKJdGlUL2wgPHxKeTyPH+C6gsDANUd07KQTE6gUCiKLoVqnAVr5uHPqSWqQwwAVJcsy0JydBL5PEMALY4FC2PJKWRzfPhTfWIAoLo18wY+iUwmJ7oUqjGmaWJ0ZAJ5DvtTHeMiQKprFixMTKSg6wYaGqKiy6EaoOsGkqMTKOu66FKIHMUAQJ4wPZ1Buawj0dwASWYDF5pboVDC2Njkko9NJqoFnAIgz8jnCzg1Mgadn+xoDul0DsnkOB/+5BkMAOQp5bKOU6fGUeDiQHqFZc1ME01OpmDxcHTyEAYA8hzTNJFMTiCVyoguhQQzdAMjI+NcKEqexDUA5EkWgFQqjWKphERTA2SFWdhrCvkixsanOORPnsV3PfK0Qr6I4VNjKJXYOdAzrJnwNzo2wYc/eRoDAHmeYRgYGZlAOp0VXQo5zDBMjCbHZ6Z/ON9PHscpACLMLASbnJxGoVBCc3McssxsXG8KhSLGx6dgGPzUTwRwBIDoVfL5AoaHx1AsckqgXliwMDk1jdHkBB/+RGdhACA6h2EYGB2ZQGqauwRqna7rGDk1jvR01pYhfy0QXPpFiFyCAYDqRiBsX6tfCxZSU2mMjo7DMAzbrkvVk83mX1ngWbblej6fhlC0wZZrEbkBAwDVjWAwjHAoZOs1C4UShofHeChMDbEsC2PjUxgfn4Jl2rPSz+/zIRwOg02kqZ5wESDVFb/fB0mWkMnmYFdbt5nGQZOIRkKIN8YgS3wMuFWxWMLY+BQM3b5RG7/fh3DQ3mBJ5AYcAaC649M0xMJhSDY/qNOZHEaG7RtSJvtYwMyUzci4rQ//QMA/M6rEzEd1iAGA6pKqqYhFI7Z/Wi/rOkZGxjHNBYKuoZd1jJwaQ2o6Y+vW/mAwgFCQi/6ofjEAUN1SFAXRaBSyrNh6XcuyMDWVxojNnzZp4dLpnK0L/U4Lh0IIBgK2XpPIbRgAqK4piox4LAJVsTcEADPzzUPDSWQzeduvTednmAZGkxOvnOBn4+d+SUIkHIbf77PvmkQuxQBAdU+SJESjEWg+zfZrW5aF8YkpJJOTbDJTJdlcAcNDY7Yf6SxJEqKRMHwOvE6I3IgBgDxBeuWTXcDvd+T6+XwBp04lkctxu6BTTNPE2NgkxscmbT/ER5JlxCIRaCo3RpF38NVOniEBCIWCkGUJOQf29RvGzAMqFA6iqSHGI4ZtlM8VMDGZcmSURVFkRCMRnv9AnsMAQJ4TCASgyAoyuZy988evyGXzKOZLaGqOIRjkQrKlME0TE5PTyGWdWWehqSoiEfu3jBLVAkZe8iTNpyEajUCWnPkRMEwDyeQkxsanYHJtwKLMHMyUdOzh7/f5EOXDnzyMIwDkWaqiIBaLIJPJQneo338um0exUERjYxyhEEcDKuH0p35gZo8/t/mR1zEAkKfJsoxoNIJMNody2ZkOf2fWBgQDaGyKQ+HagHllcwVMOTTXD2Bmm18oCJ+P2/yIGADI8yRJQiQSRi6XR7Fo79ays+XyBRSGi2hoiCESYW/5s+mGicmJKeRt3tp3NkmSEY2EoHKlPxEABgAiADM7BMKhIBRFRj6Xt7Wl7NlM08LERArZbB5NTXFoGn8E0+kspqbSjizIPE2RZUSiEShc6U90Bt99iM4S8PuhKjLSGWd2CJxWLJZw6lQS0WgE8XjEkwvRSiUdExMplEolR++jaRoi4ZAn/46JzocBgOgcqqohFo0gncnBNJ3r9W9ZwPR0BrlcHvGGKMIhbxw8Y5kWplJpZNI5WI6Ntczw+/0IhYI8zI9oDgwARHNQFAXxaATpbA667uzxv7puYHxsChl/Do2NsbpuRZvL5jE5lYbh0K6L02aaPoXY05/oPBgAiOYhyRKiUecXB542My0whlAogHg8WlfrA4rFEqam0igWnR3uB2YW+0UiIbb1JboA/oQQncfpxYGqKiOXy8PBZQFn5HIF5PIFBAMBRKNhBAK1+ym2VCojlcog70Dr5bkoioJIJMzFfkQVYAAgqoDf559pH5zNwjSrkAKsmU54+XwBqqoiHA4gFArWxKhAqVRGPl9ALldAuaxX7b4+TUOYi/2IKub+dxMil1BVFbFoFOlM1vE57LPpuo5UKoNUKgNVVRAIBhAM+OD3+Vxx4JCu6ygWyigUiygUikKORQ4GAwj6A+BqP6LKMQAQLYAsy4hFI8jm8o5vX5uLrhvIpLPIpLOANHOYjc+vwa9p0HwaNE117FQ707Kglw3o5TJK5TJKZR2lYtn2o3kXQpIkhMMh+LT6XThJ5BQGAKIFkiQJkXAIeUVGvlCAwzvZ5mcB5bKOcllHFr/qmy8rMlRVgaaokFUZqqJAlmUosgxJliDJMmQJkF75uGzBgmkBlmnCsiyYhgnDNGEYBnTDhKEb0HUDhmmI+7POQVEURMNhV4yCENUiBgCiRQoGAlBVFZlsFlY11gVUyDRMlAwTJTi7fVGkmfn+MDjdT7R4jM5ES6C9si5AURXRpXjCzP7+ICIRPvyJlooBgGiJFFlGLBKBnyfMOUqWJEQiEQT8ftGlENUFTgEQ2eD0YjRVVZDLV6dfgJeoqopIOAxZ5sd+IrswABDZyO/3Q1EUZDI5mJa41fH1JBAIIBgMcIcfkc04BUBkM1VVEYtFodZA0x43k2QJkUgYIT78iRzBAEDkAFmWEI1EEAxyvnoxVFVBPBrl/n4iB/EjCpFDJADBQBCqoiKTzcHiwoCKBAJ+BANBrvInchhHAIgcpmkaGmL1dbqfE2RZQiwSQSjIhz9RNTAAUO2zLBi5KViGexvfSLKMSCSCYJD96ufi03yIx2KuXzdhGSUY+RS4zYPqgZSdGOQrmWqOWc5Dz4xBnx6Dnh2DZVTv1Lml0nUdmWxOaA99t5AkCaFQsOZ6KEiKBjXSDDXaAjWSgKwFRJdEtCCmaRoMAFQTLNOAkZ2AnhlDOT0Gs5gRXdKSWJYl7EAht9BUFeFwyLHDi6pJ9kegRRNQIwkokSZIEjtDkrsxAJCrGYU09HQSemYMRnaiLhfRlUplZHPeWiAoSRKCwQACPn9dTodIsgwl1Agt2gIlkoASiIouiWgWBgByFUsvQs+Mo5wZg54eg6UXRZdUFZZlIZfPoVh07xoGu/h8GsLBIKQ6+NRfKUn1Q31ldECLJCCptTXdQfWJAYCEMvUyCscfQWniMNSGARj5adElCaXrOnL5PHTdEF2K7VRVRSg4c3qi1ynBOPTJvfC1DCDQfSlklb0OqPoYAKjKTBVKapYAABXpSURBVBSTh5A/+gCKQ09Cn3wJllkCJAmRjX8IyR8TXaAr6LqOQrFUF+sDVFVDMOCDxoY+Z5iFCWSf/yIAQJJ90JpWw9+5DcG+q+BLrBZcHXkFAwA5zkoPIb3vNhSGHoM+PQLTmHvlu7/zSvi6rqpyde5mWRZKpTKKpTIMvYxa+UGVZRk+nw9+nwZF4WK4cxVP/gKl4Ufn/JqsKlBjbQh07UR03TshhdurXB15BQMA2c8oInfoR8gduQflicMwCpXN40u+KCKb/xBsTTE3y7RQ1nWUy2WU9TJM010/toqqQFNV+DQNqqLW5eI+O1iWieyz/x8sPVfR71cCAfiaViK4/DUI9b8BUNhamuzBAEC2KI3sQfbA7SiN7IGenYK1yIdTcMVNUJvX21xdfTIMA7quQzdMGLoOwzCqN0IgSVBlGaqqQtVUqIrKY3orpI/tQf7IHYv6XkmWoIYb4W/bguCa34C/daPN1ZGXMADQohiFceRevB2Fkw+jPDUIs2xPEx451Irw+t+z5VreY82EAsOEaZgwDAOmZcIwzEVvMZRlCbIkQ1ZkKIoMRVZn/r+ssFXvYlgWsnv/FWZ+3JbLyZoCLd6NwLIrEFr3dii+BluuS97AAEAVsqCP7UXp1AMojz2FzJGDjnVCDa56G9SGfmcu7mGmORMETMsCXvnn6We4BUCWJECSIEsSpFf+yae8vcoT+1E4/F1Hri3JEqJ9q6EmLoav/SqoifXgPAydDwMAzcvMJ1EcvB968nGY0/sAI33ma/lJC05t0VdCHQitfw/45kV1xbKQ3fdlmLlRRy6vBiQEzxoAkJQYEFsHrfUS+Dt3QQ42O3Jfql0MAHSGaZRRHnkM5ZGHYU48C6s4BMwzq1zOWSg4uGWfawGo3ixl7r8SgbgELTjfVyUg0A2lcTO0tsvhb7sEUNiPwesYADyuPHkI+vAD0MefhJk5CFiV7Tu3TCCbtBybBpB9cYQ3vR9gP3WqB0YZmef/BVbZodQsAdFWqfJBM9kHObwaamI7fJ27oMRXOFMXuRoDgNeUplEYfADl0UdhTr8AlCcXfan8FKAXnHvp+Lt3wddxuWPXJ6qW0uBuFIcedOz6ahAIxpcwZaY2QW7YCK3lUgS6rgJ8PLvACxgA6p2po5x8BqVTD8OYfAZW7gjmG9ZfKL1oIb/4/HBhsorIht+H5G908CZEzjILY8ju/TJgOtfeOdgEqD671sxIkELLoTRuha/9CmitWzkSV6cYAOqQnh5EafB+mOO/hJF5ETDyjt0rm7ScfF+DEutDaOCdzt2AyFEWcvu/DiN90rE7yAoQbnFwwawcghxbBy2xHWrX1VDDXc7di6qKAaAOmEYe5aGHUR55BMbUc0DJmVXGcyllgWLa2ZdPoO9GaC1bHL0HkRPKI0+icPwuR+/hj0rwhR29xav52iE3bIav7RJonVdAVgJVvDnZiQGgJp3ek78b+vhTsHKHAcueRjwLrsThxYDAzGEpofW/AznQ5NxNiGxm5JPI7fsKYDr4sykBkVZJXLsGSYMUXgm1+WL4Oq6C2rQW3L5bOxgAaoSZH0dx6H4YycdhTr8AS09f8HuqpThtoVRZW/NFk8MdCK9598x4J5HbmTpy+74CI5909Da+8MwIgGuoMSixDVBbdsLXdTXkAHsPuBkDgFsZOoqv7Mk3Jp8DCidh1+I9u1mmhUwSjpentW1HYNlrnL0JkQ0KR3+KcvIZZ28iAZEWCZJrz8463XtgC7T2K+Bv2w7IPBLaTRgAXMRIvYzS0P2/2pNvOtRqzwGFFFDOO/8yCqx4I7TmTY7fh2ixysmnUTj6M8fv4wtL8NfSbj3ZDzkyAKV5O/ydV7H3gAswAIhUSqMw+CDKyUdhpZ6HVZ4QXdGimSaQc3gtAABAVhFa8z+ghDscvhHRwhmZE8jv/09YlunofSQZCCfc/On/wiStGXLDJqgtO+HvugqSVktppj4wAFSTZaCcfBal4d2278l3g1IGKGac//NIvijCa34bkj/m+L2IKmUWJ5F78f9v785i47ruO45/z91m4ZAURZHarNiWd0dOInirrdhxGwTNQzegC1IXbR+aFm3RBn3KQ5GgLy3aIG2Rxi99ERCgCOq4BRo/uE2KAq1VyXbs2I6lVLJkW15kaqdIkRzOcu89pw+XWmyJkihx5s7M/X0AQuRwNPcIGsz53bP8z3dwcYcXxJDDyv9OMx5UbiVYu51ow+OEE59S7YEuUADosKQ+RTK1i/j0y9mBOrbzHw55cS4bBbCdvfkBwCuvo3rP72CCZYufi3SNixepH/gOrtXJylgZ40Nt3QrK/vaj87UHlhYTasSvIxQAVplNm8RHd9M+8RJ29g1oH8+7SV2VNKBxtjtvJ692E0N3PamFRZIrZ2MaB/6JdPFYV65XGTUULfeaaANm7NNE63cQbnwUzy/l3aSBoABwwxzJmQO0j+3K9uTX3wEX592oXDXOQNLuzlvKH91K9fZfB08nm0kO0pjGW8+QzL/XlcsFJaiMDfKt/zUwIWbodvy191Pa9JhqD9wABYDrYJvTtKeeJzn1I9K5n0LSwXNx+5BNoX7adW15g0KA5CKNabz1PZL597tzPZMt/FMpjI8JRvFH7iOYfIho0+dUMGwFFACuhY1pnXiF+Phu0pmf9PSe/F7RWnC0F7p3vSwE/JqmA6QrnG3TOPQMabc6f6A0nG39kyswBsqfyGoPrN9Baf0D+ky4AgWAZaRz79Kaep50+hXswsG+2pPfCxzQmHakXZwN8WubqdzxJUyg2uTSOS5ZpHHoadJ6d+b8AfwQquPq/FfMK2NqdxOsu59o0xMEI7fk3aKeogCwxMXztI/+L/HJl7Cze3HxdN5N6ns2hcXTXagNcBGvMkH1zt/E6Dxz6QDbnqVx8J+xze7V7DAGqhr6Xx3hBP6abYSTj2YHGYW1vFuUq+IGAJcSn9qbHahz5jVovJudbCOrKl6E5lx3314mGqF6x2/gVdd39boy2NLFYzQPPYONuzi3BZTXGEINaq2+c7UHxu8n3PAY0br7Cld7oFABwNaP0Z56PtuTP78f0nreTSqExowj6fYMih9SvuWXCNfe3eULyyCKp39K873nOnuy32WEFSiPaui/K/wa3vC9BBMPUtr8BF51Q94t6riBDgA2bREfe4H2iT242b24Vvfm7OQC57KpAJt2+8qG0qYdRJsfR9uE5Lo4R2vqf2gfe6Hrl/YCGBof8II/PcyUNuGv+TTh+h0EG39mIGsPDFgAcCQzb9Ka2kV65lXc4ttgi70nv1fYFBanXS6zLMHoVspbfxkTVLt/celbNl6gdfj7JHPdW+l/jvGyRX+a9+8RJsLUbsdf+wClzY8TrLmTQUhmfR8AbPMM7aPPk5x8mXRuHyRn826SLCNpZdMBefDCGqXbfoVg+OZcri/9JZ17l8Y7z+KSfKYJq2OGAbzhHBzBGrzRbYQTDxNtegKvvCbvFl2X/gsANqZ18tWL9uR/QFeXmcsNadehNZ/X/5dHtPERSpseQ7dWclkupTW1i/bxF3P7XCmPGEINVvURD1PZgj+2nWjDDsLJB/qmKFlfBIBk7r3sLv/0j3ELb4Jt5t0kuQGtOWgv5veW86rrqdz6i9olIB+R1o/TfPdZbON0bm2IaoZSsXem9b/ztQceJLrpZwlqW/Ju0bJ6MgDYeIH46G7iky+Szu6D+FTeTZJV1px1xDnmOGM8wk2fpbThUY0GFJ1NaB3bQ3xsDy7H0USt+B9Q4QT+2KcIJx8h3Lijp2oP9E4ASBOaR35A+8Mf4ub2AV1fMi7d5KAx071Dg5bjlccp3fJFguFbcm2H5CM5e5jm+z/oyjG+VxKUoDxmBmBZmVyRCTDD91Ha8kVKW76Qe5ni3ANAMj9F8+3vkp76b0i6W2BD8uVctigwbefdEgjHtxFt+XxPpXPpHBfP0Xr/v4hnDuTdFPwSVNdou1/RGH8Ef/3nqdz5ZG41B3ILAMmZ/TQO7sTOvIIO1imuXgoBxosINz5Maf0jWfF1GTjOxrSP7qF94uWe2CIcREvH+6rzLy7j4489TOmuLxOO3dHVS3c9ACRn9rO4/x9xc69365LS43opBACYaJjS5s8RrrsP8PJujqwC5xzJ6ddpfbgrt619HxdEhsoY6vwlYwzemoeo3vvH+KNbu3LJrgUAWz/G4r5vk87s0bY9uYRz0Jh1pD106KJXXku06THC8XtREOhPzjnS6X20ju7G5jzPfzG/DNVR3fnLZRgPf+LnqG77U7zy2o5eqvMBwMYsHthJfORfwPbILZ70JAc0z0LS6K2A6FXGiTZ+lmDtJzFGn9j9wDlLMr2P9tHd2NZs3s35iLBiKI1kp/yJLMurEt7621Tv+i06lRQ7GgDik6/S2PcN1eCXFWnOQZxjnYDlmNII0eTDhJPbMTmv3pXLc2mL+NRrtI//GBfP5d2cS0RDUBpWzy/XzlRuo/KZrxGO3b7qr92RAGDTmMW9f0967N8BHbErK5dvxcCr8MtEk9sJJ7bjlcbybo2QlQSPT71KfOonuF5ZTPIx5REIq+r85TqYkOjmJ6nc+3us5mjAqgeAeOZtGq9/Hdf8cLVeUgoqaWUFg3p3yYjBH72VaGI7wdidaJ1AdzlnSWYPkpx8lWTuA3p2N5FZqu0f5d0Q6Xem9klqD/4VXmV8VV5vVQNA8/CztA49BbaHVnJJX7OJozFjsGmPfrgvMdEw4fg2gvFt+JXJvJsz0OziceLpfcSn/69nVvQvx/Ohslan+skqCkapfuYvCCcfvOGXWp0A4FIWXv8m6fHnbrhBIh/nLDTPOpI+yZVedZJw/D6CtffgRaN5N2cg2NYMyZkDxNP7cq3VvxJBCSoq8COdYHxKt/0h5Tu/dEMvc8MBwMYL1H/0VezcvhtqiMjVtOvQXujlKYFLeUMbCcfuIhi7G6+8OsN2RZE2TpHMvEkycxC7eCLv5lwzA0Qjhkgn+kmH+Rt/gdr2r3K9KfOGAoBtTDP/0leg8cF1XVxkpdI2NGbB2T5KAUtMaYxwdCvB6G14IzdjPE0KX8ylbdK590jPvkMy925P7du/VsbP7vpVSFK6xRt7iOGHvgH+yo8gvu4AkNSnqL/4FWifXPFFRW5Ev00JXJbnEwzdhD/8CfzhLXi1zYULBM7G2PkjJAtHSOffxy5M4Vz/7hoKyobyCBitBZUu84a3MfTot/D80or+3nUFgGThCPUX/gSSMyu6mMhqihvQnHM9u/h7JYwxeNWN+LWb8IY24Fc34JXXDVC1GEvamMbWj5HWj2PrR0jrJxmEbcLGM5RHHEF5UP6vpB+Z2j3Udjy1ohCw4gBg60eZ3/NH6vylJzjrsuqB/TwasAzjhXjVDXiVCfzKOrzKOrzKOCYcybtpV+Ta89jGKdLGKWxzGts4Sdo4CWn+h++stqAEpVGDp7t+6QHe8DaGH33qmqcDVhQAbHOa+d1/oGF/6TlxIysc1McjyNfM+BFetAZKo3jRGrzyKCYcxQuHMOe+VjgUeM3SJrZdxyV1bFLHteaw7VlcaxbXOottzeJ64JS9TvM8KA1DUNFdv/QWb82DDD/yzWxBylVccwCwaZOFXb+Pa7y3Gm0UWXXOZiEgbuTdkh5gfExYxfgRxoswfgR+BYyHMUHWgxkf8MC47DQml4K1OJdk36dNXNLG2RakbWzSyB4vuKgKUc1orl96lrf+5xm+/2tXfd41BgDH/J4/w559bZWaJ9I5aRua864XjnuXAeKF2SI/rfCXfhBu/TLVu3/3is+x1qZXzbH1N76lzl/6hh/B0LihrLlZWQXGM5RHYWhcnb/0j/jwTlpHd1/1eVf8iGwd+U+SqX9btUaJdEtYgeqEIRpC1dhk5QxENahNZEf4ivQXR3PfX5LUp674rGUDQDI/RXP/3zIQ+6ykkIzJjl+trTOEVaMcIFdnIKzC0IShVFMpX+ljaZ3FV/4cbLLsUy4fAFzK4mtfh1QrqqT/GT87jrU6YQgrA7S9XlaNITuut7bOUB7R9JEMBrd4mPreby/7+8u+zev7d+Lqb3WsUSJ58HwojxqG1hmCCrq7k+yOf2m6qDxyTbunRPpKcvRZ4hOvXPZ3lwSAdPYdkg+e7nijRPJifKiMGmoTEA0ZjQgU0dIc/9DE0oJRdfwysCyL+/4Gm15aMe1jAcBRf+OvwWkPlQw+4xlKwzA0mf2pu7/B5/lQGjHUJrM5fg31SyG0T7K49x8uefgjb//m4e/j6ge71iaRXmBMNhJQmzBU1mQlXmWwBCWojBmGJrKjejXqI0WTHn+OZObARx47HwBs2qD19s6uN0qklwRlQ2UsCwPRkE5362eeB9FQNsxfGTMKdlJszrK49++4eGff+Y+3xv6dkJzNo1kiPcf42RbCc51HWEaLBvuBgaAMlbXnpnY0vy9yjqsfpPX+f5z/OQCwzVmSqWdza5RIrzImGz4OSoayg7jhSJqGpK36GL3CGPAiCEvZ7g4N74ssr/nWTkpbvgD42QhA482dYJs5N0ukx5lsr3hlLdQms9XjQUkDA7lYCmaVUcPQBFTHDKHm9kWurn2SxUPPABDQnic5/sOcWyTSX4yX7R8PKwYcJE1IWo6kTSGOJc6D8SCIDEHJ4ZcuPpFPvb7ISsRHvkd0668S1A99F6wq/olcNwNB5cL58GkCaTMLA2mMqmlfL5MdwHOu0/dCc+EXInL94hmah//VM0effsCRnMm7OSKDyUESO9I22DYkCgTLOjeX70cQhCY7fU99vUhnROsJ1PmLdJBZuoONsh8d2dkctu1I42y0wCXgChYKjAETgB9kd/l+CCZQVUaRrolPZ7sARKQ7DEudXmA4f7y8y4KAXfpKE4eNDc4ORiowfvZv9nzwAoMXZj/r7l4kXwoAInkzF+6Czz8AOGuwKbjUYdPse5s6XAo2pXemEkxWdMcLwPgGz3OYwCx1+FqZL9KrFABEepTxwPeA8OIe9ML3zmU7DlwK1gIWrHXgzv3OgAXnHA6DcS57fOlV3EWveO6xbGOwwRiHMQYMGM9lnbjJzk8wXtbhGy+7u7+0g1ePL9IPFABE+pQxSwcY+XCh2N3lOt/rWT1/+dAhIoNDlc5FREQKSAFARESkgBQARERECkgBQEREpIAUAERERApIAUBERKSAFABEREQKSAFARESkgBQARERECkgBQEREpIAUAERERApIAUBERKSAFABEREQKSAFARESkgBQARERECkgBQEREpIAUAERERApIAUBERKSAFABEREQKSAFARESkgBQARERECkgBQEREpIAUAERERApIAUBERKSAFABEREQKSAFARESkgBQARERECkgBQEREpIAUAERERApIAUBERKSAFABEREQKSAFARESkgBQARERECkgBQEREpIAUAERERApIAUBERKSAFABEREQKSAFARESkgBQARERECkgBQEREpIAUAERERApIAUBERKSAFABEREQKSAFARESkgAKMn3cbREREpKs8/h9H1fWOPUveSQAAAABJRU5ErkJgAA==',3,'CarlosMurcia@yahoo.com'),(4,'Lucia Perez','Luci.97','MH8mRCZyQ3surlAIfU0Zfv/RkfMgeidy43nyQoLZJU+ELuUkO2yMlNezq2lLTEs=','b3082c9f7feade129f35957708b6242ad81016d70e993d9b4d41f11b18a0acdc',4,'iVBORw0KGgoAAAANSUhEUgAAAgAAAAIACAYAAAD0eNT6AAAABHNCSVQICAgIfAhkiAAAAAlwSFlzAAALEwAACxMBAJqcGAAAIABJREFUeJzs3Xm4ZOdBHvj3bHVqv/vey+1drZZbrV3eZAsb2wLjDZsteCGJPUCG4IQJQyDEMAnMhEAymTwMQ2IgYQIYYzIYYmzZxrZkSdiyZGtptbrV6u12913r3tqrzv7NH7dbtNVb1a1T9Z2q8/6eR49tdd1Tr2/fW+c93/m+7yj1jYsCREREFBtBEPiq7BBERETUeywAREREMcQCQEREFEMsAERERDHEAkBERBRDLABEREQxxAJAREQUQywAREREMcQCQEREFEMsAERERDHEAkBERBRDLABEREQxxAJAREQUQywAREREMcQCQEREFEMsAERERDHEAkBERBRDLABEREQxxAJAREQUQywAREREMcQCQEREFEMsAERERDHEAkBERBRDLABEREQxxAJAREQUQywAREREMcQCQEREFEMsAERERDHEAkBERBRDLABEREQxxAJAREQUQywAREREMcQCQEREFEMsAERERDHEAkBERBRDLABEREQxxAJAREQUQywAREREMcQCQEREFEMsAERERDHEAkBERBRDLABEREQxxAJAREQUQywAREREMcQCQEREFEMsAERERDHEAkBERBRDLABEREQxxAJAREQUQywAREREMcQCQEREFEMsAERERDHEAkBERBRDLABEREQxxAJAREQUQ7rsAES0dSJwIKwCAmsNwikBXhOBVwf8BoTXvPSf1hVfoQCKcum/qoCWhqpnAD0FxchA0TNQ9TyU1DiU5AQULSXl/xcRdR8LAFGUCR9+YxFBfQGitgC/toDAWkFgFSDsAoRb7e776xmoyQmoyUmomTmomZ3QsvNQszuhJse7+95E1FVKfeOikB2CiADhlOCXj8MvvQi/+jL86jkEzQtA4MuOdm16BnpuN7Thg1CHDkIfvhVqelZ2KiJqQRAEPgsAkQQisBEUj8ErH4NfOg6/fBxBc1l2rI4piSHow7dBG7sTxvjdUHO7ZUciomtgASDqFeHDKx2DX/g2vPWn4ZeOQgSu7FRdp5hj0MfuhDFxL/TJ10MxcrIjERFYAIi6yq9fgLf6OLzCU/A3noXwm7IjyaVo0MeOwJh6E/TpN0I1OYeASBYWAKJQCfjl43CXvw535esIamdlB4owBfro7TC2vQOJ6QcBPS07EFGssAAQdUr48Nafhrv8KLyVxxHYBdmJ+o6iJaFPvwmJuYegj98JQJEdiWjgsQAQbZFfPgH34hfgLP0NhF2UHWdgqJmdMOffB2PbQ9yDgKiLWACI2hBYq3AvfhHOxYc5vN9tegbm9u9HYv4DUFPTstMQDRwWAKKbEIEHb/krsC98Dv76M4AIZEeKF0WDMfc2mHs+CC2zXXYaooHBAkB0HcIuwln4LOyFv4Cw12XHIUVFYvrNMPf9BNTsvOw0RH2PBYDoVfzKSdhn/wze4pdjsU6/7ygaEnMPwdz/D7gVMVEHWACILnFXHoNz5k/hbTwjOwq1QFFNJHZ9AMk9H+QSQqItYAGg2PPWn4J1/D/BL78oOwptgWKOIXXwp2HMvk12FKK+wgJAseWXX4R14nfhFZ6WHYVCoI/egdShj/PZA0QtYgGg2AlqZ2G99Em4y4/IjkJhUzWYez6E5J4PA6omOw1RpLEAUGwItwbrxO/AOf85QET08boUCi23B6nDvwhtaL/sKESRxQJAseAsfQXWsf+Ly/niRNGQ3PsRmHs/CCgcDSB6NRYAGmhBcxnNo78Fb+0bsqOQJProEaSO/DLU5KTsKESRwgJAg0n4cM7+GayXfp+P4CUoRg6pw78IY+oNsqMQRQYLAA0cv34ezWd+FX75hOwoFCkKzL0fRHLfPwAUVXYYIulYAGiguBcfRvPob/Gqn65Ln7gP6SOfgGLkZEchkooFgAaC8JtovvDv4V74vOwo1AfUzA5k7vm3UNOzsqMQSRMEgc+xMOprfvUUao99lCd/allQX0DtiY/BKx6VHYVIKhYA6lvO+b9E/fGPIaifkx2F+oxwymh882fhLn9ddhQiaXgLgPqPCGC9+B9hn/2M7CTU7xQN6cO/AGPuHbKTEPVUEAS+LjsEUTuE30TjO78Cb/UJ2VFoEAgfjWd/HSmvicTO98pOQ9RTLADUNwJrDY2nfh5+5WXZUWigCDRf+PeAoiKx492ywxD1DAsA9QW/fAL1p/5XbudLXSLQPPpbgKohse2dssMQ9QQnAVLkeWvfRP0b/zNP/tRlAs3n/y2fFEmxwQJAkeauPo7G0/8cwrdkR6E4EAGaz/wqvI1nZCch6joWAIosd/kRNL79SxCBKzsKxYgIXDSe/kX49QuyoxB1FQsARZK79BU0vvMJIPBlR6EYEm4Vjad+AfDqsqMQdQ0LAEWOu/hFNJ753wDBkz/JE9TPofHMv5Idg6hrWAAoUpzFL6Px7K/x5E+R4K4+DvvMn8qOQdQVLAAUGV7hW2g+968BEciOQvQK68TvwK+clB2DKHQsABQJfuUk6t/+F7znT9ET+Gg++2v82aSBwwJA0gWNRdSf/F8AryE7CtE1+dVTsE//kewYRKFiASCphFNC41s/B+FsyI5CdEP2qf+GwCrIjkEUGhYAkkYENurf+nmut6a+IPwm7JO/LzsGUWhYAEia5nO/Ab/8ouwYRC1zLv41AmtVdgyiULAAkBT2mT+Du/hF2TGI2hP4cM7/lewURKFgAaCe8zaegXX8t2XHINoS98LDAITsGEQdYwGgngqsAhrf/gQ3+qG+FTSX4C4/KjsGUcdYAKhnROBtPtyHM/6pz1Wf+g04i4/JjkHUEaW+cZFjWdQT1rH/APvsZ2THIOqIUxewq4CiAFo6By2Zh6LqgJ6AZg5Bz85CG7sFqZn7oaQnZccluqYgCHwWAOoJr/BN1J/8Z+C9U+pbArAqAm6z9S9RDQ1GbgqJ6SNI7303jPFD3ctH1AYWAOoJ4ZRR/fqHIex12VGItkQEgFUS8JzOjqOZCZhTh5C57YMwp+8NJxzRFrAAUE80vv2LcJe/LjsG0ZYIH2iUBAI33ONqqTSye74HmTt+GqqRD/fgRDfBAkBd55z/KzSf/w3ZMYi2JPCAZlF09TlAiqogtf1ODN33C9CyM917I6IrsABQV/n1i6g/9hMQfhs3TYkiInCBRlH07OnUiqogveMu5F//CWjmSG/elGKLBYC6qvbNn4G//ozsGERt893NK/9enfyvpGoqsrf+APL3/LPevznFRhAEPvcBoK5wL3yeJ3/qS4Ej0NyQc/IHgMAPUHn+s1j+1DvgrDwtJwTFAkcAKHTCKaP66I9BOBXZUYja4rvYPPlH5VNRVZDb9yCGXv8r4L5tFCaOAFBXNI//R578qe9E7uQPAIFA9cRXsPKZ9yCoL8tOQwOGBYBC5RWevvSwFKL+4V+a7R+pk/8V3MoGlv/8R2Cd/4rsKDRAWAAoNCJwYb3wm7JjELVF+IAl8Z5/qwLPw/qX/yXqL/yB7Cg0IFgAKDTuuc/Ar1+QHYOoZUEANDYEgoif/C8TAig9+Xsof+Nfy45CA4AFgEIhnDKaJ/+r7BhELRNi855/Nzf56QYhgOqxL6D09V+SHYX6HAsAhcI6+fuAV5cdg6g14tIOf57sIFtXO/kISwB1hAWAOhbUz8FZ+KzsGEQtsyqA3+GDfaKgdvIR3g6gLWMBoI41X/y/N2dSEfUBpwa4zYhO99+C2otfQP2F/yI7BvUhFgDqiL/+HXirT8iOQdQSzwbs2uCc/IG/mxhonf2i7CjUZ1gAqCPWS5+UHYGoJYEHNEuDdfK/TAiBjUd/DX6Vq3CodSwAtGXe+lPwis/JjkF0UyLYnPSHwTz/AwACz0fh8z+Jvp7ZSD3FAkBbZr/0+7IjEN2UEIBVQt8t99sKt1bCxlf/qewY1CdYAGhLvMK34BWflx2D6KacOuA5A3zp/yrNhW/DPvsl2TGoD7AA0JbYJ7kdKUWfZwk4Azbp72aEANYf+3UEXkN2FIo4FgBq2+a9f179U7QFvoAV04dSBo6L0lf+iewYFHEsANQ2+9Qfy45AdGMCsIqI/AN+uql54QU4S38rOwZFGAsAtcWvnoJX+JbsGEQ3ZNc2H/EbZwLAxmPcJZCujwWA2mKf+ZTsCEQ35DkCTj1e9/2vx6uWUXv2/5EdgyKKBYBaJux1eItflh2D6LpEsLnkj/5O9blPAcEAPPiAQscCQC2zz/45BDcZoQizyiLW9/2vxXc9VJ/6P2XHoAhiAaCWCN+Cs/AXsmMQXZfb2Nzrn65WPfE5iEF4/CGFigWAWuIufRnCrcqOQXRNgQ/YVd73v57A9VH51m/KjkERo8sOQP3BOfeXsiPEj6JA1XJQ9DQULQ1FywBqAlAUAJv/COEAvgXh2xB+A4FbBgJLdvKes8ubG+DQ9dVPfhlD9/8CeN1Hl7EA0E35lZPwyy/KjjHYtAS05E5o6W1QzEmoiXGo5hgUxWj7UMK3ELhFCGcdgb0Mv7mEwFqC8AZzBMdpxGur360KXAf1Y/8NmVs/JDsKRQQLAN2Us/BZ2REGkAotvRN6/iDU9Dy05BTCujJTtCQ0bQZIzgC47ZV/L9wivPoZ+PUzCBqnEAzALR3hAw6H/ltWO/ppFgB6BQsA3ZDwm3AW+WCRcCjQM7ug5V8DPX9wc0i/l+9ujMAYHoExfCcAILAW4VVfhFd5EYG90tMsYbEqgkP/bXBrJThL30Ri5j7ZUSgCWADohtzFLwF8qEhHFC0FfegOGCP3QDXHZcd5hZqcRSI5i8TEWxBYq3Ar34Ffeg6B1x8b6HtNwVn/W1B77vcwygJAYAGgm3AvfF52hL6lGjkYY2+CPnLnlu7l95KanISZfDsw8Tb4tZfgFL8Jv/YyNjeUjSABWP1/B0MKa/kEEHiAyo//uONPAF1X0FiEVzwqO0bfUfQcEuMPQB+5G4rSZ79iigItdwCp3AEEdgHuxjfglZ6GENHaAMqucsOfrQp8H40Tn0L64I/LjkKS9dmnE/WSe5H3/tuhKDqM8TcgMfYAoEb7ir8VqjkOc+adSEy8Ge7643BKTwIR2EzG9zZn/tPW1U/8JQsAsQDQ9bmLD8uO0Df0zB4kpt8ZqXv8YVH0LBJTb4cx/gCcwiPwNr4pdUTALkf0tkQfcYqLCLwGVD0tOwpJxB0h6Jr88ovw6+dlx4g8RUsjOfcBJHd+ZCBP/ldStBTMqXcgvffj0IeOYHMzot5ym4Dv9vxtB44QQPPEp2XHIMlYAOia3ItflB0h8rT0PFK7/xH0ocOyo/SUYgwhOfeDSO36KNTkTO/eWHC73zA1TvPJnnHHAkDXIOAsfVV2iAhTkZj4HqR2/n2oRl52GGm01Hakd/0UzOl3Alqi6+/HiX/hcjfOA+A3NM5YAOgqXvEohL0uO0YkKVoKqfmPIDHx4KU9+WNOUWCM3of0nn8MLbuva28TeJtP+6PwBL4P6yxH+uKMBYCu4i0/IjtCJKnmOFK7fhJaepfsKJGj6kNI7fgQzNn3bj6wKGR2NbI7EvS15hkWgDjjKgC6irv8qOwIkaNndsPc9qNQtKTsKJFmDN8JLb0T1sU/Q9C8GMoxfQfwbJ7+u8FZe0l2BJKIIwD0XfzySwiaS7JjRIo+dATJnR/myb9FamIM6fmPwRi9P5TjWbVQDkPX4NVLEBHY24HkYAGg7+KucPj/SsbwnUjOvg/8VWmTosKc/n4k597f0aZIni0Q8FG/XSMEYJ/jhl9xxU81+i7uymOyI0SGMXI3zNn3cLJfB/Sh25Ga/yhUI7elr7er/N53W/P812RHIElYAOgVgbWGoHpadoxIMEbuhTnzLsjY7GbQaMkZJOd/Clqbewa4FhB4vPrvNrdwUnYEkoQFgF7hrf2t7AiRoA8dgTnzTvDkHx7VyCG18x9Cy7S2gkIIwKnx5N8Lbr0oOwJJwgJAr/BWWQD0zB4kZ98Lnvy7QEsgueND0PMHb/pS39pc+0/dJzwffvWC7BgkAZcBEgBABB68wtOyY0ilJWeQ3PZjgMJe3C2KoiO57Udgnf9TeNVj13yNEIBdb//qX1EANWFCMzPQk0NQkyPQUyNQE8NQEnloiSygJKBempQYBDaEZ8F3SgjsEnxrA15jDb5VhmdVEThObDYfsC98jU8HjCEWAAIA+BvPQvhN2TGkUYxhJHd8sCdb2pKK5LYfhnXhT+BVj1/1p55986t/RVGgJZMwspMwhuZhjh2EntnWVgoNWQCAjrlr/rkIPDgbR2GvPQ+nfAFusz6whcBeeYYFIIZYAAgA4BWelB1BGkUxkNz+96DoW5upTlugqDC3/TDE2f8Cv3nuu/7Iuc66fy1pIjE0i+T4YZgTd0BRu/vxpag6zPEjMMePAACEU0Pj4tfQWDkKrzFYmxO4xbOyI5AELAAEAPA2vi07gjTmzLugJadlx4gdRdGR3PH30Dz3SQTWKoBL6/6vuPrX02kkxw8gPfcAtNSEpKSblEQWmV3vRGbXO+FXz6N69guw1hcggv4fFvCbJdkRSAIWAAK8OvxyPJcCGSP3QB8+IjtGbClaCun5j8Fe+yq8yjE4xRK0hAZzbBcyO98GPR3NYqbltmP4NR+FcCsov/QZNFfPbE5e6FOBY8mOQBIo9Y2L/ftTS6FwVx5D4+l/LjtGz6mpOaTmPwpF0WRHoT7nW+soH/t/YZcKsqNs2cz7/xBafrfsGNQjQRD4nO5M8GM4/K9oSaS2/ShP/hQKLTmG0Ts/jtHb3gPN6M+fKXv1OdkRqMdYAAheIX4FwJx+JxRjSHYMGjDm5N2YuP/nkRgakx2lbf7G1SsyaLCxAMSdV4dfOyM7RU/p+UPQh26XHYMGlGJkMHbXP0F2x519tZ2UU16QHYF6jAUg5rzSUUAEsmP0jKJnL+3xT9Rdub3vQ/7gQ33zMCnR5JbAccMCEHNe8XnZEXrKnH03FC0tOwbFRHrm9Ri9/UegqNEvAb49WHsb0M2xAMScXzwqO0LP6MNHoGdvkR2DYsYcPYSR13wg8iUgcBuyI1CPsQDEmfDhlV6UnaInFC0Jc+odsmNQTJljhzFy6H2RfsZU4LiyI1CPsQDEmF87C3jxaP2JybdC0TKyY1CMmRN3IL/79bJjXJcIAiBwZMegHmIBiDG/HI9lP2pyBsbwvbJjECGz8yGkpqK72Y5bPis7AvUQC0CM+aU4FAAFyZkf6JuZ2DT4hg99BHoqJTvGNYnmquwI1EMsADHml0/IjtB1xvAdUFPbZccguoKKkdd8JJKTAv3mhuwI1EMsAHEV+Aiqp2Sn6CpFSyEx9XbZMYiuomfnkJ2/X3aMqwQ2nwoYJywAMeXXTkMM+ISfxMRbuOafIis7//3Q09H6+QycquwI1EMsADEVVAb76l9LzsAY4cQ/irahgz8YqZWBgV2RHYF6iAUgpvzqy7IjdJGCBCf+UR9IDB2AOb5NdoxXsADECwtATPnV07IjdI0+fAQaJ/5Rn8gf+ACUqHwSe03ZCaiHovJjRz02qAVA0ZIwJznxj/qHZo4hOb5DdgwAgAg82RGoh1gAYkg4ZQh7XXaMrkhMvAWKzh3/qL/k9v5gJEYBhPBlR6AeisCPHPWaXxvMq38tOQ1jlBP/qP9oyTEkR+XPBVCC+DwanFgAYimonZcdoQtUmDPvAX+kqV9l97xL+sOCAo4AxAo/LWMoqJ+THSF0xtjroKbmZMcg2jI9M4tEfkxqBgVC6vtTb7EAxJBfW5AdIVRqYgyJye+RHYOoY7k9D0l9fxFwBCBOWABiKKgPUgFQYM6+G4piyA5C1LHE8C0wsjl5AVgAYoUFIG4CH0FzRXaK0Bgjd0NL75Idgyg0uV1vlfbeQvAWQJywAMSM31wGBmSij2rkYfJhPzRgzIm7Ivu4YBosLAAxI5oXZUcIjTn9LkA1ZccgCl125wOyI1AMsADETNBYkh0hFMbw3dByB2THIOqK1OwboZkst9RdLAAxEzQWZUfomGqOw5z+PtkxiLoqN/8G2RFowLEAxIzo9wmAiork7PsBlbP+abCl5h6EluDPOXUPC0DMBNaq7AgdSUy8hRv+UGz0ehTAr28gsGo9fU+ShwUgZvq5AGjpeSTG3ig7BlHPpLa9BZqZ6Nn7eVYFvtvo2fuRXCwAcSICBFZBdootUbQkknPvBxTJm6UT9Vh2F1cEUHewAMSIcIp9uweAOfMeKMaQ7BhEPZeefTP0ZFJ2DBpALAAxEljrsiNsiTH6Ouj5Q7JjEEmT28MNryh8uuwA1DvC7r8CoKV2wpzu/YefEAK+627+43nw/QCB70MEweZ2qQKAAihQAFWBpqlQNR2aoUPXDWgJAwpvV3TM9zw4lgXXceG5DnzXhx/4gBAQwea2tYoCKKoKRVWh6Tp0XYeeMKAnEkiY5kD8PSSn7oFy4i8hPG7VS+FhAYiRwO6v+/+KnoW5/YfQzYGqwPdh1Ztwmg3Yjebmyca24Tke0NGjURUYCQNG0kQilYKZTsHMpGGmUgNxQgpb4PmoVspolCpo1Gpo1uuw6g34ntfhkRUkkgmYqRRSmQxS2SzS+Rwy+Rw0vb8+/uySQCIrOwUNkv76DaCOCLsoO0IbVCTnfhiqng/1qIEfoFGpoFGuoFmrwm7Y6OxEfz0CruPAdRw0KtVX/q2iqkjlskjn88gM52GmkgDiVwiEEKgWSyivFVBaX0ezWkV3nkMj4Fg2HMtGtVi64t8rSGczyI2OYGh8DEOjo1B1rRsBQiE8B3Y9gJlXIQLZaWhQsADEiHDKsiO0LDH1VmiZ+VCOJYIAtWIRlfUiGuWK1CeeiSBAo7xZQArnAcNMIDc6gtzYGMz0oD8ARqBSLGH94hI2Vlbhua7ULI1aDY1aDSsL56GqKvLjYxibnsLo1CRULVplwHcsAEBjPUB6VO1SWaK4YQGIkcCtyI7QEiN/GxJjnW+AYjebKK+sobK+jsCP5mWTazvYWFrBxtIKzEwaw5MTyI2NQlUHZ36u73lYu7iIlYXzsOrRXGMeBAFKq2sora7hjK5hYnYGUzt3IJXJyI4GAAjczQLgOUAQcDUshYMFIEaEU7r5iyRTU9uRmPtBdDIsbtUb2FhcRK3YPyMeAGDXG1g5cw6F84sYnp7ASASvRNvhux6Wzp7D8sICfLfTe/m9E3g+VhYuYGXhIkanJrFt/26kMnJvvvtu85X/XlsLMDSjIujPFb0UISwAceJWb/4aiRRjGKntPwZF2dqPpee6KJy/iEqh/1Y7XMn3XKxfWERpeRWjs9MYnpyA0kcjAkEQYHXhPC6eOiN5mL9TAhsrKyiurGJq53Zs37dX2jyBwLGvjAW7EcAw++dngqKJBSBGAq8uO8L1aQmkdvw4FH0rV1oClUIRq+cWEPiDc1nkex7WFi6gtLqGqZ07kB4Kd0JkN1RLJZx5/hia9Qj/rLVJQGD53AJKhQJuvfceGD3cmvcy/9ItgMusEmDOgqMA1BEWgBgRkR0BUJGa+2Go5tSWvtp13IE7+V/JtWxcOHES+fFxTO7cFsnbAkEQ4PxLJ7F89jy6s6pCPtNMQk/0/uQPAIFzdaGqrwdIjaiD+u2mHuAYUpx40ZyAZU5/H7Ts/i1/vZFIYGbf7oFfX18pFHDu6DHYEbu6tptNHPvGt7B8dgGDejbSdB27Dx+SNvnOt6/+3fVsIODGQNQBjgDEhoAI7Ju/rMcSE98DY/S+jo+TyecxOb8TK2fOdh7qVRRFgabrUDQVqqoAUKGoyuZM/ctnBBHA9wUCz4XvegiC7qw6cG0HC8dOYGp+J/ITY115j3aU1zfw8jPP9exev6ppMAwDqqZB1dS/qxuvfP89eK4b+lLP+VtvQULifvy+de3SVy8I5GeVfn3EB0nGAhATInAQtR1EjNH7kZh4MLTjDU2MwbNtrC8utf21iqYhmU7BTKeRSJpIJJPQzQR0w4CqqWhvVYKA7/lwLRt2swm73kCzVoPdsBDGFbIQAstnzsK1bYxtm2kzW3gKi0s4/fwLoZ9sVVV9Zbe+VDaHZCaNZCoJI2lCVVu5/bH5/XcsG06zCavZRLNWQ6NaQ71SaXtJ6OjUJMZnp7f2fyYkvn39UZ/GukB6VInarzf1ARaAuPCjdfWvD90Oc/r7Qj/u2LYZOLaN6vrGDV+nKApS+RwyQ0NI53NIpJOb+/qHYnPEQMvqSGYzwMTmv/U9D41SBdViEfVyBaLDUYL1xSX4nofJnTt63gFWzl/A2RdeDO14mXwOwxMTGJoYQyaf73AfhM3vfyqrI5XN4MpnSAoh0KhWUSlsoFxYR6VYvGGBMcwE5g8dhOzdGq91C+AyzxbwHEDTB/sWGIWPBSAugugsx9Ky+5Gcex+686GqYHrXTniOg2a1dtWfpvM55MfGkB0d7vlkOk3XkRsfRW58FIHno7K+juLKKlxr6+WstLoGAJic345enaTWLi6GcvI3k0lMbJvF2Owskj3aBVFRFGTyeWTyeczsnofnuNhYWcXa4iJqxav3ydh16FYYkib+XelGIwDA5ihAfoajANQeFoCYEEE0NmLRsnuR3P6j6Ob8U0VVMbtvD86/eAJO0wIUID82htGZaSRS0XiuuqprGJ6axNDUBKrrRaxfXNxyESitrkHTdYxtmw055TXea62AM0df6OgY6VwOs3vmMTo1JX3ipp4wMLl9DpPb51CvVLF0+gzWl1cAABPb5jAyOSE132XXmwNwpdpygOyMyvkA1DIWgLgQ8guAlt2HZAcb/bT1XrqOuf17sbZwAWNzczDT0Tjxv5oCBfmxUeRGR1BaWUXhwuKWbg2sLy4hkTKRG+vexMBGrYaTzzy35X3oE6kkduzfh9Hp6UhuZZvJ57D3yGHMVqq4eOoM5m85IDvSJiFuOgIAAIEAGsUA6WE+MIhawwIQE35T7qOAe3nyv8wwTczu29Oz9+uEoigYmZ5CdmQEy6fOoFm7+vbFjaRzOaRyuS6l25y/cPLbz2xprwVFAabn57Ft755LEyqjLZ3PYd8dh2XHeIU7rckoAAAgAElEQVRn1SBaPKN7TcBJCBjJCDYsihwWAOo6LXcAyW0/0tOTf78yzAS2HdyPwoWLKC6t3PT1iqJgbNssRmamQpzEeLUzx47DajRv/sJXSZgm9h45jNzIcBdSxYNvtbeBl1UW0AwFLS2YoFjjJzJ1lWLMIbntR6Eo/DRqlaIomNi+DYlkCqtnzkFcZ+lgIpXEzJ5dMNPprubZWFnZ0tLK7PAQ9t9xRMrWuYPEa7T/FM96IUB2Uo3krRaKDhYA6hq3ARjjB3ny36KhiTFouoall09ftVRteHICEzu2df0hQb7n4dyxE21/3fDEOPbdcbjFdft0I16bIwCX1VYD5Ka5VTBdX/RvyFFfsmuAVREI7P56JG/UZEeGMbV7/pX/rekG5vbvxeT8jp48IfDCy6fh2O2tThgaH8O+O27nyT8kXrP9EYDLqsuB7C0MKMI4AkChs8oClx9f7lksAJ3Kj42+sq/B1K6d0A2jJ+9rNxpYObfQ1tek8znsP3J7hxv50JW8Rme/Q9XlALlJlUWArsICQKERAdAsCfjO3/07jgCEY3RmCpiZQi8/xS9c49bDjeiGgQN3HoGq88o/TG7j6g2K2lVdDZAZV6DpypaXcdLgYU2nUAQe0Nj47pM/APgsACFR0MuTv91oYn2pvYl/u19zSOoDcwaVV9/6LYAr1QsCbpO3BOjvsABQxzx7cyvSa202GLgWxKtbAUXe0rmFtq4Ux+dmI7Nr3qBxO7wFcKVmGbDKARR+8hNYAKhDdk2gWRQ3OFkIjgL0mcAPULi42PLrNV3HjgP7upgovgLHgvDCfZCX2wSqqwJcnEOcA0Bbcq37/dfjN4vQ04NzdRgEAt86ehpf/85JnDy3gmKlDkUBJkbyuG3vHN58zy24ZdeM7JhbtrG8At9rfevomV3zXX1gjhACx88s4avfOo5jpxextlGBEMBIPo0D8zN44137cdfBeajq4I1th3H//1qEL1BZFMiMK1B1hUsFY4oFgNrmOYBdEmh1y3qvWYTZ3Ug988hTJ/Af/uhLWFhav+rPTp1fwzeeO4VP/vdHccctO/BzH35HXxaBwmIbV/+GjpmdO7qW5ejLF/Dv/vCLeO6l89f886ePncMf//U3sGtuAh//8e/F6+8YrJEIt1bs6vHrBQEjJZAeURHwIUKxw1sA1DoB2BWB5kbrJ38A8K2N7mXqEc8P8L9/8nP4ud/81DVP/q/2neML+PAvfRJ/8vlv9iBdeDzXRWWj9b+vqe3buzLrXwiBP/yrJ/D3/+XvX/fkf6UzF9fws//mj/Ebf/B5+Ft4mFJUufXu/+64TaCytDkEMHhjKHQjHAGglvju5vr+rTxV2G929yqm24JA4BO//f/h4SeOtvV1fhDgt/7rF2DZLn7iPW/oUrpwlVbX2pr8N7ltris5/vOfP4r/9Jmvtf11n374SdQaFn71p98j/VHDYXCrvSnPQghUVwRUDZjsyTtSFHAEgG5MbO7qd71Z/q3wrf4uAH/4V4+3ffK/0m9/6m/wt8++HGKi7ikVbj66cVl+dARmOhV6hkeeOrGlk/9lf/315/CpLzwZXiCJ3EZvf3d4GyBeWADounxr8x6hU+tshpDXxyMAS2sl/O6ffa3j4/zaf/4fcNwtNqieEW0N/49MT4WewLJd/B+/97mOj/Pbf/I3WN3Y2h76UdKrEQCKJxYAukrgAc0i0CiJUK4IhGchcBudH0iCP/rrb8D1Ov8mLBfK+MLjz4eQqHushgXXbn3PhtGJ8Fd2/I9Hn8VasfMTt+W4+NQX+mv+xbV49f4tzxR9LAD0ChEAdhWorwt4drjrgvxGIdTj9UIQCDz8+NaH/l8tzGN1Q73U+pKzZCaNRCr8Xf++8Fh4Jenhx59vayvjqHEbZQS+KzsGDTAWAIIQgFMTqK0JOHXRlTXBXqP1e8tRsbC8jmKlHtrxnjm+EOkZ6rVK61feueHh0N/f9XwcfflCaMdbWa9gaa1/N6Fyq/1Xmqm/sADEmAg2d/KrrwnYNXR1MxCv2X8fZhdXwh1+tV0PhWIt1GOGqVltvQBkhoZCf//VjQo8P9yCdH6lf++hO9X+K83UX7gMMIaED9h1Aa+Jnj0ZzO/DEQDLCX/41e7CMcPSqLZeTrJD+dDf37K78f2O+sTL6+MIAHUbC0Bs6PBswGkI+OFuLd4Srw/nAGTT4d/j7sYxw+C5LlyntQmAiqIglcuGnqE73+/+3YPSqfTf7wz1F94CiAnFHEWzKOfkDwBes/+GYudnx0M9Xj6bwkg+Heoxw2LVWp/rkMqmoarhf3RMjOSQToX7TIGw/w57ya2xAFB3sQBQTwjfgW9158Em3TI1lseOmbHQjnffbbsjuzud1Wy2/NpUJvyrfwBQVQV33zof2vH27ZjC6FAmtOP1khA+3Fr/lWbqLywA1DNefVV2hLa9681HwjvWg+EdK2y21UYByHbvpPruB+8M7Vg/EOLfXa+5lXWICK8YocHAAkA949XXZEdo2wfedk8oV5GH92/H/Yf3hJCoO5xG6/eGzHT3bmO88c79oTxBcXI0h/e95a4QEslhV/qvLFP/YQGgnvEa/fehlkmZ+KWP/kBHx0iaBv7lT74rssP/AOA6bRSAVPj7/1+mqgo+8VPvhmlsfX6yoij45f/pXUiaRojJesspr8iOQDHAAkA94/bhCAAAvOnuA/j4j79tS19r6Br+zcc/EPnJaK2uAACAhBnuRL1X27djCr/+s++HtsWJhj/3obfjtbfvDTlVbznl/ivL1H9YAKhn+nEOwGU//s7X4ld/+j1tXVVOjOTwO7/8Ibz+jn1dTBYOr40HFRlm95fWvenuA/jtX/ogxoZan3CYSibwaz/zPvzIQ/d1MVlvOOX+LMvUX7gPAPWM8Cz4dhmaGf4ucr3w/Q/cjrtuncfvfuZr+MJjz1/3IUG5TBLv/9678eF3vT6y6/5fzfda24RHVVWoWm+uG+4+NI/P/Lt/hD/47GP48y89hXrz2rcpEoaOh97wGnzs/W/G1Fj4GxT1mhABHC4BpB5gAaCe8qrLfVsAAGB6fAif+Ml3459+8O345vOn8dK5ZayXalBVBZOjedy2dw533jrf0T1sGfwWn3io6TqA3s1lyGWS+Mc/9lZ87P1vwtMvnMULpxaxVqwgCATGh3PYPz+F+16zu2+KViucyhqE3787GFL/6K9PKep7bm0F5vgB2TE6lssk8db7b8Vb779VdpRQtLrkTNW0Lie5tmTCwOvv2NcXt1M65ZSWZUegmOAcAOopt84Pt+gRLT82txs7ANJ3s1kAqEf420w95dX44dbXoruScWDYXAJIPcICQD3lNwoQQWv3m6lXFLR8Zu/R0yPjzCkuyY5AMcECQD0lRAC/ziucqFHV1gpAwO1puypwmnCbFdkxKCZYAKjnnOqi7Aj0Kq1O7uP+9N1lFReBFudjEHWKBYB6zmMBiJxWC4DX4n4BtDX2Bn83qHdYAKjnnCrvcUaN0eK+BYEf8DZAF1lFFgDqHRYA6jm3vsxhzojRjdb39/fs1p8bQO2xixdlR6AYYQGg3vNdeA3udR4lRrL1/f1ty+pikvgSng2nui47BsUICwBJ4VZ4pRMliTYe8GM3m11MEl9WkSNj1FssACSFW70gOwJdwUynWn6tVW90MUl8WRv8naDeYgEgKZzyedkR6ArJVOsFoFmrdzFJfNnr/J2g3mIBICm8+gpEwCeeRUUym235tY0qN6rphuY6b4tRb7EAkBQi8OHVuBwwKhLJxKVH/d6c1WjCd1newuTbDbj1DdkxKGZYAEgat8x7ntGhIJ1rfRSgVi53MUv82BsXOAGQeo4FgKSxK7znGSWZfL7l11aLxS4miZ/mOssw9R4LAEnjciJgpGRHhlp+bbnA4eowNQsLsiNQDLEAkDS+VYLvVGXHoEtywyMtv7ZWrsBz+VyAUAgBa50FgHqPBYAkEnDL/OCLikTSRLLl/QAESmuFruaJC7u8isDh7orUeywAJJXDAhApQ2NjLb92Y2W1i0niw1o/JzsCxRQLAEnFDYGiZWhivOXXltcKXA4YguYaCwDJwQJAUnnVRW4IFCFDY2NQVa2l1wZBgPXllS4nGnzNAkswycECQFKJwOMoQISomoqhidZvA6xe5O51nfCsKtwanwBIcrAAkHRO6YzsCHSFsempll9bL5XRqHAlx1Y1V89wAyCShgWApHPLvAcaJSOTE1D11m4DAMDSOf79bVVz9azsCBRjLAAknVM+DyEC2THoElXTMDbV+ijA+uIyHMvuYqLBxQJAMrEAkHTCd+BVeS85Sia3zbX8WiEEls6e7V6YARU4TdgVTqIkeVgAKBLsIucBREl2ZAjpXK7l168uXOAoQJsaa2d5/5+kYgGgSLCLp2VHoO+iYHrn9pZfHQQBLr58qot5Bk9jhd8vkosFgCLBKZ/jPICIGZudgWEmWn792sWLaFTrXUw0WJosACQZCwBFg+/yuQARo6oqpud3tvx6IYCFF48D4LD2zfhWHXaZWymTXCwAFBkObwNEzvT27dATRsuvL29sYH2JE9tupr5yivf/SToWAIoMe4NDolGj6hpmd8239TXnXjzBRwXfRHOVP+skHwsARYZbOQ/hObJj0KtM7diBRNJs+fWu4+DsseNdTNT/GkssACQfCwBFhhAB7CI/GKNG1VRs37e3ra9ZX1rG+tJylxL1N7e2Dre+ITsGEQsARYuzcVJ2BLqGsdlZZIeG2vqapbPneJv7GupL/BmnaGABoEixNl6WHYGuQVGA+UO3QFFae/3k9jnces/dLb8+ThosABQRLAAUKX5zA36Tw6NRlMnnb7osUDcM7L/zCHYdurWtBwrFhRA+GpwASBHBAkCRY/E2QGRt27sXyUz6mn82ND6Ow298LUYmJ3qcqn9Ya+cRuJzoStHAAkCRYxdOyI5A16FqKva85tB3De2rqor5W2/BLXcfgZFofbVAHNUX+bNN0cECQJHjFM9ABFxHHlXZ4WHM7tkNAMjksrjtdfdhasd2ALzhfzP1JS6PpOjQZQcgejURuHA2TsMcPyA7Cl3H3N7dMBImJrbNQlV5HdEKr1Hm9r8UKfzNpUiyN16SHYFuQIGCqR3bePJvQ+3ii9z+lyKFv70USRbnAdCA4f1/ihoWAIok3yrBrS7JjkEUCuG7aK7wYVcULSwAFFlW4UXZEYhCUV86icDnxFaKFhYAiiybBYAGRO3CMdkRiK7CAkCR5VaX4Vsl2TGIOiJEgPpFLv+j6GEBoAgTsNc4CkD9rbl6Dr7TkB2D6CosABRpzbUXZEcg6kjtIof/KZpYACjSnNICfKcqOwbRltXPH5UdgeiaWAAo4gJYq7yCov5kFRbgNsqyYxBdEwsARZ69xiso6k/VhedlRyC6LhYAijy7eA6BU5cdg6htVQ7/U4SxAFAfCNDkKAD1GWv9PDwO/1OEsQBQX7CWn5UdgagtlXP8maVoYwGgvuCUz8O3irJjELVGCNTO8f4/RRsLAPUJgeYyP1CpP9RXTsGzuHyVoo0FgPqGtfqM7AhELame5fA/RR8LAPUNt7YKt7ooOwbRDQWBh9oF7mBJ0ccCQH2lucxRAIq2+vkXELiW7BhEN8UCQH2lufwshAhkxyC6rvKZp2VHIGoJCwD1lcCtwy6ckB2D6Jq8RgXN5dOyYxC1hAWA+k5z+TuyIxBdU+XsdzhCRX2DBYD6jl04zicEUiSVT3P4n/oHCwD1HSECNBe/LTsG0XdprJyGWy3IjkHUMhYA6kuNpadkRyD6LpVTT8qOQNQWFgDqS36zCGf9ZdkxiAAAvtNA9cIx2TGI2sICQH2rvsgrLoqGyulvQ/ie7BhEbWEBoL5lrR2Hb5Vkx6C4EwKll74hOwVR23TZAYi2LkDjwjeR2/t22UG6qlKs4aXnTyHwhewobVEUYNueWcxsn5Qdpavqi8fh1jdkxyBqGwsA9bXG0tPI7n4LFHVwf5Sf/vpzqJRqsmNsycqFAt72gTchYRqyo3RNkVf/1Kd4C4D6WuA2BnpjoHq10bcnfwDwgwCVYv/mvxmnsobGCiejUn9iAaC+Vz//OID+Gh5vlQJFdoSOmcmE7AhdUzzxGCAG82ePBh8LAPU9r16AtXZcdoyuSOdSGBkfkh1jy8amRpAbzsiO0RW+VUf19OCOPtHgYwGggVA//3XZEbpm7227ZEfYGkXBbXftl52ia0ovPYEg4NI/6l8sADQQnNJ5OOVzsmN0xez2CeSHs7JjtG377hkM9/HoxY0I30Xp5DdlxyDqCAsADQiB6tmvyg7RHYqCg3fsk52iLQkzgdvuHuSr/2/AdxqyYxB1hAWABoazfgpu5bzsGF0xvX0C49OjsmO07PbX3oqEOZiT/4LAQ/H44N5yovhgAaABIlA9+zXZIbrmNffeAlWN/qqA+X3bMLtjcDf/qZx8Ep41uEsbKT5YAGig2IWX4JQXZMfoivxwFvtfs1t2jBsaHh/CbffeIjtG1wS+i40XH5UdgygULAA0YASqpx6WHaJr9h/eFdmJdalMEvc9eASaNrgfK6UTT8BrVmTHIArF4P6mUmw5pXOw11+SHaMrFEXFvW+6PXJb65qpBF73vXchmTJlR+mawLF49U8DhQWABlL15YcHdoe2VCaJex+8IzJX2psn/7uRzQ/mhj+XbRx7BIHTlB2DKDTR+AQhCplbX0H94pOyY3TN2OQw7nrgMBRF7q9wJpfGG99xb1/uU9AOt1ZE6cTjsmMQhYoFgAZW7czfIHAH94ptZvsk7nnzYWiqnF/jielRPPB99yGTS0t5/15a+87nuOsfDRwWABpYgdtA9fSXZMfoqpntk3jd2+/u6b13RVFwy+178NrvvStycxG6obFyCrWLL8qOQRQ6FgAaaI3Fbw3sFsGXjU4M483vfC2m5sa7/l5Dozk88NB9OHD7HihK9Pck6JQIfKw+9dmBnU9C8cYCQINNCJRf/AuIwJedpKvMVAL3v+VO3P3AYaSzqdCPn0onceS1h/Cm738thsfzoR8/qjaOfgVOpSA7BlFX6LIDEHWb11hD7czfILfnbbKjdN3c/DRmdkzi/KklnDl+DuViZzvWDY8NYdeB7di2exqqpLkGstjlZS77o4HGAkCxUDv3GMyxA0gM75QdpetUVcXOfXPYuW8OlVINSwurKCxvoLRegefeeCKbpqsYGRvGxOwoZnZMIjc02LP7r0cEPpaf+PTAjxxRvLEAUEwEKB37DCbu/Rko+mA+pOZa8sNZ5IezOHB4NyAEmk0HVsOCYzlwHA8iEFBVBYmkgUw2jXQuFYt7+zdTePZh2KVl2TGIuooFgGLDt4oon/gLDB/6IdlR5FAUpNImUunB3a0vDI2VUyhyzT/FQLxu6lHsNVeeQ3mdk7ro2jyrhuUnPs1Z/xQLLAAUO1a1AMfhpi70KkJg+Yk/hWdVZSch6gkWAIodIQIUChsIgkB2FIqQ9ee/jMbKKdkxiHqGBYBiyfN8FNZLAEd6CUCzXsX6sa/JjkHUUywAFFtW00axzGe7x53rethYvsD7/hQ7LAAUa9VKHbVaQ3YMkiQIAqytbUDwdhDFEAsAxV6xWIZl2bJjUI8JIbC2VoTncbMfiicWAIo9IYC1tSIcx5UdhXpoY70M23ZkxyCShgWACJevBjfgeVweGAfFYgX1RlN2DCKpWACILvH9AKurG/B83g8eZOVKDdVqXXYMIulYAIiu4Hk+VlfX4bMEDKRqtY5yiRv9EAEsAERX8VyPJWAA1WoNFItc9kl0GQsA0TW4rofVFZaAQVGtNbBRLMuOQRQpLABE1+F6HlZW1uH7XCbWz2rVOoobZe76SPQqLAAUO6KN5917l0qA63J1QD8qV2rY4LA/0TWxAFDsaEF7O/95no+VlXWuGe8zxWKFE/6IboAFgGJHD+pQtfZ+9IMgwNrqBhoNq0upKCxCCKwXSlzqR3QTLAAUQwLZdAat3wjYFAiBwnoRlUqtK6moc0GwuZdDu5v8KJwfQDHEAkCxpOsakslU+18ogFKpivVCCQGfHhcpruNhebmwpVs1isvRAoofFgCKrWTKhK5rW/raeqOJ1ZV1PkgmIhpNC8urhS39fei6DsXjEyEpflgAKLYUANlMBkobqwKu5DgulpcLaDY5L0AWAaBUqqCwVoQI2h+RURQF2UwaCtcIUgyxAFCsqaqKbCa95a8PggBrhSKKxQoEbwn0lO/7WFtdR6Wy9eH7bDoNVeXHIMUTf/Ip9gzDQCqZ3PoBxOYe89wvoHeaTRtLSwVY1taXZiaTSRgJI8RURP2FBYAIQDKVhG7oHR3DcVysLBdQ7eCKlG5MCIHiRhlraxsIgq1v02zoemelj2gAsAAQYXM+QC6T6Xg4OBACxVJlczTA42hAmGzbwdLSGqq1zibsqaqKTCaDLU79IBoYLABElyiKglxIJwbbdrC8VEC5XOXcgA4JIbCxUcbKauerLhRFQS6bgary7E/U2Zgn0YDRdA2ZdBa1Rq3jh8cIIVAu11CvWxgdzSOZNMMJGSP1hoVysQwvpKcyZjNpaNrWln4SDRoWAKJXSSR0pEUKjTZ3k7sez/OwurqBVMrE8Egehs5fu5txXQ/FjQos2w7tmKlUCobBSX9El/GTiOgakqaJIAhgWeGdgJpNG5a1hmw2g3w+C63N5xHEQRAEKJeqqNWaECGuzU+aJlIcgSH6LiwARNeRTqYQBAKOE95TAMWlJYO1WgO5XAb5fOcTDweBCAQq1ToqlVrocyYSCQPp1Ba2fSYacCwARNejANl0CjUh4LhuqIcWQqBSqaFaqyOXzSCXy8RyREAEApVaHdVKvaNlfddj6DqymUzoxyUaBCwARDeiKMhm06hW611Z1ieCS0WgUkcmm0Iun4nFHAHfD1Cr1VGtNrpy4gcAw+DJn+hGBv+ThqhjCrK5DKrVOrwure0XEKjVGqjVGkgmTeRy6c2NagZstZrreqhW62jUm119mqKuax0954EoDlgAKH6U9peBKVCQy2VQ69JIwJUsy4Zl2dB1DZl0CplsestPLYwCIQQaTQv1WqOjrXtbpes6ctn2Tv4sChRHLAAUO6q6taVgChRksxnUat0vAQDgeT7KlRrKlRpMM4F0JoV02oSm9kcZcBwXtXpz82q/S8P8r2boOrK5DJR2h062+DNB1M9YACh2FH3rM8IVRUEul0WtVg99YuCN2LYD23ZQ2gASZgKpVBKplAmjw+cXhM1xXDSbFup1q2u3S67HSBjIZdLYyn0TNcFVAhQ/0fr0IOoBJZHv+BiZbAZKowHb7v6Q9pUErigDpc2dC1NJE0kzATOZ6PkudyIQsGwbVtNGo2nD9zvbqnerEokEMh081llLDYWYhqg/sABQrCiKCjU13vlxAGTSaaiKhqYVzo6BW+F7/iuTB4HNQpBMJGAkDCQSOgzDCHV5oe8HcBwHtu3Cth04jiv9WQepZBKpVGdP9jNy44CibG7UQBQTLAAUK0pqYkuTAK8nlTKhagoajUYkzh2+56PuNYErtjFWVRW6ocHQNGi6Dk1ToakqVE2FaSauOQHO9wP4vg/X9eB5HhzHhet48CRd4V+LAiCdTsM0E50fS0tAz4zCq613HoyoT7AAUKzo+fnQj2kmEtBUFbV6HUEQgRbwKkEQwLEDOLh6zoKqqUgYBiAAPwgQXPpH9lX9zVx+qp8e4p4J5vhuFgCKlfhtPUaxpg8f6M5xdR35XA6a1l+dOvA3n3dg2TZc14Xv+5E/+WuahqF8LtSTPwAkp/eHejyiqGMBoNhQzRFoue3dO76qYiifgZngQ2e6xUwkkM9lu/L8BHNsF7Rk5xNEifoFCwDFhjF5dw/eRUEmk0Imk25/LTpdl6IoyGTSm9/Xbm3aoyjIzPfiZ4QoGlgAKBYUPQNj8kjP3s9MJDCU779bAlGkaRry+RzMROeT/W4mPX83VGPrywmJ+gkLAMWCue0BKGr3TyBXUjUVQ7nM5nPoORjQPgVIJs3NItWjRyaruonc/jf25L2IZGMBoIGn5bbBmLhDzpsrClKpFPLZbM9OYoNA1VTkszmkU73foS8zfw8Sw7M9f1+iXuMnEg02LYnkrndB9iW4rusYGsojlUyCz525PgVAKmliOJ+T9wAkRcHwkfdC1Xs7YkTUaywANMBUpHa/G6o5IjvIK1KpJPK5PPSI7eEfBYahI5fPIZVKQXphy45i6PZ3gW2NBhkLAA0oBebOt0Ef3is7yFU0TUU+m0U2m+nKcrZ+o6oqspk0ctks9B4/y+BGUjMHkT/4VpYAGli8DKEBpMDc8RYkJu+SHeSGEoaBxJCOpmXDtmwEEd+AJ2yKoiCVTF53O+IoyO6+Hwg8VE58jc8JoIHDAkADRVFUmDsfgjHRuyV/ndk8CSZNc3NHPsuGwGCfaBRFgWkmkDKTUNRonvivlN37BihGEpWjD0OIQHYcotCwANDAUPQ0UnveC60L+/13m6IoSKWSSCZNWJYFy3YivyVvuzZP/CaSpgm1D078V8rsvBt6egQb3/7vEK4lOw5RKHgDkgaClt2OzKF/2Jcn/yspl5YNDg3lkU6lBmKOgKqqSKWSGB7KI51K9t3J/zJzYg8mH/goEsNzsqMQhYIjANTfNAPm7ANITN8H2TPHw6QqCpJJE2bShOu6sCwHnnf10/yizNB1mKYJwzAGZh6dlhrG+Ot/ArVTT6D60qMQgSc7EtGWsQBQn1KgDe9FcsfboJrDssN0jYJLkwUNA34QwHFs2LaLIIjmvWhVVWEmEjDNxECMXlyToiC79/VIzR5E+ejDsNZOcYIg9SUWAOo7WnYOiW1vhp6blx2lpzRVRSqZQiqZgud5cBwXjiu/DKiqCsMwYCYM6Jo+SAMxN6SlRzF674/CLpxG5fhX4JaWZEciagsLAPUNLTuHxOwboQ/tkR1FOl3Xoes60kjB9324rgfXdeF6PRiSVhQYugZD12EYBm62w6gAAB89SURBVLQIrd2XwRzfjYk37Ia1cgK1k4/BKS3KjkTUEhYAijZVgz58AObUPVCz22SniSRN06BpGpJJE4CA5/nwPA+e58P3ffgdjhCoqgpN12BoOjRNg2FoiM1lfhuSUweQnDoAp7iA+uknYa2cgIjorRoigAWAIkpNjcEYux3GxGEoekZ2nD6ivDI6cJkQAkHgw/cF/MCHCAQCIS4tMxSvfJ2iAKqiQlEVaKoKVdWgaWpkN+mJqsTIDiTu2oHAqqJ+/lk0zj8Lv7EhOxbRVVgAKDIUIw9j7CD00UPQMjOy4wwMRVGgaTo2R+oN2XFiQ03mkNv3BuT2vQFO6SKaF4+iufQiAqsqOxoRABYAkkqBlpqANrIX+tB+aFmur6bBlBieQ2J4DkOH3g63eAHN5Zdgr74Et1bgCgKShgWAespLbIM78Xao+XmMGGvQzJzsSEQ9ZYxsgzGyDTj4PfDqZWz40/DWT0Gc/Wsoda4koN5hAaCu8vVx2OPfC2PmPozNH8LUrt2v3FM+9siXMYJzkhMSyVPL3YHb3/AgAECIf4Hl06exfvoorIUnoSw8DDQLkhPSIGMBoFD5ehbO8FuhzbwWI/OHMbN333U3hLn1TW/F0S98GmNp3hOl+Ck0hvCadzz4yv9WFAUze/ZgZs8eAO9GEPwrLJ18Ceunn4Nz7nGIhS9B9RryAtPAYQGgjgRIwB55I5TJN2Jo5+2YPXAQRiLR8tcfePDdOPPVTyGX5paqFB/lRgIH3/LuG75GVVXMHbgFcwduAfBDcG0bF08cQ+n0s3AWHoW+9BiE7/QmMA0kFgBqixAKys44xI73Yvzgg9h+4BBS2eyWj2eYJibueAfKRz8H0+BkKBp8TUfBzN0PQTfaW5FhmCbmD98BHL4DwEfQrNZw8fjzqJz5DhrP/QmS7gUonFBIbWABoJuqucO4WJ7G+VUTC+caqFUtfPhX7sSeu+4L5fgjU1OobdwPsfJEXzwfnmir/ABI7ngDhsbHOz5WKpfF3nteC9zzWnzijx+BU09j+1wKMyM2JhJLSIlSCIlpkLEA0FUsL4Ol6izOr6Zx7oKN4nodwOV/Ni2fWwj1PbcfvBXHiwXk3Ze48QwNJCEEGqlbsX///lCP69o2NlZWIYIAxyoWjgEAhjA2Poe5GQOzQw2Ma4swUAv1fan/sQAQXGFiqTqHC2s5LFxwsbpSBWBd+ufaLp48FXqOW173AI5+qYgxkzOfafBseNO47b7XhX7cCydPXXPL4fVCDesF4DkAijKOial5bJvWMZOtYlS7AB126Fmov7AAxJAf6FhrzuH8+v/f3n2HR1WlfwD/ziSTnpCQRgghPZBCgJAEUFQWZUHWtmxxi7u6ruuusv4oCouCCij2tSDNKAKLCK4apQWJGBCkpfc+6WVSJmWS6TP3/v5g0UXIkjIzZ2bu+/mHB5jc830eSO57zz3nPePQ3MqhrVUBjtMDGH670paqarNki7/jHpSfOIjxbrTamdgPucoDCYvvMsu1mytv/L3I8zw6ZQPolF3+vVgchIkTvTAxAJjg0QcfUSvEMJolH7FeVAAIAGc0oqm8GmUtCWiWidDSNACDwQigd9TX7OvqxkBvLzx9fEwXFJe3QkXPX4r60wfhRTsDiB3oUzlh6u1LzXb95lEU4xzHo6WlHy0tACCCRBKG4GAPBPvzcK6sQViSL8QCP+VRCKgAsEM8z0NWW42q7DxIi8rRWNMEjVpv8nFaqmoQOyfV5Nd1cnHGxNS70Zl3CG7OdJoasV1KjQNC5tw94hX/I9FSVTPma+j1BjQ09KGhATiXsxXOrmkInxKKyOmxmJKajMCIKFqbY4dEyp5W2jdi43ieh7y5CdU5uagtLEN9ZQOUA2qzj3v33x7Boj/9wWzX72puhqo6E050fg2xQRqdCOPi7sT4ieY72Eqv0+GpBUtg1Ju+wP9vnl5uCI8LR+T0eMSkJMN3UohZxyPmx3GckWYAbFRfpww12bmQFpZCWiZFf6/lV/hKi0vMen3/kBC0qG6Gse0caDaS2BK9UQSX8NvMevMHgMayCrPf/AFgQKFC8cUyFF8sA977N3z8vBARG4nImfGISUmBl3+A2TMQ06MCwEao+npRnZ2D2sJiSMukkHew3+NbX1wKnuMgGqLVrylMmjIVUpUSLooiiEU0WUWsH8/x4HyT/9PS17ykhcVmH+N6ersVyDtbgLyzBQA+gt+E8YhMiET0zGmISk6B2zhvJrnIyFABYKW0qkFIc/NQnV+EurJadLR0g7eyLl/qQSXa6xswMTLCrONEzpyFqgtqeOoq6T0ksWocAJX7NEQnTrfIeNIiNgXAj3XLetAt68GlkzkQiXYjaJI/whOiETMrERFJyXB2c2MdkVwHFQBWQq/Vob6oALV5hZCWVqO1vh0cZ103/OupLSg2ewEAAFPmzkP5GQ28+QYqAohV4nkeA45RmJpimg6ZNxyP41BfUmaRsUaC53m0NXeirbkT546fg4ODGMHhQYicFoOopBkInz4TjrSwxyrQIkBGOIMezeXlqM7NQ21JFZpr22DQ2962t5kL5uPPL2+02Hil32TAV0JnphPr02OchPifLLLYeA1l5Xjj4ccsNp6pSJwcMTkyGJGJUxGTnIRJcfG05ZABjuOMVABYCM8Z0VpTjZqcPNSVVKKhqhlaje2f5OXq6YFXM48MeeSvOZR8fQh+1C2QWBG5PhAJt5un0c9Qju/ai2NpH1p0THNwcZUgLCYUEYmxiEmehaCYGJrlswAqAMyI53l0NtSjNicXNUXlaKhshEo5dGtdW/bkrh0IT4iz6JglmV/Cz0Vu0TEJuR651h8JC++x+Lhv/mUZ6opLLT6uubl7uCI8NgyR02MRnZwC/9BQKgjMgAoAE+tpb0Ntdg5qC0shrajHQJ/yxl9kB5b85U9Y8shDFh+35EQ6/FxH382QkLGSa3yR8NP7LD6uelCJf/z0bnBG+2/f6+XjgYjYcETNSEB0Sgp8gsy7tVIoqAAYowF5F2py8lBbUIK6slr0dCtYR2IiPCEOT+7aYfFxeZ5HWWY6fF3Zb4kkwtOtGY9pP/05k7ELsk5j19PPMxmbNd8Ab4THRSB6ZiKiU1LgMX4860g2iQqAEVL3K1CTl43aglLUldais52moIHL/fs3H0uHly+bb8SSzHT4udBMALEcudYXCQst/+R/xZ7nXkDuiZPMxrcmgRN9EZEQjagZ0xCdnAIXL0/WkWwCFQA3cHkvfj5qCopRX1aD9pYu8DawNY+F3z79FG6+725m49OaAGIprN75X2E0GLB20T1QDwrjFeNIiMQiBE0OQGR8NKKSpiNiZhL1IBgCFQA/otNp0VhQiJp829qLbw3i5qbi8bdfZ5qh9OvD8HXuYpqB2De5LhAJd1h2tf+PVVzMxrblq5lmsBU/7kEQljgDEmcn1rGsguALAM6gR2NpKWryCiAtqUJzbet/jsklI+UgkeDVE4fg4u7ONEfZqa/gI26hVcPEpHieRx8mI+62n7KOgoOv/BPffXGYdQyb5Ci50oNgCmKSkxASFwexozCbEgmuAOA5I1oqq1Cblw9pcQUaq5uh1Zr/IA2h+MPzz2D2Ess1QhlKxXenMM5YB6oBiClwAAYcozH1pltZRwFnNOKZJT/HYF8/6yh2wdnFCWFTQhAxbSqiU2YhODoGIrEwmhLZfQHA8zw666SozslDbVEF6qsaoFFpWceyW7FzUrHsHbavAa6oyb4AN1U5LNifiNghnuOh8khEVHIq6ygAgNLvzmPnk0+zjmG33NxdEDY1FNHT4xCVkoyAsHC7nU20ywJA3tyE6pxcSIvLUV9ejwGFinUkwRCLxdh8LB2e431YRwEANJQUQ9ydA4kwCnpiYjqDCKLAVEyOT2Ad5Xt7nt2E3MxvWMcQDE8vd4THhSNqejyiU5PhGzyJdSSTsYsCoL+zAzU5OZe35pXXoa9ngHUkQfvlqv/D/Pt/wTrG92T1dVDVfgtXZ451FGJD1FoxPGIWICA0lHWU7+nUGqy9817o1PbZUdQW+Ph5ISI2EpEz4xGTkgIv/wDWkUbNJguAwZ4e1OT+Zy9+uRTyDmoCY00mT52CNXvTWMe4Sl9nJzoLM+DpQgs8yY0p1I4ImnUXvPx8WUe5ysWjx/HRC6+wjkH+i9+E8YiIi7jcgyAlBe4+1jH7ORw2UQBoFAOoyc1BbWEJ6kpr0NFGe72t3dp9uzApJop1jKuoBwdRf/YQfNzp6YkMrUflishb7oOLu/XtHbfX3v/2QiQSITDYFxHxUYiaebkpkbOH9TYlssoCQKtRoS4vH7X5RZCW1aC9qZOa79iY2361FL96ajnrGNfgOA5lJw/Bz6WHdRRiZXieR4/OH/G33w2RFa4cldU3YPNvHwLP089CWyEWiTAxLBDh8TGISZqOsKQZcHaxnsLSagoAo96AsrOnkff1d6guqYHRQO9rbZmbpyc2Z6RD4mSdDTcqvzsFT0Md7RAgAC6v9B9wnoIpc29hHWVI6W9vQ9aBf7OOQcbA0dEBMdOjkLzwVsTNu4V5/wHmBUCvTIYLXxxC7qlLGFSoWcUgZvDHDeuQeif7pilDaSorBS/LhpOEef1LGNLoRHAMnouQ2FjWUYak1+mw/q5fQNkvzMPG7JGnlztS7piDm5feC08/fyYZmBUAstpqZO3/FMWXyqjVrp0KjY/F6g93so7xP/V1dkKW/xXGuVEzKCHqVzlhYvISq1vs92MXDh/D/s2vsY5BzEDs6IAZcxOw4Hf3IyA83KJjW7wAkElr8NWH+1GeV2WpIQlDqz/cidB4632yAi6/firPOgxflx67bfhBrsbzPHq0fohdcBccHB1Zx7mhlx/4M1pralnHIGYkEouQODsei/70APwmW2brqcUKAEVXJ46n7UH+uUJa0CcgKYsX4sGN61nHGJaqC9/BXVMFB2oaZNcMRkDjHofo1LmsowyLtLAYb/31CdYxiIU4OIiRensqFv35QbiN8zbrWGYvADiDHt8e/ARZn2ZSz30BcpBIsOnLTzDOyqdYr+hqakJPxSl4uRpYRyFmoFA5wnfaHfALDmYdZdg+WPssCk+dYR2DWJibuwsWPXAP5tx3n9lmJs1aADSVFuPTt95HR2u3OS5PbMTCP/4O9y77K+sYw2bQ61Fx6hh8nbvplYCd4HlArvND3PyfwUFi/VP+V3Q2NePF+/8IjqNdUUIVFj0Jv3xyGQLCwkx+bbMUAAadHid27cLZw2fA0Z5VwXP1cMcLhz9lfkzwSNUV5EPcUwhn2iVg0zR6MUT+SQhLnM46yoh9/NLrOH/oKOsYhDFHiSPu/P3PMO/++036UMJxnNGkO6E7Gxqw9e9P4dtD39LNnwAA1INKnPvyCOsYIxYxMwl+ST9Hj8q2ChfyA7nKAwHJS23y5t/fLUf28ROsYxArYNAbcGTPIexa8yyUvb0mvbbJCoDCzEy8u+J5tDV1muqSxE5kffwpDDrbWwPi4eOD+MW/waBLHGwwvmBpdSKo3BORsPh+uI8bxzrOqGR9/IlNfs8Q86kukeKtx9egsbjIZNcccwHAc0Yc2boDH7+5G1qNzhSZiJ3p7+7G+cO2O5UZnToX42cuRY/Ketp4kuuTqzzgn/wLRM5KYR1l1AZ6e3E2/RDrGMQKKXoHseOZ15F9+LBJrjemAkCrUmH3Mxtx9iitUiX/W+be/Tb9ROM53gfxi38LlXsi1FrqIWxtlFox1F4zLz/1e9vmU/8VJ/cdpCN/yZA4gxGfbT+Ao9t3jPlsiFH/JFP29mLnqnWoLKwZUwAiDH2dXTh/+BjrGGMWOSsFk275LeRaf3A87RJgjed4yHWBCL31d4iYkcQ6zpgN9vbhbPqXrGMQG3Dm8Bkc2PQSjPrRb1seVQHQ1ynDtpXr0dogG/XARHgy9+yDXmf7r4mcXFyQsPAeOIYuQJ/KOg88EoJelTMkkYuQcMddkDg7s45jEpl799PTPxm2wgul2Lt+I/Ta0f1cHXEB0NPehh2rnke3jI5UJSPT19WNM5+ms45hMoFhYYhd/Aeo3BOh1FALQUsZVIuh9pyJuMUPwD8khHUck+mVdeDs5/T0T0amsqgWe9ZtGFURMKICoL+zA++t3ojebjqViozOiT37oR5Uso5hUpGzUhC+4AH0icKh09NrAXPR6kToF0cgcuGDiJhp+9P9P3bs/d12MUNGLK+mtB7/em7TiF8HDLsAUPX1Iu0fm+jmT8ZEpVDg5L6PWccwOQdHR8TesgCBc+6HXB8IvZF1IvuhM4gg1wch6KbfYOq8n0Astr9FmLL6BmRn0L5/MnpVRVIc2PwKeG74P3yG9Z2k02mxa92L6GqnaX8ydqcOfoa+LvtsEe3i7o6E2++CX/Kv0aOfgDGszxE8vV4EuWEiAlJ/jYTbl8DZzX63YaZv2U4tf8mYFV8sw+F3dwz78zcsAHiex8EXXkWztG1MwQi5QqfR4Mj2NNYxzMrN0xPxt/8M/in3Q64Pgs5ArwaGS6cXoccYjIA5v0HCgjvh6uHBOpJZVVzKQcWFbNYxiJ04d/wczn32+bA+e8OzADI/2IWTn500STBCrhCJRFi9+z1Mjp3COopF6DRa1OVdgMNgIzzotMHrGlA7gPeMQMSs2Xazqv9GeI7Dyw88jDZpPesoxI6IxSI8smklopKHboh1w7MAKr47g28+/8bk4QjheR6fv/Uu6xgW4+TijKk3z0f0ogeh9U5Gj8oVdFzGf07qU7pB7zsbMYsewpSbbhXMzR8Azn15hG7+xOQ4jsf+V3agr/N/b9UfcgagVybD28vWQq3UmiUgIQDw4Mb1SFm8kHUMJnplHWgtz4eLQQZ3F2G9/1VqHKCVBCE4fia8AwJYx2FC2a/Axl/+HioFLawm5hEaHYzH3n4VYodrtykPeRwwzxmxc9UzqK9sskhIIlzj/Hzx7KcfwcWOF3gNR3NFOfqbKuDl1AeJnbYU0BlEUOi94RMWh0lTprKOw9yBl1/HuS9t94wMYhsWLL0dix995Jo/5zjO6Hi9L/j2wCd08ycW0d8tR8b7u7F0+TLWUZgKiY1DSGwcjHoDmitKMSCrg7uoH67Otj0zoNaKoeS94RUUiUmxcXBwvO6PHMFpLK/E+cMZrGMQATj9RRZi56Qg9DrHYl8zA9Dd0Ig3n1gPA+1fIhYidnDAP/amITg6inUUq8LzPLL+tRf9jSWYHO6PoODxEDta9/SA0cChvbkb9bUyDGgkuHfFKvgFT2Qdy6pwHIfXHnoULVV0jgqxDL8J47Hyvbcgcf6hdfk1rwB4nsd7K59GXWUjk5BEuELjpuKpXTsgssMmL6Mhb5dh38aXUFvww9nfEidHBIf6Y3JEICZHBCJoki+cnNg+UWu1erQ3daOprgNNdR1obeqGwfBDIxJnV1f8/P8ew7yl9zJMaV2+2f8JvtiynXUMIjDz752PJY/99fvfX1MAFJw4gQNv7WGRjRD86snluO3XS1nHYO7i0eP47J9boFGpbvhZH19P+E/wRkCQD/wneMM/0BtePu5wdpaYNJNWo0N/nwrdsl50tvehU9aLrvY+9PUODuvr426ajQfWr4WX73iT5rI1vbIOvPibB6FVq1lHIQLj4CDGii0bERh5eab1qgJAp9XgtYeegGKY39CEmJqLmxvWHdgDnwmBrKMwoRoYwIGX3kBB1ukxX8vZxQmeXq7wHOcGL293uLo7Q+LkCInEARLJ5V8dnSQAz8OgN0CvN8KgN0KnN0CvM0A1qIGiX4WBfiUG+9XQavVjzuTh443fr1uDabfcPOZr2artK9eg/Pwl1jGIQEXGhuLRN1+GSCS6ugD4Zs9enDj4Fet8ROBiZ6dg2ZY3WMewuJr8Qux9/kX0dXaxjmJWIpEI85beg1+seOJyASIgF48ex0cvvMI6BhG4P679CxLmL/ihEZC6X4HTh7JY5yIEFZdycOGIcFZHcxyHY2kfYsuylXZ/8wcurzM6+/khvPbQo5A1CGetUX+3HOlvb2MdgxBk7P4MnOHyjJ4YAE4f/ARaNR1DSaxD+ttbBXEz7OvqxpbHV+D4rr3gBXYQTJu0Dq899Khgir2Dr7wB1cAA6xiEoLujF9lHjgEAxFrlIC58dY5xJEJ+oB5UYt8LL4O341655ecv4ZUHHr5qlb/Q6NQa7H/xVezdsBk6tYZ1HLO5cCQDJWfPs45ByPeyPsuAXquDwy3hIRsq8ytY5yHkKvLWdniMG4ew+FjWUUyK4zgc2fEBPnntTeg09nvTG4m2WimKTp9F9KwZ8PTxYR3HpHpkHUhbvQ4G/dgXURJiKhq1DuO8nUQOESKXDRoV9fsn1qcmvxAzfnIrPLy9WUcxCYW8B+899TRyvspkHcXqDPb141LGV/AOCMAkO2kIxfM83l+zDp1NzayjEHKNnjaZyGGaz4QNrIMQcj2c0QhpUQnm3rXkuodZ2JKa/EJsfWIV2uvo5LehGA0GlJz5Dv1dXYidnWrz/+Yndu/DxaPHWccg5LrUGh0cUoNDN7AOQshQBnp6oFWrETc3lXWUUTu57wD2bXxpWI19CNBcWY2y8xcROycVbp4erOOMSn1pOT7a9LLgFncS2yESi6kAINavsawCk2OnIGByCOsoI6JRKrH72U349t/pdr2g0RwUcjmyMzIxMSoCASGTWMcZEfWgElufeBLKfjrml1gvKgCIzai4mI2URQvh4u7OOsqwtNfVY8uylagrLmUdxWbptVrkfZ0F8DyikmZAJBKxjjQse57dhPqSMtYxCPmfRGIx6OQVYhOU/Qp8uH4jOKPxxh9mLP/kKbz+8N/Q1dzCOorN4zkOGR/swc5Va6EesP425d/+Ox1Fp8+yjkHIsNAMALEZvR2d0Gk0iJ2dwjrKdXEchy/f3Yn0t7fCaKDjtE2pq7kFBVmnEZOcBM/x1rlVsLGsAruf2wTOSO/9ifWjVwDE5tSXlCEoMhxB4WGso1xlsK8faavXIeerr1lHsVsqxQAuZZyAX/BETIyMYB3nKsp+BbYsWwmVgrr9EdtABQCxSRUXsjF9/q3w8B7HOgoAoLmqGu8uW4mW6hrWUeye0WBA0akz0KrUmJoyyyrWBfAch7Q16+jfn9gUWgNAbJJGpcJ7q5+BelDJOgqyj2fizUeWoUfWwTqKYPA8j2/2H8S25auhUrBfaX9oWxoqs3NZxyBkxKgAIDaps6kZe57dxGyfNcdxSH97G/61YTP0OjpIi4XK7Fy8+uCjaK2VMsuQ/3UWvtl/kNn4hIwFvQIgNquruQUGvR5TU5MtOq6yX4G01c8g98RJi45LrqUeGET28RMICAlBUESYRcdurqpG2up1tOCT2CRaA0BsXl1RCXwnBmFSjGX6x7dJ67Dl8RVorqq2yHjkxowGAwqzvoVRr0dMcpJF1gUo5D3Y8vgKavZDbBYVAMQulJ2/hJikGRg/IdCs4xSeOoMdq/6Bwd4+s45DRkdaWIyWqmokzLsJjhKJ2cbR63TYtvwpdDQ0mm0MQsyNFgESu2DU65G2Zp3ZGu/wPI+M93dj19PP2fW59fag5Ox5vPHwY+hqaTXbGP96fjMay+gIdWL7qAAgdkHZr8D2FWtM/nSuU2uw6+nnkPHBHurnbyNk9Q14/U9/Q1V2nsmv/eXWnSjIOm3y6xLCAr0CIHZDpRhATUERUhbdAQdHxzFfr0fWgXf/vgo1+YUmSEcsSa/VIjfzJFw93BGWEGeSa5757Asc3bnLJNcihDVaA0DsTn9XN1qqazFr4QKIxKOf4JIWFuPdv6+CvK3dhOmIJfE8j/IL2ejr6kbc3NkQj+H/Q9Hps9j/wis0C0TsBhUAxC51Nbegp12GxNvmjWpF+IXDx7DrmQ3QqlRmSEcsrbmqGrUFRUiYdxOcXFxG/PXSwmKkrVlP2/2IXaECgNit1hop1AODiJs7e9hfw3McvtiyHYe3pzFrMETMo0fWgYKs05iSMmtEhwm1VNdi2/KnoFWpzZiOEMujAoDYtYaycvA8j5hZM2/4WY1SiffXPovsjEwLJCMsqAcGkXM8ExOjIhAwOeSGn+9obMK7y1bSXn9il6gAIHavtqAIEmdnRE6fNuRnulvbsGXZKtSXlFkwGWHBoNcj/+QpSFycEZE49P8JeVs73nl8BRRyuQXTEWI5VAAQQajKyYOzmysiEhOu+TtpYTG2PrGKDvMREJ7nUZmdi96OTsTfNOeaxYG9sg6889hy9HZ0MkpIiPlRAUAEo/JSLpxcXa566ruUcQIfPP08LfYTqJbqGkgLi5F4682QODsDAHo7OvHO4yto9wexe1QAEEGpzM6F2MEBkTMScXTnB0h/Zxst9hO4nnYZCk+dQdzcVGiUKrzz2HK6+RNBEInFEC1LvZU2thJBCYoIR3tdPesYxIq4eXlB4uSE/u5u1lEIsQixowPG3i6NEBtDN3/yYyoFrfQnwkNnARBCCCECRAUAIYQQIkBUABBCCCECRAUAIYQQIkBUABBCCCECRAUAIYQQIkBUABBCCCECRAUAIYQQIkBUABBCCCECRAUAIYQQIkBUABBCCCECRAUAIYQQIkBUABBCCCECRAUAIYQQIkBUABBCCCECRAUAIYQQIkBUABBCCCECRAUAIYQQIkBUABBCCCECRAUAIYQQIkBUABBCCCECRAUAIYQQIkBUABBCCCEC5CgWiVhnIIQQQogFiUUi/D8YuJAM4txSawAAAABJRU5ErkJgAA==',1,'Lperez@gmail.com'),(5,'Camilo','Camilo90','k+k3SqAXKkI5oMhtAwL4v6Ua6Y2/cEYNW01uTGgX90mfi4YtcFNTTjLYej8zHyM=','5f9c04c4be8a14b45bbcf09ceeb3548357aa655ca221df7c344f2e53ecb6e417',3,'iVBORw0KGgoAAAANSUhEUgAAAgAAAAIACAYAAAD0eNT6AAAABHNCSVQICAgIfAhkiAAAAAlwSFlzAAALEwAACxMBAJqcGAAAIABJREFUeJzs3XeYVNXdB/DvOdNndnfK9gLswlKFpQoIFqxg75qY2BJNMSYxRdM1MVGTGNPeWBKjUV+jib7R2BB7RSyAIoj0he3szszWmdlp57x/gAgCy5R750z5fZ4nz6Mwc+43uMz5zbnn/g4DISSrSSmZ7OqyD1tkmWCyVMZRamAokwylkCiTEKVgvExK2DmTZkhmkUyYpWQWLpkZXJiFgAWcm7kQZnBYBLgZQlgASHAe4RARCIQF5xEIEeEcYQgeEVyGGWSESR4Bk2EhWYQxEYCED4x5GZiPSemNS+ZjBunlkvlsIXhZbW1Q9Z8bIWRkTHUAQgqZlOvMw/0lo2MxXs8Ya2CQ9ZCoB2NVkCgTHKUQKOMcFtVZkyGAYQBeLuADgw9SdoKx7VKiWRrkdiMzNludba2MzYmqzkpIoaICgBAdSSkNod7OujiLNzCweiZYA4B6KUWD5LwBQtRyzgvy76EQQgBoY2DbGWPNALZLJps5eDMgt9vcNW2MMaE6JyH5qiA/eAjRw8BAexmLi2lc8iYATQJyGsCmcsCmOlsuEhABgK/jkGsB9iED+zDCY2tdrtF+1dkIyQdUABCSJCE2WYJ9tkmAoYlBTgNkE8CaAFSrzlYIBNDOIT8E5FoB/iFk/MMiz8BGxqZGVGcjJJdQAUDICKSUbLi/dVxc8IUMWAjgCCHkJM65UXU28ikhEOXAx4LLFQx8uYHz5VZnZTNjTKrORki2ogKAkL1Iuc4c8rtmC2ChhFzIgQVgvEJ1LpIK2SWB5UzI5YBcbi/tfp82HRLyKSoASEHr62vxGAVfwMSuCV+Cz821HfckMQIIMSHfZQzLJeTymEGscLnG9KrORYgqVACQgiLlSlOot+YIKcTJAFsCjhmqMxE1hBCSM6wG+DIGPGvz1LzDGIupzkVIplABQPJewNtaJxlfAsiTGZMnALxEdSaShQT6JMfzYHIZorFlRRX1naojEaInKgBI3pFynXmoz7mQS34yIE8G2FTVmUgOEvgAkMsY58/a3B0raP8AyTdUAJC80NfX4jHG+FmSyTMYw/EMvEh1JpJPxICU7EUw+UQEkSc8nnH9qhMRki4qAEjO8vu3Os0wn8nALxQCJ3IOk+pMJP8JgQgYloHhkeG4+cny8vJB1ZkISQUVACSn9PT0FFt55HQAF0JiCecwq85ECpcAhpmUSznwiDVieJpXVwdUZyIkUVQAkKwnOjsdw+b4qQK4UDJ2CgesqjMR8lkCIsjAn2aM/ds2GHuWjx4dUp2JkJFQAUCykpTSEPC3LQHjl0iI0zi4XXUmQhIlIYaYYE9Kxh5weGpeoEONSDaiAoBklaC/Y4yU8suC4UscqFWdh5B0CSF2MM7uYUL+w1E2qk11HkI+QQUAUU7Klaagr+YMcHGlEPKkQj0el+Q3IYTg4EvB5d12d+1SajpEVKMPWqJMqK+lUQh+BaS8nPrtkwLTCSn/wbnh7zZ3dbPqMKQwUQFAMko2N1tDJeazJXAlGI5VnYeQLPAik/Jum6fvv3SkMckkKgBIRgx2dVVyU/xqSHwdHKWq8xCSdYTokZzdLoz8jpKSmh7VcUj+owKA6GrA2zHFwOPfFYJ/kU7ZI+TQBDAMyPtNMfzeWlG3SXUekr+oACCak1Kyob62RTzOvweOU1XnISQXCSEkGJ40MP47m7tmOWNMqs5E8gsVAEQzUq40Dfmrz+cQ3wPjs1TnISRfCOBdg5S/s3lqH6enB4hWqAAgafN6vSUWNnwlGPs2B0apzkNIvhJCbOec/8EeNd7LKiuHVOchuY0KAJKyvr4dblPc+D0w8U2Al6jOQ0jBEOiTXP5xWFj/UFZWNqA6DslNVACQpHm93hIrH76GgX0XgFN1HkIKloBfctzqiBr/QisCJFlUAJCEic5OR9AivskErgWHR3UeQshuQvQwxn5tDYg76RAikigqAMghiZYW27CDf11K+UNwXq46DyHkoDoB3GxzBe7mfEJYdRiS3agAIAclxCZLqM9+BcB+AqBadR5CSGIE0Mol+5Xd0/EPxuZEVech2YkKALIfKVeaAv7qy6QUP+Wcj1adhxCSGiFEMzOwGx2u2v9ljMVV5yHZhQoAso8hX/tixsQfAD5ZdRZCiEYE1gqDuKbYPepl1VFI9qACgAAA+nvaJhoZu4069xGSv4SUjxsNxu/bXFXbVGch6lEBUOB6e5tdJmm+XgrxTc65UXUeQoi+hECEQ/4+KC03l5eXD6rOQ9ShAqBASSkNQX/bFZD4FTgvU52HEJJpsksy/Njhqr2fMSZUpyGZRwVAARrsbT2Wx/kfwdGkOgshRDEpVjHGr7F7at9UHYVkFhUABSTU1zU2Fo/9jjN2tuoshJDsIoF/c+A6u6e2RXUWkhlUABQAKVeaAr3V10qB6zmHRXUeQkh2EkCISXm9w1P7Rzp1MP9RAZDnAj0dh4PJe8AxTXUWQkiOkGK15OzLRe66D1RHIfqhAiBP7e7b/0spxLc551x1HkJIbhFCxDnYrbaguJHOF8hPVADkoSFf+2IpxV2c83rVWQghuU1KbJFcfKXYPeoV1VmItqgAyCP9/W2lxhj+AMYuVp2FEJJv5N+jPH6dyzWmV3USog0qAPKAlJKF/B2fk1L8iU7rI4ToR3ZB8KvtpdWPMcak6jQkPVQA5LiAt7UOnP8VwCmqsxBCCoOQ4r8sHr+qqKK+U3UWkjoqAHJY0Nd2vpTsr+Bwq85CCCkwAj5wfNnhqX1CdRSSGioAclBPT0+xnUf+BIbLVWchhBQ2AfnXohD7LqutDarOQpJDBUCOCXhb50nwfzKOcaqzEELIbhslw0VF7trVqoOQxNHz4TlCSmkY8rf9VADLafInhGSZiTKOt4d8bddKKWleyRG0ApADQr2d9fF47H8Z50eqzkIIISOSeBlSXOooG9WmOgoZGVVqWW7Q136RkLE1NPkTQnICw3EA/zDg7ThXdRQyMloByFJ+/1anRVhuB2dfUJ2FEEJSdK89avw2q6wcUh2E7I8KgCw06OucyiAeYwzjVWchhJD0iPWxODvHWV63UXUSsi+6BZBlgr62C8Bib9PkTwjJD3yK0SDfC/S2n6U6CdkXFQBZQkppHPK33yYZ+zcHd6jOQwgh2uHFkHg84Gu7SUppUJ2G7EK3ALLA4GBnBY+If4NhkeoshBCiL/F8zMAucjrrfKqTFDoqABQLeFvnC87/jwO1qrMQQkgmCCF2MAM/hxoHqUW3ABSRUrKAr+1rAvx1mvwJIYWEcz5GxvHWUG/bZaqzFDJaAVBAtLTYQg7D7dTLnxBS6ARwl8MVuIbzCWHVWQoNFQAZFvC21IKxJ8D4bNVZCCEkGwjgbUQMZxVXVe1UnaWQUAGQQUP+1ukS/Bla8ieEkH0JIbZLGE4tKatZrzpLoaA9ABky5GtfDOBNmvwJIWR/nPN6A5dvDfa2Hqs6S6GgAiADhnztV0opnmHgRaqzEEJIFnMizp8b8rdeojpIIaACQEdSSh7wtt3CGP7GOafmF4QQcgicw8TA7x/yt90gpaTb1DqiP1ydyOZma8Bpvo8BF6rOQgghOUniAbun90rGpkZUR8lHVADoYGCgvYzHxH8Z+ELVWQghJKdJvBI1xM51ucb0qo6Sb6gA0Fior6UxHjcspcN8CCFEK+Jjzoyn2NzV21UnySdUAGgo4G2dB/BnwFGqOgshhOQVKbol5ydT+2Dt0CZAjQT9HcdIjhdp8ieEEB0wXsGkeCXoa1ugOkq+oAJAA0O+jiVxyGX0mB8hhOiJl8SZfH6wt/U41UnyARUAaQr0tp8tpXySA1bVWQghJN9xcAfifOmQr/VU1VlyHRUAaRj0t39BxMWjnMOkOgshhBQKzmGREv8N+trOV50ll1EBkKIhX/uVEOJ/qcEPIYRkHufcGJfyX0P+tktVZ8lVVACkINDbfs3u7n70FAUhhCjCOecM7L6Av+0q1VlyERUASZBSsiF/208g8QfVWQghhHyC3T7ka7tWdYpcQwVAgqSULOhrv5mB/Up1FkIIIftijP024Gv/BZ0fkDij6gC54JPJH5z9UHUWQhIhpcRwOIxAIIhgMIRYLIZYLI5YPI5oLAYAMBoMMBoMsNmssFqtKHLYYbNZwRh9fpIcxXB90N8hAfxcdZRcQH/TEzDkb/sJffMn2SIQCKKtvROtHV3Y2dWNHl8vfF4/vP5eeH1+DAwGMDQUQDweT3psg8GA4uIilHpcKPW4UVrqQlVlOaorK1BVWY662mpUVZaDc1o8JNlLSnldUWndrapzZDsqAA4h0Nt+Dd3zJyoMDQWwZdsObN22A1u2bsfW5h1oaetEX1+/0lxGowF1tdVoGDMaDfV1GDt2DCY2jkVtTSUVBiSLyG84PHV3qE6RzagAGMGQr/1KxvA31TlI/ovH49iydTvWrd+0+38b0NrWqTpWUuw2G8Y3NmDKpEZMmTIBh00aj+qqCrqlQJSRkJcVeeruV50jW9HfzIMY9Ld/Yfdz/vRnRDQnpcS25ha8t2oNVq7+EKvXfIRgMKQ6lubKPG7MaJqCpqYpmD1jKsY2jKaCgGSMEEIYGPucvbTuUdVZshH9TTyAQG/72bs6/FGTH6KdcCSClavX4o3l7+LN5e/C6y+8483dbifmzGzC4XOmY8G8WSgr9aiORPKcECLGGM4qKh31jOos2YYKgM8Y8nUskVI+Se19iRbCkQiWr1iJF156EyveWYXhcFh1pKwyvrEeC+bNwdFHzsXkiY20h4DoQgiEYRCnFLtHvaw6SzahAmAvQX/HMXHIZXSwD0mHEAKr3l+Lpc+/gtfeeCcvl/b1UOZx46iFc3HcogWYNWMqDAZagCPaERABg2Qn2Uvr3lKdJVtQAbBbwNs6T3K8SEf6klT5/L14ZtnLeOLpF9De0aU6Tk5zuZw47uj5OPH4ozF92mRaGSBa6ZcMxxW5a1erDpINqAAAEOpraRQxw9vgKFWdheSeTZu34Z+PPIEXX34zpWfvychqqitx8kmLsOTERRhVV606Dsl5Yidnxvk2d/V21UlUK/gCYGCgvYxHsYIxNKrOQnKHlBLvrlqD/334Maxc9aHqOAVj9sypOPO0k7DoqCNgNtM2HZIq8XGExRa43Q19qpOoVNAFgGxutgacxhcZ+ELVWUjuWPX+Ovz1ngfx4boNqqMULKezGKefcgLOPetkVFdWqI5DcpHEK3ZP7xLGpkZUR1GlYAsAKSUP9Hb8kwGfU52F5IaNm7biz3fdh1Wr16qOQnbjnOPohXNxwbmnYeb0w6jHAEmOxP12T83ljDGpOooKBfu3JeBruxmM/Uh1DpL9/L19uOvuB/HUsy9ByoL8nMgJUyaNx8UXnYNjjpxHmwZJwiTkDUWeuhtV51ChIAsAavFLEiGEwH+feh63//UBBIJB1XFIgkbX1eDyiy/ASSccRY8SkoRIiEuLPKMeUJ0j0wquABjytS+WUjxDXf7ISFrbOnHzrX/B+2s+Uh2FpGhUXTW+dPGFVAiQQxICURjE4mL3qFdUZ8mkgioAhvyt0xnwBsCLVWch2UlKiaeWvojb/nQ3wpGC3RuUV+rH1OGqKy/GUQvn0h4BMpL+uGALSspq1qsOkikF87ch4G2pFdzwDgdqVWch2SkYDOHXt92J5196XXUUooOmqZNw9dcuQ9PUSaqjkCwlhNjB4ub5RZWVBdHJqyAKANHSYgs52BtgfLbqLCQ7tbV34Xs/+hV2tLSpjkJ0dtIJR+Pqr16KinLq+0X2J4C3Ha7AIs4n5P3BHXlfAEgpWdDfcQ8YLledhWSnNWvX47qf3IT+gYDqKCRDrBYLLr/kfFx0wVkwmYyq45AsIwXuLCqrvUp1Dr3lfQEQ8LV+FYzfpToHUSsYCmHzlmZ09/jg9fXC6+uFz9cLb0831qzbiGiMWvgWoob60fjh97+O6VMnq45CsoyEvKzIU3e/6hx6yusCIOBtnS/AX6ejfQtP184erP1oAz5ct+t/m7c0QwihOhbJUuecsRhXf+0y2O021VFIlhDAMGNyQZG77n3VWfSStwXAYFdXJczxVbTpr3D0eP147oXXsPT5V7GteYfqOCTHVFdV4Gc//BZmzZiqOgrJEkKI7cLE5jiddT7VWfSQlwWAlNIY9He8AIZFqrMQfQVDIbz2+jt45vmXsWr1WurUR9J24Xmn46qvXAILHTZEAADiebu77hTGWN7dJ8zLAiDgb/8dgO+pzkH0EwyF8J/Hn8WD/34c/f2DquOQPDOhsQG/+vm1GF1XozoKyQYSNzlKa3+qOobW8q4ACPraLpSM/Ut1DqKP4XAYjz2xDA889Bj6+vpVxyF5zGa14rrvfhUnn3Ss6igkO5zl8NQ+oTqElvKqABj0dR4GFnuHgztUZyHaEkLgyWdewN/ufRj+3oI+wptk2LlnnYxrvvFlelyw4IkBQ4wdbq2o26Q6iVbypgDw+7c6zdL6HmMYrzoL0VZ7RxduvvUvWPX+OtVRSIGaPm0KbrnxOnjcLtVRiFLyI3vUNJ9VVg6pTqKFvDkz0yIst9Pkn1+EEHjksWfwhcu/TZM/UWrN2vW47Cvfw5at9HRJYWOHBU3RP6hOoZW8WAEY9Ld/gQMPqs5BtNO5sxs//9UfsWZtwZzLQXKA3W7DLTf+APPmzFAdhajE2LkOd81jqmOkK+cLgFBvZ72QsTUAL1GdhWhjzdr1+MHPfkOb/EhWMhgM+PH3v4FTTz5OdRSiioAfiDc5yka3q46SjpwuAKSUxkBv26sMfKHqLEQbTy99Cb/+/R2IZUlr3oXTG3DhktloGl8NX18AHd4BtHT5sa3Vhy2tPdiwvRvhSEx1TKLAd755BS489zTVMYgqEi/ZPTUnMcZytsVoThcAQ/62nzKwX6rOQdInhMBf7rwPDz36pOooAIBZk+rwjQuPwqSGyhFfF4sLbGnpwQeb2vHO2u34YGMHIlEqCArF16/8Ii79wnmqYxBFhJTfLy6tu011jlTlbAEQ8LbOE8ByzrlBdRaSnkgkip/84la8sfxd1VHgcdrx7YuOwfFzJ4Cx5P96hCMxvLN2B15euQlvvt+M0HBEh5Qkm1x5+efx5UsvVB2DKCAEoswg5xa56z5QnSUVOVkA9PT0FNtY5H3GMU51FpKeaDSGH//8t1kx+S9ZMBnXfGERih0WTcYLR2J4ddVmPPP6eqz6uFWTMUl2+tZVl+OiC85UHYMoITbYQ3w2q60Nqk6SrJwsAAK+9nvBcLnqHCQ9sVgcP/3FrXj1jbeV5nDYLPjh5SfguLn6PUXa2tWL/7z8IZa+/hECtCqQl6695qs496yTVccgCkiBO4vKaq9SnSNZOVcABH1t50vGHlGdg6QnHo/j+l/ehpdefUtpjskNlfjlVaeiujwzD5EEhiN46rV1eOS597HTT2cY5BPGGG7+xXU49ugjVEchSsgzHJ66p1SnSEZOFQABb2sdwD8Eh1t1FpI6IQR+ccuf8NwLrynNcfrRh+E7Fx8Hiynz20hicYHn39qA+59+F207qbVxvrCYTbj9jzdh6pQJqqOQTBPCK+PmaUWVlV2qoyQqZwoAKSUL9nY8DeAU1VlIeu594BH87d6HlF2fc4ZvX3QMzj1+ekob/bQkpMSLKzbi3iffQWtXr9IsRBtOZwnuvfO3qK2pUh2FZJiE/E+Rpy5nHgvJmQIg6Gv/vGRQN2sQTbyx/F1c+5OblV3fajHhpm+civlN9coyHEhcCDz/1kbc88QKdPYMqI5D0jS+sR533/4bWC3abCglOYThHIe79nHVMRKREwXAwEB7mSEiPgbnZaqzkNTtaGnD5V+7FsFgSMn1XcV23PbdMw/5bL9K0VgcT7+xHvf99214+wOq45A0nHzSsbj+R99SvspEMq4zwiJT3O6GrL+3lxOHARmiuI0m/9wWCARx7Y9vVjb5V3qKcddPzs/qyR8ATEYDzj52Gh659XJ8/fwjUWSnb5C56tnnX8F//vus6hgk86qN0vQb1SESkfWl6ZC3/STG8ZzqHCR1Ukr84Ge/xutvvqPk+rUVLvz5B+egqjT3josYDITx4NL38Ojz7yMczY72yCRxZrMJ9//tNjTUj1YdhWQYA1tk99So3el8CFldAMidO4uGDJG1nPN61VlI6pYuewU3/vpPSq5dU+7EX350Hio9xUqur5We3gD+8cTbeOq1dRBSqo5DkjC+sR733HErzGaT6igkg6TEZsdApIk1NAyrznIwWX0LIGCK3UiTf27r8fpx2//creTalaXF+MsPc3/yB4BytwPXXXY8HrrlEpwwlx4xyyWbt2zHXxU+9ULUYAzjgyWmn6nOMZKsXQEIeFvmCrAVnPOsLlLIwUkp8f0f/QrL316V8Wt7nHbc+eMLUFfpyvi1M2HTjm787bEVWLGmWXUUkgDOOf5x162YOIG6lxcSIUSMccwp8oxaozrLgWTl5CrlShNg+DtN/rlt2QuvKpn8HVYzfv+9c/J28geACWMq8LvvnIk7f3IBZk2qUx2HHIIQArfcdgficdrHUUg450Yp2d+llFl5aF1WTrCB3uprwTFNdQ6SOq+/F7f9+e8Zv67RwHHLt0/H+NGF8dBI0/ga/M8Pz8Off3AemsbXqI5DRrBh41Y8+tgzqmOQDOOMzQn62r6lOseBZN0tgFBf19hYLL6ec9DzTznspt/8BU89+2LGr/vTKxbj5CMnZ/y62UBKifc+asW9T7yNtZs7VMchB+Cw2/Gfh+6Ey+VUHYVkkIAIGiSbZC+ty6pjQbNuBSAWj/2OJv/c1ry9Bc8893LGr/uFU2YX7OQP7DqMZu7U0bjzx+fjj9eegxkTa1VHIp8RCAZx933/Uh2DZBgHt0uJX6vO8VlZtQIw2Nt6LJc88zMH0dT3f/QrvLliZUavuWB6A35zzRng1HVtHx9sbMf9T72Dd9e1qI5CduOc46F//Bn1Y2jvRqFhUi6wl9atUJ3jE1mzAiClNPA4/6PqHCQ976/5KOOTf025Ezd8dQlN/gcwY2It/vD9c3Dvzy/CcXPHg3P6MzqUuVP1bdojhMBf7rpP12uQ7BRn+JOUMmvm3awJEvS3XQGOJtU5SOqklPjLXfdn9JpmkxE3XX0qtcw9hIn1FfjlVafi4VsuxdnHNSk5AjnbccZwzUXH4PffOxunH32Yrtd6c8VKrFq9VtdrkOzDwQ4P9LZ9UXWOT2TF14He3maXOW7cTP3+c9srr6/Aj67PbAvs7196PM4+lh4YSVb/UAiPvfwhHn/pQ/jo0CF4nHb8/GunYPbkXcvyw+EovvyLh7G9w6/bNadPnYy7/udmOiyo8HTao8YJrLJySHWQrFgBMEnzz2jyz30PPpzZEzAXzW7EWYumZvSa+cJZZMPlZ8zDf277Eq7/6mJMGVutOpIyC2eMxQO/vHjP5A/sOjb6xqtO0XWlZM26j7H6g490G59kreqgMfZD1SGALFgB6O9pm8iZXMc5N6rOQlK3bv0mXHHVdRm7XrnbgQd+eTFKiqwZu2a+27i9G4+/8iFeeHsjhsNR1XF053Ha8e3PH43j50086Lfwfz23Gv/z8Ou6ZZg1Yyru+OOvdBufZCchEDYa+GSbu1ppK0/lKwBGxm6jyT/3/fvRJzN6vR9/+SSa/DU2sb4CP7z8BDz5pyvxg8tOyNtVAYvJgC+eOgf/+s1lOGH+pBGX4C84aSYOG1elW5bVH6zD+2toFaDQcA5LXIrfqs6hdAVgyNe+mDEsU5mBpG9ntxdnf+4rEEJk5HpnLJqKH1x2QkauVeh2dPrx3Fsb8NyKDejyDqiOkxaLyYjTj5mKi0+bgzJXUcLv297hx+U3PIRINKZLrnlzZuBPv/u5LmOT7Kb6yGBlBYCUK03B3so1AC/czi154va/PYD/feixjFyrzFWEh359CRxWc0auR3aRUmL9tp14+d1NeHXlFnT5cqcYqPAU4axjm3DmoqlwFdtTGuOBp9/DX/9vucbJPvXw/f+DhjGjdBufZCmBD+ylNXMYY0oOiVBWAAz52q9kDH9TdX2ijdDwMM44/8sYHMzMTvKbrj4Vi+aMz8i1yIFJKbG51Yu3PmjGig+bsX5bF4SQqmPtw2Y1Y+GMsVhyxETMa6pPu0dENBbHJT97EC2dvRol3Nc5ZyzGdd/9ui5jk+wmwC4u9tQ8qOLaSgoAITZZAn2OzRygkjfHPffCa7jhpj9k5FoLpjfgt9ecQY9NZZnBQBirN7Zh9fpWfLipHVvavEoKgtoKF+YeNgoLZozF7CmjYDFpu7Xo3XUt+M7v9FnpsloseOr/7kVxsUOX8Un2khJbHJ6ayYwxfe4xjUDJ5rtQn/0Kmvzzwwsvv5GR65iMBnzni4to8s9CxQ4Ljpk1DsfM2nXWfTAUxcYdO7FxRzc2be9Bc4cPOzr9CEe0+3xzl9jQUFOKCWMqMHlcFZoaa1DhSfy+firmTh2NRbMb8eqqLZqPPRwO48mlL+ALF56l+dgkuzGGxoCv/RIA92b82pm+oGhpsYWKDFsB5OcW4wIyMDCEU865FLGY/revvnjqHHz9/CN1vw7Rh5QS3r4gOr396PYNwNsfRP9gCANDYQwNRxCJRhGNCQghYeAMZqMBZosRRTYLiu0WeJx2lLmLUOUpRm2FC8UONZ0fu3wD+PwPH9BlQ2BtTRX+7593UpFbgIQQO4pK+ycwNjWSyetmfAUgZGdfA03+eeHVN1ZkZPL3OO245PS5ul+H6IcxhnK3A+VuBzC+RnWclFWVluDc45vw8LLVmo/d3tGFNWs/xoymKZqPTbIb53xM0O/6EoC7MnrdTF5MdHY6wJAVHZBI+p7P0PL/ZWfMo13/JGtcfNpc3X4en3mWDkMtVIKxn8rm5ow2N8loARA0i6vBeEUmr0n04fP3YvX763S/TnV5Cc44htr9kuzhLLLii6fO0WXsl15bjuFwWJexSXbjQG3Qaf5Khq+ZGV6vt4RJZK5XLNHVK69mL8Y7AAAgAElEQVStyEjjnyvOOgImI51cR7LLBSfNhMeZWk+BkQSDIbz2+tuaj0tyhfixbG/X/gfrIDJWAFj58DXg8GTqekRfb7/3vu7XqK1w4cQjJup+HUKSZbWY8Pkls3UZ+/mX9Dt7gGQ7Xhmwym9k7GqZuEhf3w43A/tuJq5F9BePx/F+Bk4xu/jUOTBw5cdVEHJAZx87TZfzKN5dtQbBYEjzcUluYJL9oKenpzgT18rIp6spbvweAGcmrkX0t2HTVgSCQV2vUe52YPGCSbpeg5B02KxmXHjSLM3HjUZjeOtd7Z8yIDmCo9RmCH8rM5fSmd+/1QkmMvJ/hmTGylVrdL/GeSfMhFnjTm6EaO28E6bDbjNpPi7tAyhsTLDvZmIvgO4FgElargB4RpYzSGa8u/pDXce3mIy085/khCK7Bacdpf3P6vK3VyISiWo+LskRHJ6gTV6m/2V0JOVKExj7tp7XIJkVjkSxdt0GXa+xeOEkXe6tEqKHC06cCc617d4XDIaw9qONmo5JcouU7DtSSl0fgdK1ABjyV59PPf/zy7qPNur+zeTsY5t0HZ8QLVWXl+CoGWM1H/fdDNxqI9mLMTQG+zrO0PMauhUAUkrGIb6n1/hEjQ2btD8IZW8TxlRgwhjqFUVyy4U6PBL43soPNB+T5BYh8X09x9etABjqa1sExrXfIkuU2rJ1h67jn3YU9UEnuadpfDUaaks1HXPDpq0YHAxoOibJLRxYEPS1HaHj+DoNHOf07T8Pbd66TbexjQaOE+fTo38k9zDGcOaiaZqOKYTAyvf13XBLsp9g0G0u1aUAGPB2TAHHqXqMTdSJRmPYvqNNt/HnTR1Dm/9IzlqyYDIsJm33bK2jjYAFTwp5Tqhvxzg9xtblQWsDj383w+cMkQzY0dKu6/G/x8+foNvYeovFoojH9T8amexitljAoO3O+3QVOyw4du4ELFv+sWZjrlu/SbOxSG7inLN4nH8HwNVaj615ATC0c2eVELGLqYNr/tmyrVm3sc0mI46cqUuRmxHRcBjDYWrfmilmsxlg2VUAAMCpRx2maQGwYeNmxGJxGOlArIImGb7U3992g9NZ59NyXM2naWaMfYNz0OHteWjzlu26jT17yijdzlgnJFNmTKhFZal2fc/CkSg2b9Gv8Ca5gQM2Qxxf02Fc7cjmZiskvq7lmCR77Ght123sBU31uo1NSKZwzrB4wWRNx1y/YbOm45HcxCC/KeVKTftOa1oAhErMZ4ND22dhSNbo8fp1G3vBjAbdxiYkk5ZofIjV1m3bNR2P5CpeGeyrOV3TEbUcTAJXajkeyS7dPV5dxq2v8aCqtESXsQnJtDHVHk2bWW3d1qLZWCTHSaHpHKtZARDqa2kEw7FajUeySzQaQ29vvy5jz55M3aJJfjlu7njNxtrSvANSSs3GI7lLCLk46O8Yo9V4mhUAQvArtBqLZB+vX7/l/xkT63QbmxAVjjtcuwIgEAiiu0fTzd8kR3HOmZTyS5qNp8UguzYm6H90IVFHzw+gmZOoACD5pbbCpeltgB0t+jXgIrlFMHxJq1MCNSkAdm1M4JVajEWyk14bAOsqXXCX2HQZmxCVjp3TqNlYHZ07NRuL5DYO1AX8bUu0GEubRkBSXIks68pFtNWj0wrApIYqXcbNNGZgMBh0aaxJDij7P2+OnDkOf/3PW5qM1U4FANnL7g33z6Q7TtqfWEF/x5i4iC/mPPv/QpLUDQ4O6TLu5Ib8OPrXanXAanWojkGySEOtB9XlJejsGUh7rM4OKgDIXiROG+reXl1UUd+ZzjBp3wKQUn6J0+yf98LhiC7jTtTwPikh2YQxhiNnjNVkrI7Obk3GIfmBc26A0XR52uOk82YppUEwaLYjkWSvcESfAmBcXZku4xKSDRZqVAD0+OgpALIvKcQVUsq05vC03hzwty3hAG3hLgDhYe0LAHeJjY7/JXlt+oQaWMzp7w3p7euHEEKDRCRfcM4bhnztx6U1RloJGL8krfeTnKHHCkB9DXWNJvnNbDJq0ugqFotjcDCgQSKSTzhjX0zr/am+UXR2OiTEaelcnOSOiA4FwJgqj+ZjEpJt5k7VpnGbv69Pk3FIHmE4S4hNllTfnnIBMGyOn8rB7am+n+SWYR02AVaXU/9/kv/maVQA6NWKm+Q0Z6jPvjjVN6e+AgBcmOp7Se7RYwWg0qPduemEZKtRVS5UeIrSHicYDGmQhuQdgQtSfWtKBUBPT0+xZOyUVC9Kck88rv0GpHINPhQJyXaMMcyalP4+ACoAyIFILs8ULS0ptVNNqQCw8sjpHKDt2wXEYND05GgAtAJACsfMyek/LDVEBQA5AAZeFCo2pNQaONXnU2j5v8BwHQoAVzHVkAcjhMBAv34nMGaS2WKD3V7YXRJnaXDgVTAQ1CAJyUdS4kIAjyf7vqQLAL9/qxMCS3KgFTfRkIFrcvjUXuNxWC0mTcfMKwz5cwZ8vvz/SEN1WQkqPEXo9qfeUjsSjWqYiOQTCXG66Ox08OrqpJ4VTfprnRnmMzmHOdn3kdxmNms7WRc7rGCMqkhSGBhjaBpfm9YYsVhMozQk33Bw+7A5nvS+vKQLAAZOy/8FyGbVdrm+2JHyo6uE5KRp46vTen8sFtcoCclHgiV/az6pAqCvb4dbCHFSshchuc9m07YAsNHyPykw0xpr0no/rQCQkUiwU+XOnUk9WpVUAWCMGc7mnNOh5wVI6wLAZNR+UyEh2WzcqLK0zgXImz0hRBccsIaMsdOTfE/iJJNnJBeJ5Isih7ZNH406PFVASDYzGjgm1ad+/LXBqO1GXJJ/BENSc3TCn8JSrjMzhuOTj0TyQXGxtk17TPRhRgrQ5IaqlN9rpL8z5BCYwElSyoR/UBIuAIb6nAsZOLVuK1CuEm2b9nBOTwCQwjN5bGXK7zUa6O4rOQQOT9DXdnjiL0/0hZKfnFoikg+cTq279lEBQArP5AYqAIjOWOJzdeI/UQJLUj86iOQ6j9ulOkJBYYyjqCg/TktkGjeRymU15U44bBYEQuGk32uz0aOz5NAEwxIANyTy2oQKgIC3tQ4c09JKRXJaeVmp6ggFhQEwmekDP98wxjBhTDne39CW9Htt9pTOeyGFRojDBwY6yktKanoO9dKEvtNLxlM6aIDkD6ezWONNSPRIEylMjaPLU3qf1o/ikvzEOWcsJhPq15PYoj6TVAAUOM45yko9qmMQkvMmjk7tUUCHjVYASGK4SGzOPmQBIOVKE4M8Mf1IJNdVVab2zYUQ8qlxo1K7nVai8ZM4JJ/JxVLKQ87vh3xBqLfmCIDnx24kkpaamtR3MBNCdhlT40npMVgnFQAkUZyXB72dsw/5skO9QApBj/8RAEBNlXYFgKTHAEmBspiMqK1I/qkat4u+h5HEScOh5+4E9gAwuv9PAAC1Wq4AUF9zUsDG1SZ3G8BgMMChcTtukt9kAnP3iAVAX1+LBxwztItEctmYMXWajUUHm5BCVl+b3IbaslI3GKNVM5IEIeYd6nTAEQsAo+ALtE1Ecln9KC0LAM2GIiTnjK52J/X68jJ6Aockh3POh8zReSO+ZqTfZAILtY1EcpndbtPsg4hWAEghG12V3N+j8rIynZKQfMYkjhzp90csACQkFQBkH2MbxmgyDk3/pJAluwJQUU4rACR57BBz+EELACnXmSXnCZ8qRArD+MZ6TcahFQBSyBxWMzzOxDf11VTTI7gkJfNHOh74oAVA0OecxQHqPUn2MaGxQZNxqAAghS6ZRwFra6t1TELyFy8O9LUf9ByfgxYAgjFa/if7mdA4VpNxaP4nha62wpnwa+tqqnRMQvIZkwffyzfSaYBUAJD9jB5VA7vdhmAwlNY4NP+TREhIxCLRXf+LRSFicYh4HBISjHFwxsBNRhgMJpgsRhjNZrAcaTKVaAHAOUc13QIgKZJgRwK4/UC/d8ACQErJgv62hciRv0gkczjnmDypEatWr01rHCGERon0JaRENBRGNDyMWCSCaCSKeDQKEY9BxASEELtvZ0gADIwxcAMHNxhgMBphMBlhNJlgslhgslpgsljoee4DiMdiCAwMIjg4iNBgAMOBAIaHQ4gOh5O6XcTAYLZaYLXbYXXYYSsphqOkGPbiYnCe2NlnmZJoAVBTXQGL2aRzGpKv5Ahf5g9YAAz3t44DM6R2ZBXJe1MnT0y7AJAyGydBichwGKHBIYQGhxAOBBEJDUNquF7BGIPFboPFYYfNUQRbSTFMFrNm4+cKEYuj3+dDv8+PwV4/goMBTcaVkAgPDyM8PIx+v3/Pr3POUeRywllWBmd5GRzFDqj+glNVmlgBUD9mlM5JSD7jwKigr22UvbSu9bO/d8ACIC74wmz8eCbZYdphE9MeQ8rsWAGQkAgNDmHI14uh/n7EwhF9ryclhgNBDAeC6IcXAGCyWuBwOlHsccNWVKR6XtKNiMXh7+6Gr7MLAz5/RleBhBAY8PdiwN+L1k2bYbXbUFpdhfLaGljsalrsVpUldrhPQz0VACRtCwH867O/eMACgNH9fzKCpqmT0x5DKN4FGI1EMNDtxYDXi2gkqjbLcBh9w93o29kNo9mEkrJSOMvLYLJYlObSSnBgEF0trfB1dkHE46rjAACGgyG0b21G+9ZmOMtKUV0/Bs4yDzJZfZW7i2DgHPFDFEJjqQAgaRK7+gEkVgAAOELfOCSXlZQUYWzDGGxr3pHyGKrm/0goBF9HF4Z8vZou7WslFonC39EFf8dOFLmd8FRXwVrkUB0rBRL9vl50bN2GAX+v6jAj6vf60O/1weEswajxjXCWJXdQT6o4YyhzO7DTNzji6yaO1+bJG1K42EHm9P0KACE2WQJ+OSmV86pJ4Zg5fUqaBUBmbwHEIlF429sx0ONHbjyDIDHU24eh3j7YnU6UjaqBVdFSdbIC/QNo2bAJA73ZPfF/VqB/ABtWroazrBT1kyfC6tC/8Kr0FI9YAJjNJozW8AwOUpgE44dJKY2Msdjev77ftthgn20S53ykxwMJweGzp6f1/kzd/pWQ6OvqRvPajzDQ40NuTP77Cvb3o2XdBuxs3oF4LHboNygSi0axbe1HWLfinZyb/PfW7/Vh7fK30dG8XfdVogr3iIe1YWzDaBiNB23kRkhCOGAd9HY0fvbXDzDRG5py8UOSZNbsGdPAOU95I1cmNoBFIxF0bW1GaHBI92vpT6K/x4uh3n5U1I9CsSe5XvJ683d3o3ntesSiavdTaEUIgdaNm9Hf7cW46dNgtuqzH6PsEAXAlEnjdbkuKTxGLpsAbNj71/ZbAWCQB20bSMgniosdmDRhXMrvj+u8CSDYP4CWdR/nyeT/qXgsis4t27CzeTtkFvRSEEKg+aOPsXn1mryZ/Pc20NuLdW+9g6G+fl3GL3WNfJthykQqAIg2JNh+c/sBVgBkU94+h0Q0tWD+bKzfsDml9wqhXwHQ192Dnu2t+m/yYwDnhl2NfRgAuWtvgxBC90W0/h4fhgNB1I5vhFFRH4FIOIxNqz9AoH9A87E557DYbDDbbTBbzDCZzDCYTOCcg3EGSIm4EBCxGKKRKKLh8K4eDsEAREzbJw2ikTA+fnclGmc0wV1RrunYZc6RC4DDplABQLQhgKbP/toBCgC234sIOZAF82fj7/ft92RJQvQqAPwdXfC2tWs2HjcaYHU4YLHbYbZad3X0M5tgMBnBDRwHLpYlRFwgHt01OcUiw4iEwgiHQhgeCiIe0+abcjgYQsv6Daid2JjxZ9lDQwFsXLka4eFhTcazFTng9HhQ5HLB7iyG1W5PsWOiRGQ4guDgIAL9/Rj092Gwry/tW05CCGxevQbjZkxFaZV2fflL3QcvAIqKHBgzmjYAEo1IMXIBMDDQXoYY6NgpkpBJE8bB7Xaitzf55VE9CgB/pxaTP4Ot2IEitwv2EicsdguSXxFj4AYDuMEAk9UCYO/7vBLR4QgCAwMI9vcj2DeQVk+EWDSK1o83oW5iI6xFI99P1kpwYBAfv7cq7SX/IrcLZVWVcFdWwGzV6uDRXa2AzVYLXOVlAAARF+j3+eDv2gn/zu6UexFISGz9YB0MswxwabQS4C4+eOE2feqkrGtfTHIX57ze6/WWlJWV7Vmy26cAYHExbYQDAgnZB+ccRx1xOJ5c+mLS7xUaPwY44PXB25r65G8ym+GsKEdJWSmMuvZdZzBZLXBZy+GqKIeICwz19qK/24vQUGr7FUQ8jraNmzFq0kRYHPquBASHhvDxytQnf24woLyuFpWj62DLwGN2u67J4a4oh7uiHA2xOLydneja3oJQIPn2wxISmz9Yiynz58BRUpJ2NnfJwf97NU1Lv+EWIXuzs+GpAN765N/3me255LT8T5JyzNGp9YwSce1WAIaHAtiZYk8Co8WCqrH1qJ8+FZ6aKp0n//1xA0dJWSlGTZmI0YdNRpE78SNi9ybiAm2bNiOqYyvjyHAYG1euRiyFzomcG1AztgEzjzkK9ZMnZmzy3y+H0YCKUXWYdtQRaJw+DRabLekxhIhrtunRWWw96K2OWTNoPzbRlvzMPoDPft2nAoAkZc6sJthT+BCNaXQLQMTi6NyyLakT4wCAcY7Suho0TJuCkrLSrDihz+qwo2Z8I0ZPmQhLChNkPBpDx+bNujwdIITAptUfIDIcTvq9nsoKNB29AKMmNGa8wDoYBobS6io0HbUAdY1jk/7vHx4extYP1yHd3Z6cMRQ79n/E0G6zYfLE/R7bJiQtUrKDFwCCHgEkSbKYTThy4eFJv0+rWwDdLa2IRpL71muxWzHmsMkorakGy8J7rNaiIow+bCLKR9clnS8cHMbO7S2aZ2r5eCMCA8nt9jeYjGicMQ3jZ06HRbN7/NrinKO2cRwOmz8XFntyhWxfjxc9bZ1pZygp2v82wPSmKdQAiOhA7DPH7/l0kVIaADY184FIrjvx2COTfk9cg1sAwYFBDHh9Sb2n2OPG6CmTYbZl54T0CQYGd1UlRk2ZmPShQANeH4Z6+zTL0tvdg52tbUm9x15cjGlHzNd0x7yeHM4STJ0/DyXu5BostWzclNItkb05S/Zf7Zk3J71Om4QcCONoknudxb6nAAj1dtZxIPm1XFLw5h0+E0VJHlhzqBPQDkVCoqdlv+OtR+SsKEP1uLFZ+a3/YKx2O0YfNmnXMcFJ6N7RosmtgHgshu0ffZzUe5xlpThs3uFJf6NWzWg2YeLhM5M6DCgWjaJ967a0rltygL878+fOSmtMQg6MlwS6uyv3/Nsn/xBn8QY1gUiuM5tNOH5RcidIp/sYYDgYSmrpv7jUg8oxY3Kyx5XBaETdpPGwlyR2fjzjuzYWatFssWNrMyLhxO/7uyrKMWHWDPAcXb7m3IAJM6fD4Tz0Dn9uMKCsthruyoq0rln0mf0eVZXlGDO6Nq0xCTkYbozumev3FAAMrF5BFpInTj5pUVKvj6XZrc1qt2PcjCbUjB+HIrdrxE1cVrsdlQ25Ofl/gnGO2vHjRtwcyBiDq7ICDdOnoqyudnejotRFhsPo2pH4foIitwvjd58Rkcu4wYDxM6fDaDrQhkUGZ6kH45qmYvZxx2DctKkoSfNchuLiff+bLpg/Oys2pZJ8xeo/+ac9fQCYYA25/AFJ1GqaOgm1NVVo7+hK6PVCSkgp0/qgY5yjyO1CkduFeCyKQV8v+r0+hAPBT1/DGCrHNmg6KUkpsXL9dryxahM27ehC70AQDEC5pwSHjavBsXMnY2K99ve+mcGA2gnj0LLu4888gsZQXOZGWW1N0vsFRtK5fXvCHfTMFgsmzJgOzvX55r+huROvvLsBH21th7d3EBKAp8SBCfVVOHr2BMyaPEbTSdNitWL0pAnYtvYjAIDNUYSyumqUVVdrfjCQ/TO9G448IvlNtYQkSjDsWQHYuxFQfeajkHzBOcfpJ5+Au+55MOH3xIWE0aDNh7bBaIKrsgKuygqEQyEMen0Y8PlR5HLBYtduw9+bqzfhT/98Ec3tPfv93pbWbqxYswV/f+x1zJ4yBt+9ZInmhYDRZELVuLFo27AJgITD5URZXa3m99vjsRi6k+iqOLZpKkw6nEnw8bYO3Hb/c/hg4/4rEVsBvPdRM/75zAqMG1WO73xxMeZPT/2Aqs8qq61GOBCCu7IcDmcx9FpCcuzVxtlus2H2LHoam+iHQdZ/8s97PQUgaA8AScupJx+X1DfteFyf0+wsNhvKRtWhYcY0lI3Sppd6XAjcet8yXPPbhw84+X/WqvU7cOlP7sajz7+nyfX3Zi8pQsWYOoyaPBG1Exp12Wzn6+pK+FCd8toaOEs9mmd4+Nl3cNlP7zng5P9ZW1t7cPUtD+KPDz6vWZtpBoa6CeN27wfQb3nUbv/0FsCCebNgyZJeCSRfsf33AEjO65VkIXmjvMyDhUfMSfj1MZ2Ps2Vgad8HB3Yt+d9415P497J3knpfLC7wm3uX4sGnV6Sd4bNclRWwFevX+9+X4K0czjnqJmjfsObex9/AbfcvS/ppkQefXoGb7n5K8zx6stk+XQE4/rjkNtMSkiwpP13t57t+YZ0ZQtCxUyRt5565JOHXxmLqz7NPxENL38Yzr69J+f1/fugFvLM2vUfFMikejWGwtzeh15bX1cKs4b4DYNdtljv+/XLK73/ilfd1WXnRyyftiG1WK46YN1txGpLvpMSYXX1/dhcAw/0loznntAWQpG3unBmoq03svncsxVPZMqnL1487/pX6ZATseuTx5rufRlTjc+r1MtDbm/AjhBWjtH1cbTgSxS33PJP2OH9+6EX4+lM7XCmTGDPs6ZJ49FHzYNW4mCLksziHKeRvrwF2FwCxGC3/E21wznH+2acm9NqYTnsAtPTQM28jHI2lPU57dy+eW75Og0T6C/QndryzxW6HXePbEEvf+BA7fcm1HD6Q0HAEDy9N7paNCtJg3HPPf/HxRytOQwoGY/XA7gKAMUYbAIlmTjvleNgT2JiWbi8AvUkp8dxb2k3ay95aq9lYegoOJXZMbonHBa03xy17U7s/o2XLs//PmxnMMJvMcLudmHf4DNVxSIEQ2LXpf1cBsNdjAYSky2G346zTTjrk66JZvgegtcsPX592y8gfbGjRbIe6nsKhUEKvszm0/fYfiwus3ZzcmQMj6fL2o7NHuzMRdMFN4AaOU046FgZDbnZPJLmI1QOfPAUgqQcA0daF551+yA+0SJavALTtTGwjXKKGw1F4NSwo9BKPJXbLw2TW9rn/bt+A5vskWjX+b6g5boLRaMSZp52oOgkpIEyyT1cAwFhuHNlFckZlRRkWnzjyPc14lhcAw2me8nYgYR3G1FrChwhpvG1Yjz/v4XByR0VnGjOYMGF8A0ZrvJmSkBExWQl8ugJQpjQMyUuXXnTuiO1ZI1l+C6BIww6Cn45Ju7wPRo8/72JHlp9IyM2waLySQsihCOya8zkACI7Ez78kJEFjRtfhhBFOCYxosLteT/U12tbFziIb3Ac4+53sUu4ugsOmbYFUX5PlH20G6vpHFBC75nwupWQQtAJA9PGlSy846CpAtj8FUOEp1rQImDdtrGZj5SPGGA6fqt0DSRPGVGZ/wcWNh34NIRrjXO5aAZBdXXbOQeuSRBcN9aNx4nFHHfD3IjnQB+CMRdo9mnXGopmajZWvCu7Pm1YAiBK8RMqVJj5skfTtn+jqyss/f8BDgqI5sCHu/JMOR5kr/cfdZk4arelJdfnqqFkTMGVcTdrjVJU5cdbxszRIpC9GBQBRJNA9qpQLJrP8JhnJdaPqqnHWAR5zCkez+xYAANisZvzsq2ekdda83bZrDHJojDHc8LUzYbWkPjFyznD9186ENRdO1eO0AZCoIY2ilMs4bQAk+vvyZZ+DzbrvLu9wJLs3AX5i4czx+P6li1N6r8VkxG+vuQCjq+mvWaLGjarAr799HkzG5BvjMMZw3eWnYK6Gewl0RXsAiCIGJku5gdEGQKK/Uo8bl1x07j6/lu2PAe7twiXzcNM3z4Hdlvg3tqpSJ+782SW09J+CI2dNwB0/vQTl7uKE31Nkt+LX15yH805M/EhqpQwmII2VJULSIRnKuGS0AkAy46LPnYnqyoo9/x6OZn9b3L0tXjgNj/7uGzjz2JmwmA7+za3YYcUV5xyNR353FZomjMpgwvwyc9JoPHrbVbjszCNR7Dh4jwCr2YRzjp+N//v9N3D8vCkZTJgmlgO3KEjekkKWGiFRpnVHL0IOxGI241vfuBw/uv43AIBwlj8GeCCVpSX42VfPwHcuPgnvrN2GTdt3wtc/BM4YKkpLMLWxFrOn1Ke0fE32V2S34urPH48rzzsGqz7ajo+2tqPHPwghJcpcRZhQX4X508YltTKTLWgDIFGKocwoIUoZ9t+hTYgeFh01H/PnzsLb765GKJJ7BcAniuxWHD9vSm5948xhFpMRC2Y0YsGMRtVRtEMFAFGIAaUcjNMeAJIxjDFce81XYDGbEc7hAoCQtHEqAIhCEmVcSthV5yCFpbamCl+94gsYzpGnAAjRhSH3bluQ/CEZ7JwzST+FJOM+d97paKyvUx2DEHXoFgBRSEpYOCSjNsAk4zjnuPBsOgOdFC5GPQCIQpxJM5dM0AoAUcJk1v74V0JyBt0CICpJZuGSVgCIIow2QZFCRj//RCHJhJlzyagMJWrQPVBSyOjnnygkJbNwcLoFQBShJVBSyKgAIApxycxcCNAtAKIGLYGSAsWYAYxRt0iiEIeFg9N5lEQRxgBOH4KkANG3f6KYEMLMuaBbAEQdRrcBSCGiAoCoxrmFg9MtAKIQ3QYghYh+7oliXMDCBegWAFGIVgBIIaKfe6IaF2YOIWgFgKhD34RIAaIugEQ1IbiFc86Z6iCkgNG9UFKI6OeeqMe4EILOZCXq0FIoKUT0c09U44hzgFMBQJShpVBSkOjWF1GMQcQ4OKgAIMoMBKOqIxCScYOhmOoIpMAx8DhnoFsARJ0e/yD6h4ZVxyAkY8pgIg4AACAASURBVLz9AQwEwqpjkEInEOdMcCpFiTLFJS7cfM/zqmMQkhFCSNx41zK4XC7VUUihYyLGAUEFAFHGVVqKN9/fhv+8+IHqKITo7sGlK7FmUzscxSWqo5BCx3icC85p/ZUoY7FYYLOacfu/38CWVq/qOIToZv22Tvz9sRVwFdvBGD19TdQSQoY4A4Kqg5DC5iq2IxyN44Y7lyIcoQUpkn8CoTCuv/NZxIWA2+lQHYcQcI4gZwIh1UFIYXOV7PpA3N7hxx/++araMITo4Lf3vYzOngEAgKukSHEaQgABFuSC0woAUctd8uk3oqdeW4eX392sMA0h2nr6jY/w4jsb9/y7y0kFAFGPSwQ5l7QCQNRyuYr3+fff3PciunwDitIQop2Wzl784cFX9/k1t7P4wC8mJJOYDHFIWgEgarmc++6IHgqG8fO7lkFIqSgRIemLRGO44c6lGA7v2+zK5XQqSkTIpyQQ5JJjSHUQUtg8rv0fiVq7uQP3PL5CQRpCtHHHo8uxqaVnv193uakAIOoxyQJcAn2qg5DCdrCmKA88/R7e39CW4TSEpO+tNc149Pn3D/h7bhcVAEQ9CdnLuZBUABCl3B73AX9dCIlf/PVZahVMcoq3P4Cb/v7CQX/f4/FkMA0hB8HQyyVjVAAQpVyeg7dF7ekNUKtgkjOEkPjlX5ehb/DgW6vcVACQLMDA+jiDoAKAKOV2l474+9QqmOSKB5euxMr1rSO+xu0py1AaQg5OQvZxBtarOggpbK4EvhFRq2CS7T5p9TsSA+coKqFzAIh6DKyPC0m3AIhadpsDFpNxxNdQq+Bsw6if/V4Cw5E9rX5H4iqx0Z8byQoMrM8Ig+yBpB9IopbH6UCnt3/E12zv8OOPD72KH1x2QmZCFajaxrEAAIPBCIPRCG4wwGA0wGAwgBuNMBqMYAYDaB771G//8dKeVr8jcRXTOQAkO8QEuo0sFt8Jw8jfvgjRm6vEfsgCAACefHUd5h42BscePj4DqQpTRV2d6gg55ZnPtPodiYsOAiJZQhhjO7m9rGf/ThWEZJgrifaov/7Hi9jpG9QxDSGJae3qxe8/0+p3JO4SagNM1BNCxJzOUX2csTlRCPhVByKFzVWS+DejXa2Cn6VWwUSpaCyO6+98dr9WvyNxu6gAIFmA827GmOC7/kXsVByHFDi3M7md0R9u7sC9j7+tUxpCDu2OR97Eph3dSb3HRV0ASRbgAjsBYFcBIDkVAESpVD4Y73/6XWoVTJR4a00zHjlIq9+RUAFAsgKX3cDuAkAy0ak2DSl07oOcBzASahVMVDhUq9+ReOggIJINJOsEdhcADBi5dRUhOhupHfBIenoDuOXe1D6MCUlWIq1+R+J2UxtgkhVagE9uAYC1qExCiNt94AOBEvHG6q34z0trNExDyIH989lDt/odCRUAJBvI3V/6dxcAtAJA1HKXjnwewKHc/q/XsbWNWgUT/azf1om7/zNyq99DcVEBQLKB3GsFQDIqAIha6Z6QFo7GccMdSxGOUqtgor3AcAQ33LnskK1+R8IZQzFtAiRZQIB9ugIgDIwKAKKUzeaAxWRIa4zmDj/+9M/XNEpEyKd+e9/L6Og5dKfKkbhKbOA8vZ9xQrRQHDd8WgAUF9f4BERqu1oI0QBjLKlmQAfzxKtr8erKzRokImSXpW+sx4tvb0h7HCedA0CygUAvq6wcAj55CoAxycG2qU1FCp0WBQBArYKJdlq7enHbg69oMpZbo59vQtIhmNz6yT/zPb8o5RY1cQjZxe0s0mScwQC1CibpS6XV70icJdr8fBOSDsbYnrl+TwHAGacCgCilVQEAUKtgkr5UWv2OhJoAkWzAJPYvACA/XRYgRAWPxjukqVUwSdWKNc149IUPNB2TCgCSDSST+xcAYq+qgBAVPKWpNwM6ECEkbvzbMgxQq2CSBF9/AL/6+wuQGt9C8rhT63ZJiJa4PMAtAKPBQAUAUaqivEzzMbv9Q7jlH9QqmCRGSolf/u25lFv9jqS8skLzMQlJlogZ998EaHVVtQqAvioRZcrLy3UZ9/VVW/EYtQomCfjn0lV47yN9OqNXlGlf4BKSpH5HRcWe03/3FACMsTgX+FhNJkKAippq3cb+y79ex7Y2n27jaykaiyMciSEciaXVeU6VcDSGoWAYgVAYkRzqzPjxti7c/dhbuo1fWVWj29iEJEIA6xlje+5tGff9bbkeYDMzHYoQAKgorwbnDEJo//heOBrH9Xc8g3t+cREsJuOh36Cjzp4BbNyxE80dfrR19aHLNwBvXwB9gyEEQ5H9Hl+0mAxwFttQ4SnGqCoXJo6uwPRJdf/f3p3HRVXufwD/nDMrDDAwww4iIIoiggu4IAqaaWllq+23255dW255W295q9u+161uddvrZtatbLPUFAXccQNcQAVl37eZgWFmzvn9YfXDBWQ5M8+Zme/79bqv11WYcz4hc57vPOc53wejYpwzY9Jf5q5ubCs8it0Hq3CoogFV9a1obus8pWhR8Dz8dVoY9D4ICfJHdKgewyMNGBEdjFExofD1UTH6L/h/5q5uPPrWKtgdzim4tGoVAoaw4RUhUuAhFvf88wlXQpHnijnX5iHkD0qVEqGGANQ2Dq3lam9+bxV835/Pcsrxe1PfbMKmvUewo7gCuw9WoqW9c0Cvt9ocqG82ob7ZhKJDNVj120RdmMEf52aOwSVnjYdB7+uM6Kd1tKYZn/y4Heu2lvZr7wWHIKC1w4LWDguOVDZha4+v8TyH+CgjJoyOxpTk4ZiYFDPkltCDIUWr375EhOjBcXR1JYwJ4r6efzyhAOCAfSCEoehwo9MKAOB4q+DJyTHIThvptHMAQLupC6u3HMAvmw5if1mt5CvKAaCuuQMffrcNn/+8E9csSMOfzpsMpYI/8wsHye4Q8O7Xm/D5qp2S3ZoQBBGHKhpxqKIRX67ZDa1GhekpcZibMRrTUmOh4J333/M7qVr99iUilHYBJOyJHN97AcDzjmJBoM0qCDvDosKwo8i5Xamf+WAtxsSFI8zoL/mxD1c24vOfC7BuawmsNofkxz8da7cd732zBZv2lOPpO85HSJD0LWfbTF144NXvsLe0WvJj99RlteHX7SX4dXsJgvU6XJA9DhfNTnHaDEdFbQte+izHKcfuKSbaeetbCOkvThROuAVwQnmt1Q8rE4CBzU8SIiFXXCiPtwr+WdJWwWVVTXjw9e9x3SOfYVXefpcN/j3tP1KLW59YjoraFkmP29phwZJnvnT64H+yxjYz3l+5BZcsfR8vfLwO9c0mSY//e6vfzq5uSY97OlQAEBlo8zVGV/X8ixMKAI7jHAD2ujQSIT3EjYhzyXn2llbhg2+3nvkbz6Dd1IUXPvoVf/r7p9hYcNgpU/0DUdfcgSXP/A9V9a2SHM9kseKvz3/D9AmKbpsd36zbiyvu/wD//jJfsgH7rS/zJW3125fYuFiXnIeQ3oiCuLvnEwDASQXAb3a5KA8hp0hIcO69+Z4+/G4rdh+sOvM39mLdtlJc9dBH+GZ9oaw2HmpsNeHOZ79GbVP7kI5j6bTh3pe+RcmxBomSDY3V5sAnP27HFQ98jPXbh7bl85a95Vix2nWXurgRCS47FyGnxZ06tp9SAPAiRwUAYcYYEga9v49LziWIIh5/e+CtgrusNjzx7i945M0fB7yi31Vqm9px+1Nfory6eVCvb26z4I7nvkLRoRqJkw1dY6sJf3/jR/z9jR/RNog2z8db/f7istmaoABfBBmpCRBhjBPPXABAoBkAwg7HcRgV67qGKXXNHQNqFVxZ14qbHvscP+fLv2dWXVMHbnl8OX7MLR7QYJe78zCuf/QzHCirO/M3M7R+eymue+QT7Cnp/9oEURTxxLurXVq4jYyl+/+EPVHsRwHga7IWCoLg+hVMhPxmzCjXrAP4XX9bBe8trcbNTyxH2SA/VbNg7urGU++twXWPfIYv1+xGRW3LaYuByrpWfLNuL2587HM88Nr3aGwzM0g7cA0tZtzxzFf4am3/du777KcCbC866uRUJxqVMNyl5yPkZIIAq5+h/pRnXU9picbFxXWZG6v2ARjnkmSEnCRpTCKAtS4957+Wb8T4xGjERxtP+/VtRUfxwKvf96vxjRwdrmzEK7897qZRKxFq8IdWrUCn1Y6GFhOs3e753wUcbzT08qc5KK9uxj3XzgLfS8MdZ7f67c2YxFEuPychJ+DEQo5Ls53816fvssGLQ18eTcggpUwY7/JzWm0OPPrWT6cd4LcVHcP9bjz4n8zabUdFbQtKjzWisq7VrQf/nr5ZtxeP/OtH2OynTmA6u9VvX8alprr8nIT0xIE77Zh+2gJAFE//zYS4gsEYguhw1/dNL6tqwmufbTzh7w6W1+PB1793q01tvFlOwSE88Nqp/17Pf/SrU1v99ibU4I/QcFoDQNgSOW7L6f7+9AUA+NN+MyGuMmGs6x4H7OnbnL3IKTgE4Phq8/teXoku6ykzZ0TGtuwtx6Nvrfrj0cxVefuxZvNBJlnGj41ncl5CelLy9v4XAH6G8P2A0OHcSIT0Lm1SCrNzP/P+GtQ0tOORN1a5zWI4cqLcnYfx3AdrUVnXihc/Xc8sx8TUZGbnJgQAIKBJqx92+HRf6nV7KnNT1a/gMNt5qQjpXWtzE8695CZmnfX8dRp0mK1OP0dEsB6hBj8Y9Tro/bTQ+Wig81FDo1JCrVZAqeDBc8frdAEibN0OmDqtaG6zoLqhDYcrG3C4sskpWyj3JTrs+LbEUeGBCA7Uwd9HA7VGCf63S4ogCrA7BHR3O9DVbYO5qxtmSzdaTZ1obrOgocWE6oY2mCzO/Rnr/bSD6hUglf99+hqiomOYnZ8QCPhRFxx13um+1MfG6OIWgKMCgDARaDBiTFwE9h1xbf/530k9+Ov9fDApKRrJIyKQGBuGuCgj9H5aSY7dbupC7q7D+GrtHqe2tg01+OGSs8ZjztRRCDcGSHLM1g4LDlc242B5HYpKq7HzYKWkP3uWg390uIEGf8Kc2Mei/l4LABF8Hgf5tDcl3idz6gRmBYAUfH1UmDdtDOZOS0TyiEjwvHP2gw/w02LBjLFYMGMs1m8vxb+W5w65DXBPGrUS1y+cgsvnToBa1cdnhkEI9PfFpDG+mDQmGjh3EgRRxO6DVVi9+QDWbDno1usvMiYlsY5ACEROzO3ta71ekRobGwM06GzheRdsyE3IaZQdOogrb7qfdYwB02pUuOrcSbhi3gTofDQuP7/VZsfnq3bi858LhjzFnj0pAXdcORPhwdJ84h+IdlMXPv9lJ774uYDJ7opD9cazD2DSlKmsYxAvJgjo1lkcgXxMzGlbX/b5kcTcVLEDHD/JOdEI6Zsoirji6ptwtJrdTnQDlRQfgSduP5fJgHmyLqsN67aVInf3Yew5WI02U//a34YHB2B6ahwuyB6HhGHse9hX1Lbg0Td/ks2mRP2h9/fBT998AoVS2hkTQgZCFIQ8v+BhM3r7ep+/nSLHb+AAKgAIExzHYW72FLz7359YR+mXjNQ4PLlkgeTT5IOl1agwf0YS5s84PhXd2Hp84V1jiwVt5i7YbXZwPAe1UgmdTo2QQB1iwoMQ6O/LOPmJhoUH4a2HF+G+V75Dwf4K1nH6ZdbUVBr8CXMcx2/o8+t9fdHcXLUQwLeSJiJkAKoqj+GSa+5kHeOM4qON+M+jV0Kjpou+s5i7unHDsv+isq6VdZQzeuv5BzEhfQrrGMTLiQLm+QVHre7t633e37fxjl4XDxDiClHRMZiU7NrNgQbjwRvm0ODvZDqtGvdfP4d1jDOKDA1E6qQ01jGIlxMEwaFzKPvc/KLPAiAwMKaZtgcmrF18/jzWEfo0OXk4kuKp3asrTBwdjZSRrtsuejAumDsdPK9gHYN4O57fyoWFmfr8ljMfROj/ZumEOEHW7DkIDvRjHaNX86aNZh3Bq8yV8c9bpVTg/IULWccgBLyIM47dZ5yzFARuDc/jPmkiETJwSpUSl10wC299/D3rKKc1PjHK5efs6rKisboZ1q5uZt0SOY6D1keD4AgDNFq1y87L4ufdX2dnpsIYEso6BiHgIEEB4NdhyzPp1V08IE3bMkIG4eJLLsVHX/4CS2c36ygnUKuUCDP6u+x8ogjs31WKQ8VHIYqu39r2dHiew8jkOCSmJoBzTq+jEwwLDwLHccwKn75cc/Ui1hEIASC0+xjqtp3pu854C4CLi+viIdBiQMKUv16PS+fPZB3jFP6+GnCuGPV+s39nCUqLymQz+AOAIIg4uPcIDu455JLzKRU8fF0449BfmWljED9SvrcniPcQRKznuLQzttHsV5c/UeRoHQBh7uqrr4JOZhd+Vw7+nRYrDu076rLzDVRpURmsXa6ZoZFjf9JbbriadQRCAAA8178xu38FABSrhhaHkKHTGwy49tKzWcc4QacLe9U31DTKctr7d4IgorGm2SXn6uyS1x4BczJSMCqJtv4l8sDzjp/79X39+SY/Q3ixIAjy/ehBvMbl11wtiza7vzN3WtFts7vkXF1O3jpXChaL83ff6zBbYXfI5xaIWqXEbbfdyDoGIb8R9vsEDj/cn+/sVwHAcZzIcZDnEmziVXy0vrjj5qtYxzhBdYN0O+/1RekGrWWVLmiDXN3Q5vRzDMRVF81CdMxw1jEI+Q3/Q7+/0xkHJcSZZs+dh6njR7KO8YfDVY0uOY8hRO+S8wyFKzKWVshnU6CosCBcfyN9+ifywYGTvgDQtXdvECCYBxeJEOlwHIf7/nYntBoV6ygAgMKSapecJ9AYAGNYkEvONRghkUbog5z/SKSrft798dA9t0KjoSekiUwIaPUJiuiz/W9P/S4AuLi4LvSjsxAhrhAZNQx33XQZ6xgAgG1Fx1xzIo7DpBkpCJBhV0R9kB8mZrpmEdy2YnksR7p0/nRMmjKVdQxC/iDywiqO4/q9KGlAN+w4nlsJERcOPBYh0rvw0suQv3UX8nbsZ5rjaE0zjlQ2IT7a6PRz+fhqMPO8qag4VIX6qiZ0dnaB1YMBHAf4+GgRFh2M6PhIKBTOfzZv35Ea1Df32d7cJeKigvGXO//COgYhJ+BFbuVAvn9ADzG3th4zKOxcHc/z8l+NRLxCW3Mz/nTz3ahrcs1CvN5cMW8i7rhSfo2KPM2zH67FdzlFTDNo1Sp88NaTiBsximkOQnoSBFi7RHVISEhIR39fM6CSPTAwppnnsX7g0QhxDr3BgKf+cQ9USra7r/2QWwxLp7yeTfc0baZO/LLpAOsY+Ps9N9DgT+SHE34eyOAPDLAAAACI+N+AX0OIE40dNx733c62C5vJYsWKNbRztjN99tMOWLtd03OhN1fOT8Occ85lmoGQ0+E4xYDH5gEXAIJN9a0gCPLpwkEIgPMvvhiXz5vINMNnq7ajsZX9/WlPVFXfiq/W7GaaITstAZecncY0AyGnIwiw2TjrgHv1DLgA8A8Pr+PA0eZARHYunZeG2ekJzM5v6bThhY/le4fMIQhoajOjqr4V1Q1taGgxo7qhDVX1rWhqM8Mh07peFEU89+GvsNoczDJMHBONGxdMAD+wZVOEuATPi2uDguJaB/q6QS3m43isAJA1mNcS4iw8ONywYCLMnTZsLWLzqFjuzsP4Zn0hLpo1jsn5T1ZYWo1fNu3HroNVOFbTAqGPRwZ4jsOw8CCkjIrEnCmJSEsa5sKkvft8VQF27Ktgdv7kERG469KpULrgKQdCBkPk8OVgXjeoAsCh5L/kuh2v8TzPduUVISdR8ByWXDIZ3XYHdh2oZJLh1c9yEBsRhAmjo5mcHzjeL/+p91djY0G/WoIDAARRxNGaZhytacb3G4qQMjIKy26dx3Tvha2F5Xjry3xm5x87Ihz3XjUdahVd6og8CQKsNt769WBeO6iSNiAgsoHnudWDeS0hzqZU8PjroqmYxOgTrM3uwP2vfo8DZXVMzm+1OXDX8/8b0OB/OntLq3DrP1egoYVNA9C9pVV46F8/9jlr4UwTRkfhb1dPh5YGfyJjHC/+YDCMGNQGGYOe0xLA/3ewryXE2VRKBe66ZBqmpcQyOb+504o7n/saBftdPwux/OcCHCyvl+RYja0m/Gv5RkmONRCb95Thry98iy4Xbrfc04zxcfjrZdOhcYMNmIh347jBj8WDLgC6HKqVAtA52NcT4mwqFYc7Lp6CczJGMzm/udOKe174Gv9b67rV66Io4pt1eyQ9Zs6OUnR2dUt6zN6IoojPfirAfa98x2zwvyBrLBZflA6Vihb8EbkT2n1brT8N9tWDLgBCQkI6OOC7wb6eEFfgeOBP81Jw/Xnp4DjXX9DtDgEvfZqD+15e6ZIWtkdrWiSfsrc7BFTUDXiB8YDVNLTj7ue/xpsrcplM+/Mch1svmoorz0pm8rtCyICJ/P+4uLiuwb58aMtaReHjIb2eEBfgOA5zJ8fjweuy4aNVM8mQv6cMVz30MT78bpvTmtmIooiPv9/ulGN/vW4vRCcNypZOG979ehOufuhjZqv9/XUaPHrTHGRPGM7k/IQMhsAPbQweUpkriqLS0lJ9DEDEUI5DiBSqdq5Ct6nvT6q1zWa88N9cVNUPas2MJPR+PrhkTiounDUORr1OkmNabXY8+/6v+GWz8zZGOit9FO67/iz4+WokOV5dcwdWri/E1+v2oMNsleSYgxEXZcQ9V0xHsN7njN+r8TcgcsI8F6QipG+CIJT5GaMTOI4bdAOPIc9zmZsrnwG4+4d6HEKGqj8FAAB0Wh3497fbsK3YRdv49kLB80hPjkF22khkpMYOqhgQRRF5u47gX1/kotIF0/SB/r646txJOG/mWOj9tAN+fX2zCfl7yrBhRykK9ldAEBhtZfib7LQEXH/u+H4/5kcFAJELEeIyP0P040M5xpALgLaGykSlgmO/Qwfxev0tAIDjA+ePmw/hv7/sctrU9kDFRhqQPCICibGhGB5pRHSoHsFBOij4E+/UtZu6UFrRgB37KrBuW4lLBv6TKRU8xidGIW1sDJLiIxAfZURQwP9/grY7BDS2mFBZ34by6iYcKK9D0aFaVNS2uDzr6Sh4HjdeOBnZqTEDut9PBQCRA0EQRAWviPM1RA6p45kkK106mqvyeSBDimMRMlgDKQB+t+9oI15dno9286DX0TgVz3Pw99XAX6eF3SGg3dwp210HtRoVggJ8YO7shsliZf7pvjehBj/89YpMxIbrB/xaKgCITKzVGaLOHupBJOltyYn4QIrjEOJqScOD8czt8zAmLox1lNMSBBFtpi5U1rWitrFdtoM/AHRZbahpaEe7qUu2g/+U5OF46ra5gxr8CZELQaIxV5ICQGdXLgeEAe1DTIhcBPlr8fB1WbLp30+kp+B5XH9+Ou5cNAU6rYp1HEIGT0CTX3v3oFr/nkyaGYCwMJMo8J9IcSxCWFDwHBbNSsJDf54Ff500q9yJPIQb/fHP2+Zibno87eZH3B+PD4by7P+Jh5KIyPFvSXUsQlgZFx+KZ28/B2NHhLOOQiQwc2I8nl58Nk35E4+hUAjvSHUsyQoAf2NEkSgIeVIdjxBWgvy1ePjaLFw+bzx1hHNTapUSd1yeidsWpkGrpil/4jHWavXDSqU6mKQ7XYgc/xYHZEp5TEJY4HjgwumJGBsbile/2ISmVue38SXSSBgWjDsunYrQIGmaLBEiGxwn6Uy7ZDMAAKALMv8PgtAg5TEJYWlkVBCevX0uMlLjWEch/XDp7BQsu2EWDf7EE9X4BlZ/L+UBJS0AeH6UFRz/bymPSQhrOq0KSy5Ox+2XZkCtou1h5Sg4UIfHbjkbl2SPgVIh6WWNEFkQIb7BcWmSPgcs+TtFdNjeEgTI92FlQgaB4zjMSBmG55ecg4RhIazjkB5mTIjHM7fPw6hoA+sohDiFAHQJSu5tqY8reQHgFxpbw3PicqmPS4gchAbp8I8bZ+Gys1NogSBjvloV/nrlDCy+MI2e7ScejYf4SUBAVKP0x3UGBf+qU45LiAwoeA4XzxiDJ26di3BjAOs4XillZCSev2M+Jo+JpEKMeDxBVDhlTHVKAaALjCygRwKJpxsRGYinFp+NuVMTWUfxGmqVEjcunIwHrsmEwX/guxES4n6ENf7GiGJnHNlpK5o4Bf8SRHokkHg2H7US188fj7TRkXjr6y1oae9kHcljJcaG4raLJiOcVvgTLyKKipeddWynzZ2JoshbWqr3AaCPR8QlBrMboJTMXd34aNUe5O46wiyDJ1LwPK46ZzzOmTICPMd2hT/tBkhcSsBeX2PkeI7jnLK7ltPeTRzHCaKA5511fELkRqdVY/GFaVh6zUwE6Gh6WgojhgXjuSXnYP7UkcwHf0JcTeDwrLMGf8CJMwAAIAglGnOr7ggPRDrzPIQA7GcAeuow2/Dhz7uwaU8Z6yhuScHzuPzsVMyfNhIKXj6L/GgGgLiKIAjlfsbokRzH2Z11DqeW1Dw/ysqJotPuXxAiV/66482D7r2aZgMGKmFYCJ6941ycP32UrAZ/QlyJ57kXnDn4A06eAQCAxsbGAB9Yj4JHoLPPRbybnGYAejJ1duOTX/Zg405aG9AXlVKBq84Zf3zbXplO99MMAHEJQWjwtfKxXFSUxZmncfq7LDg4uB0cXnP2eQiRKz8fNRZfmI4HrpsFo55WsJ/O2BHheP6O+ThncoJsB39CXEXk+ZecPfgDLpgBAIDW1qNBKoEvB3jqmkKcRq4zAD11ddvw1foD+DF/H+sosuCjVePP8ycic3wMeNdcjoaEZgCI0wlosojquJCQkA5nn8olpXZg4PAWiNQdkBCtWoVr5o3Dk7fPQ2ykd/eun54ai5fvmo+Z44e7xeBPiCuIPF50xeAPuGgGAABaW48ZVAJXDvD+rjon8S7uMAPQkyAK+LWgHP/9ZTe6rN6zf1aY0R83XZCO5Dj321SJZgCIUwlotojqWFcVAC7b2zQwMKbZ3FT1Gjg87KpzMJnjWQAAIABJREFUEiJnPMfj7LR4TB4TheW/FiFnxyHWkZxKpVTg4lnjsGBaAlRKBes4hMiOyIsvhRhcM/gDLpwBAP6YBSijtQDEGdxtBuBkR2pa8cmqXThQXs86iuSmjhuOq+emIljvwzrKkNAMAHEaAc2d0MQFBwe3u+qULpsBAI7PApiaK1/kgMdceV5C3EF8RCAevT4bew7X4Yu1hSivbmYdachGx4bhqnmpGBkVxDoKIbImcuIzwUbXDf6AiwsAAOh0aF725bqWgOfd7wYgIU7GcRzGJ4QjJSEM+8oa8dPmEuw6UMk61oCNjg3DpWclIynGSNv1EnIGAlCtMwv/cvV5XV4AhISEdJhbqp6CCOoQSEgveHBIjgtBclwIGts6sWVfBfL3HJX1rICvVoXM8fHImhiLuDA9DfyE9BMvCo/zMTEu30qUyTtULCvTmvTqEh4YxuL8xDO5+xqA/mhss6CwrAFFh+tQdKgG7eYupnmiQ/VIHRWJ8aMikBgVDJXKswd9WgNApCaKOKQz1CRxXJrLHwVi9m41NVbewPHce6zOTzyPNxQAPQkQUd9iQXlNK8qrW1BW04KjNS1oMznng4RRr0NslAHxkUF//C/AV+OUc8kVFQBEapyIq3yNUZ8zOTeLkwKAKIpKS0vVboAbyyoD8SzeVgD0xmK1o7HNjKa2LjS1W9DS3ok2Uxc6LFaYu7rR2WVDt80Ou0MAACgVPDRqJbQaFfx8NPD31UDvp0GQvw+C9b4w6H0RrPeBj9rldwxlhwoAIilR2OlriE7nOE5gcXpm72iO4+ympuqlHCeuYpWBEE/kq1EiJlSPmFA96yiEkD5wnOIeVoM/4KJWwL3xM0b+DAirWWYgHkQUWScghJB+EUThW19D5AaWGZhvuyWI4lJBEJhVQMRzCA4H6wiEEHJGgiDYVQ7uftY5mBcA/saYQp7n3medgxBCzsRht7KOQDwAx3FvaEOjS1jnYF4AAIBoUz0CCC7rf0wIIYPhsLJ97JJ4AAHNDiWeYB0DkEkB4BcWViuK3OOscxBCSF8qaptYRyDujhP/rtdHy+IXSRYFAADoDK2vAcIB1jkIIYQQpxCw29cQ9Q7rGL+TTQHAccndgsDfyToHIYQQ4gwchyUcx8lmtbJsCgAA8A+OWiOI4jescxBCCCGSEsRPfY1R+axj9CSrAgAAlLziHgGglTak3wRBQPXRQzhSVsU6CvFwnRYrdmzdArvdzjoKcSMiBJMo2O9jneNksty5w9Rc9QAHPM06B5GvymNlyFmXg7wtO7BjbynMnVacHROFO+6cD6VKwToe8UAOuwPfrdiKd7fuhZ+vFmnjEpA5LR3Zs2cjalgM63hE3u7UGaJeZx3iZLIsAERxh8rSEr4T4JJZZyHyYDabsHnjRuTmb8bmgiJU1J66Le45UVGYNnUU0mcmMkhIPN3OTaXYv7cCn+0/9fHt4ZHBmDpxLDJnTMO0zBnQ+foxSEjkSBDFHX6GqKlyuvf/O1kWAABgaarMEDlOVvdLiOuIoojiPXuwIWcDNu3Yjb0Hyv/YvKY350RFQQseV99+FnR+WhclJd6gu9uOT/+1BhpfzWkLgJ5USgVSEocjY/IEzMyeibHjUsFxsr3UEicSBEHgFFyaX1D0LtZZTkfWv5UdzZVv8+BuYZ2DuEZDXS02rF+PvM3bsG33QbS0mwf0+nOioqCyi0ieFIcZ88Y5KSXxRnu2HsamX4sRYPA7YwFwMoNeh8mpo5E5fQpmZs9CSGiok1ISuRGBl/0MUfewztEbWRcAra1Hg1QCvx/gw1hnIdLrtnZj++Z8bNiYjy07C1F6tHZIx/u9AOAVPK6+7Sz46X0kSkq8mSAI+PSNtTB3dA2qAOiJ4ziMHB6OaWkpyMzMwOSpGVBr1BKmJXIhABV+NmUSFxZmYp2lN7IuAADA3FhxKXj+S9Y5yNCJoojDpSXYsH498rcWYNe+I+iySrea+vcCAACSxg9H1vxUyY5NvFdJUSV+/W4nAAy5ADiZj0aFickjkDF5IrJmzcKIkaMkOzZhSxSFBX7GYT+xztEX2RcAAGBqrvyKA3cJ6xxk4NpbW5G7YR1y87Ziy659qGtqd9q5ehYAHM/h6tvOgn+gr9PORzyfKIr46v0NaKw7/nsrdQFwsogQPaaMT0Jm5lRkZc+CX4DeaeciTiTiY50x6jrWMc7ELQqAjtraMF7p2AceBtZZSN/sdjt2F+xA7sY8bNq+G/sPV8Hhot2eexYAAJA4bhhmnz/BJecmnqmyrBHff77pjz87uwDoScHzSEqIRkb6eMzMmo6UCWlQKpUuOTcZCqHOxotJgYExpz6qJDNuUQAAQEdz1dU88CnrHORUVRXHkLNuHTZt2YHthSXoMLPZMvXkAoDjOFx2UzaMIf5M8hD39/1/N6OyvOGPP7uyADhZgE6LtHGjMD0jHVmzZiMqOppJDnIGHC7WBUW5RUdbtykARFHkTE3VK3ke57PO4u3MFhM25+UiL3cztuwsxtHqRtaRAJxaAADA8BFhmH/5FEaJiDurrWrBNx/lnvB3LAuAk8VGBmPqpGRkZk7DtBkz4etDt7tYE4Ev/QxRi1jn6C+3KQAAwFRfHsHxqiK6FeBaoihiX+He48/kb9uFvQePwmaXXU+L0xYAAHD+VdMQHRvCIBFxZz9+sQXHDtef8HdyKgB6UqsUSE2MRcbkCcjKnonRySnUe8DVRKFeUCvH+ftH1J/5m+XB7X5DLE2Vl4kct4J1Dk/XUF+PjTnrkZe/Fdv2HEBz28CeyWehtwLAEBKARTdmgePd7tedMFJb0YxvPsk75e/lWgCczBj4/70HsmfNhiGYCmDnEy/QGaK/Z51iINzyimhurPwEPHcN6xyepNvaje3bNiN3Yz4279iL0qO1EMVTB1M5660AAIDMs8dhXHqcixMRdySKIlZ+mo+ailPXcLlLAdATx3FIjI3A1EnjMGPmdKRPmQ6VmhYTSkt8V2eIdrumdW5ZALS0lAUqRXUhD9AqmCE4XFqCDTk52LS1ADuLDqPTamMdaUj6KgDUaiWuuG02tQgmZ1RWUoOfv9p+2q+5YwFwMh+NCpPGJiBjWhqys7MRl5DAOpJbEwTxiJ9DlSrnhj+9ccsCAAA6Wipm8yL/K+sc7sTU3oYNOeuRl7cFW3fvQ01DG+tIkuqrAACA+NERmHtRGt0bJb1y2AV88e56tLWc/paXJxQAJ4sMCTy+kdH0qZiZnQ2dfwDrSG5DEARBwfEzfY1RbrlvjVtfCc3NVc8DWMo6h1zZ7Xbs3bUDGzfkY/OO3Sg+VAGHw72m9QfiTAUAAMy9cBJGJEW5KBFxNzvzS7B1w4Fev+6JBUBPCgWHsSOGYdrk8Zg5cwbGT5wEXkHba/dKxD91xqhHWMcYLLcuAESxSG1qDsznOS6NdRa5qKqsxIb165C/aTt2FJag3dzFOpLL9KcA0GjVuPyWbLoVQE7R0WrB5++sh6OPJ1w8vQA4md7PB+kpo5AxNR3Zs2cjIoqK59+JEPJ1QdHZHMdJ18/cxdy6AACAztZjCQ6B28WB98oNuC2dFmzJy0Vu7iZsKShCuUyeyWehPwUAAETHBeO8K6bRrQDyB1EU8f3nm1FV3vf7x9sKgJPFRYccX0yYmYFpMzKh1XjphlsCWjmeG+9riDzKOspQeMQVsKO5+hoe4iesc7iCKIo4ULQXORtzsXnLTuw5WI5um/yeyWehvwUAAEzJHoOJGSOdnIi4i307y7Hh571n/D5vLwB60qiUSB0dh2lTJiA7OwuJSWO9p6gWuEt1wZH/Yx1jqDzmX8vcVPUROPyJdQ5naG5sQM76dcjftA3bdh9AY6vbLTZ1iYEUABzH4bwrp1KDIILWRhNWvL+hz6n/31EB0LuQID+kp475o/dAkNHIOpJTCBDf9jdE38Y6hxQ8pgAQ6+r8LKrubQA/hnWWobJ127F9az5yc/OxZUchDpbXuN0z+SwMpAAAAK2PCpfemA3/AC+dxiSw2wV889HGP3b7OxMqAPrneO+BcExLT8XMmZmYNHkqVCoV61hDJ2CvrxXTuKgoC+soUvCYAgAA2hurkzjesZ0H73ZNscsOHUJOTg42bylAQfEhWLq6WUdyOwMtAADAGOKPC/80A2oNNUbxNqIoIuenPTiw51i/X0MFwOD4atWYlDwS06elISs7C7HxI1hHGgShXaFAmlY/rJR1Eql4VAEAAB1NVVfxHD5jneNMzB3t2JiTg7z8Ldi6qxhV9a2sI7m9wRQAABAdF4IFl08Bz/NOSEXkqnhXOTauOvN9/56oAJBGVFjQ8d4DGVORmZUNP3832LGT4y7RBUV+zTqGlDyuAAAAU2PVmxyPxaxz9CQ4HNizayc2bNiIzdt2o/iwZz+Tz8LskDDo+ME9s5yQFIU5Cyd6zyImL1dZ1oAfvtgCURjYe5AKAOkpeB7Jo2KQMTkVWVkzMS51gux6D4jAS36GqHtZ55CaR17tBKFEY27xzWPdH6Cmqgobco4/k799bwnaTJ0s43i8LGMoApSDn8pPmhCDmeekUhHg4Zob2vHNx/noHkTrayoAnC/QzwdpqYnInJaO7LNmISycbe8BAdjkF1STzXFp7t0r/TQ89kpnaa4eLgqOHeD5YFeds8vaic25ecjN24QtBYUoq2xw1akJhl4AAEDS+OGYeS5tpeqp2prN+PbTPFhM1kG9ngoA14uPDsXUtGRkZU7HlMwZ0Gg0Ljy7WAuHY5IuZHi1C0/qMh59letoqciGA2t5fpDzwmcgiiIO7itGTs4GbN66C3sOlMFqc9umUG5PigIAABJThmHWgvFUBHiY9jYLVn6SD1P74Gfi9MH++LT4oISpyEBoVEqkJsVj+uQJyMrOwqgxSU57nwoCbApOzPI1Rm92yglkwOOvcObmqiUAXpfqeC1NTchZvw55+Vuxfc9+NLTQM/lyIVUBAACxI8Nw9sI0KNXyuhdJBqe10YTvPt8Ec8fQWmMrdWp8c6RcmlBkyEKD/DF5QhIyMyYja9YsBBqk6z0girjZzxj1H8kOKEMeXwCIoshZmqvfA4frB/N6m82Ggm1bsHFjHjZv34OD5bX0TL5MSVkAAEBoZCDmXzYFPjpXTjkSqTXWtuH75VvQZRnctH9PTd1WbGppkiAVkRrPcUiMj0RGeipmzJiOielTBt17QBTwll9w1O0SR5Qdjy8AAEAsK9Oa9OocHpjSn+8/VlaG9evXI3/zDhQUldIz+W5C6gIAAPwCfDDv4nSERgZKelziGuWldVizcgfs3dK0y27otmILFQBuQeejQdq4BGRMmYRZs2dhWGx8v14nCkKezth2Fscle/yF3ysKAAAw1ZdHiErVVh4YdsrXOjqQv3EDcvM3Y8vOYlTVtbCISIbIGQUAACiUPGbOS8Ho1BjJj02cQxRF7N12GJvX7Zd0xq7easXWVioA3FF0mAFTJ43FjOnTMD0rCzrdqfvHCYJQJqoVUwICIr1iBbfXFAAAYGquSAWQJzpEv8I9u7BxYy7yt+5GUckxOASBdTwyRDMNIdA7sd3oqORozJiXQl0DZa7bakfOT7txeL/0C7drrF3Y0dos+XGJayl4HuMSYzA9fQKysmdibEoqeAXX7hAU0wKCI/exzucqXlUAAMCHrz/13EtvL/9ba4dHtHImPWQaghGkUjv1HP4BPjjrwkmIiDY49TxkcBpqW7H6mx1ob3HO+7vK2omdrTRD6GmMgTrcfdMVj113x4P/YJ3FlbyuAACA+/7y58LlP+Qls85BpJVhCIbRyQUAcHyjk7ETh2NKdhLNBsiE4BBQkF+Kgk0lA+7uNxDHOs3Y097mtOMTNq65aPb2p155ZzLrHK7mlVevtKz54xub2hvWbt4bxDoLkY7goqczRFFEUUE5yg7WYvrcZMQnRlDPAIbqq1uw/sc9aG7o345+Q2GnJ4A8zoKsifXeOPgDgFfufrJo0SLHxMzZMenj4ob+XBCRDVc/nmk2dWH11zuw8tN8NNTQZk6u1mm2Yv0Pu/C/D3NdMvgDQDetFfIoGakJnbPixpyyMNxbePXHlg9efjr2s69/OFRyrI66vXiA9EADwjVaZucflRyNSZmjEGg4dXUxkY6924HCgjLs3FQ6qH7+Q1HU0YYyi9ml5yTOMTYhwn7bFedEL7z54TrWWVjx6gIAAN544YmMT5avzKtuaPX6n4W7Sw0IRIyPL9MMHMdh5NgoTJw+EkFGN9ji1I047A4U7SzHrk2H0ClBU5/B2N3Wgoou2tTL3Q0LN4h/vuy89JuXPlrAOgtLXv/J96fV6ysevuumQ4UHDl9s7fa4zZ68ilGlgUHt/EWAZ9JU347inUfRUNsGH50a/npfWiMwBF0WK3ZvPYxfv9uJIwdqYLdJ09RnMCq6umBy0H4f7syg98Xi6xZcdNM9j61nnYU1ry8AAODHtRsKH1pyvbB7X+ksu4Pu8bkrvVKFEJfuFNa31mYTSgorcfhADQAOeoMvlEp6y/WHKIpoqmvH9twDWP/DblSWNcImUTe/oSi3mNEpsM9BBkfno8Et1yxYetvSpz5gnUUO6GNJDy8+dt9rb3688g6bnd7g7mi4rw4p/nrWMXrFK3jEJoQjMSUaMfGh4BVeuQa3T50WK0qKKnFwbwWa6l2zsG8g1jXWw0wzAG5Jo1Zh8TXnP3/PsufuY51FLqgAOMkzD969/O3lP11OnQHdT4RWizS9ezTo0WhVGJ4QhrjEcAyLD4VK5ZVP5AIAzB1dKCupRVlJNaqONjn1Of6h+qm+Bg56FNDtKHget147/8MHHn9lUJvCeSoqAE7jH0tv//X9L1fPZp2DDIxBpcZ0QzDrGAOmUPKIGh6MqNgQRA0PRnBYgEevGXDYBdRVN6OqvBEVRxpQV+0enfXsoohV9TWsY5AB4jgOt1xxzo8PP/P6eayzyI3nXmWG6OE7byr4ZGXORNY5SP/58ArMCQljHWPI1FoVomKMCI82ICQ8ECHheqi1ztvjwNk6Ld1oqGlFfU0raioaUVvRDLvd/WbYTA471jfWs45BBui6C2dveeLVd6axziFHVAD04b7bryte/mN+EuscpH94Dpgf4pld+fQGHULCAxEU7Icgoz8CjX4INOigkNGiQrvNgdZmM1qbOtDSZEJLQwcaalrR3uYZ+2402bqxqbmRdQwyANdcmL3rqVf/Qx/keuF5V0qJ3bP4TyVf/bRpJOscpH/mBIfCR+Ed99M5joMuQAt/fx/4BvjAz18Lnb8Wfv4+8NFpoFYrodGqoNaqoNYoB1UYiaIIm9WOLqsN3V12dFtt6DRbYerohKWjCx0dXbC0d6KjvROmds9+Pr6y04Jd7dTx0V1cef6M4mf/9QHt+dIHKgD64e6brin7es2WWNY5yJllBAXDKINeAHKkViuhUPLgeR6cgoOC/+3/8xxEQYQgCBAcAoTf/r/DLsBmc7i8xbJcHTR3oMTUwToG6YdF52aWvPDvDxNZ55A77/ioNEQZcy9IEByO8m/XbY9mnYX0rdNhB0AFwOl0d9uBbtYp3JfFTo//uYOL52WU0eDfP/Qgcj8sWrTIkXnuRbEXzk6vZJ2F9K2DLtLEScwO6g8idxfPyyjLmHMe3bLtJ7oFMEB33/KnI1//simOdQ5yeuFaLdLdpBcAcS+rG+pgpS6AskXT/gNHMwAD9Mo7H8dfOj+jlHUOcno0A0CcwSGKNPjL2JXnzyimwX/gqAAYhJfe+njUFQum72Odg5zK4nBAoEVrRGIddtooTK6uuTB7F632HxwqAAbpuTc/GnvtwuydrHOQE4miiA7q1U4k1kH3/2WH4zj8+ZI5m+k5/8GjAmAInnztP5NuvHzuWgVPP0Y5abPRUncirQ4bzQDIiYLnccsV5/z4+Ev/zmCdxZ3RyDVEy5578+xbr5j/hVoln45s3q6FLtZEYu0O+p2SC41ahVuvnf8h9fYfOioAJPDA069csfjaha/7aNy3X7snaaX7tURi7Ta6rSQHOh8NFl9z/vO0q5806GOrRFbn5K965K6bhH2HymdZu2kAYqlbFBHv6wfeA/cEIK5nFQXqACgDBr0vbrlmwdK7//7c46yzeAoqACT08/q8jY/de+uhI+UVF3VYumj0YShUrYGvl+wJQJyrubsbVV2evc+B3A0LN4iLr1tw0W1Ln/qAdRZPQrcAJLb4/sc/u/aKhZmjYsJo2TBDTd20EJBIo9lmZR3Bq41NiLD/+bLz0m+464mVrLN4GioAnOAvSx/ZdNXC7Lj0cXF05WCksZt+9EQarbSolJmM1ITO2644J/rmpY8WsM7iiagAcJIblj5ZMeuchcFzpqW0sM7ijVpsNjioIRCRABUAbCzImlh/8YQpgQtvfriOdRZPRfepnWzFihWKnbm/7Pr8+43jaFtV15oaaESIRsM6BnFjZocD6xpp/HElBc/jyoXZ25965Z3JrLN4OpoBcLJFixY5nnn9vZRbr56/nB4TdK1GundLhqipu4t1BK+i06px29UXvEeDv2tQAeAiDz356pV/uf6CpSGB/qyjeI06K128ydA00mJSlwkzBohLbrjkL/f/84WbWGfxFnQLwMXeeWnZ7BXfrF1dcqyOHsF0gdnBodDR44BkkGgLYNcYHR/pWLjg7Jl/WfrIJtZZvAkVAAx88d6TIT+t3la6fkuxnnUWTzfWX494Xx3rGMQNddjtyGmqZx3D483LTGmekz1u5OU3P9bMOou3oQKAkRUrVij25K3e9t8fNkx0OGhxoLMY1RpkBBlZxyBuqNxiRmFHG+sYHkvB87j2otmbaUMfdmgNACOLFi1yPPnafyYtue6i1/V+WtZxPFaLzQqrKLCOQdxQPfWScBqD3hd3X7/wGRr82aL70Iytzslf9czfb91dWd24qLnNRDMyEhMB+CoUCFSpWUchbkQQReztaAPNzUkvMTbcccMV88+9/YGn3mGdxdvRgCMTX7z3ZMiaX3ftX52/m+arJWZQqTHdEMw6BnEj9d1d2NpCt6SltiBrYt2s6RMTF936AN1bkQEqAGTmiaWLV3/y3fqzu6y0/ahUOABnhYTBh6cJL9I/he1tKO80s47hMXy1alx78ZyVDz/92oWss5D/R1dEmVm/accnj9+3uOFYRfX8dlMnFWgS0fAKGNR0G4D0T2FHO+y0dkQScZEh4k1XnXvDPcteeIB1FnIiGmBk6r2nn47PLdiya9324gDWWTyBTqHA7OAw1jGIG2iz2bCxuYF1DI8wZ2pKS2b6mNQblj5ZwToLORUVADL3xNLFqz/9LufsTittSDJUGYZgGGkxIDmDfaY2HDbT9P9Q6Hw0uHrh7O/+/uzrC1lnIb2jxwBl7pEX3pp7942XXZMwPIzmI4fomIUu6uTMqruohfRQJMZFOO7586WX0OAvfzQD4Ca+eHeZYWP+gaIfcnZG0K6Cg6PgOJwdEgYVR3UvOb0Wmw15NP0/KDzH4fyz0isSJ2QkLVmyxMQ6DzkzKgDczEv/WPrGZ9/8entDawfrKG5prH8A4n39WMcgMlXc0YYjNFM0YOHBAeKVC8968a+PPv831llI/1EB4Ibee3VZ0vq83Vs2biumrQUHyEehwFnBYfSLT04hiMCaxlp0C3S3bSDmTEtpzZw6fvINdz9ayjoLGRi6Drqxf95/x8rl36+/oN1M9ywHIk1vQISW2i+TE9VYu7CjlZr/9Jfe3xdXnz/7iweefuUK1lnI4FAB4Obee+6JOas25v6wrfCIhnUWd0GdAcnpbGttRp2Viun+mD5xlGVOVvq8G+9+LI91FjJ4VAB4gBUrVigOFKz/ccX3ufNoNqB/ZhiCaX8A8ger4MDaxjoItL62T4H+vrj8/Gzq6OchqADwIO+9sixz7Ybtv+TvLPFlnUXuQjUaTAmkbRfIcaVmEw6Y2lnHkLWZk8d2ZE2ZNOvmpY8WsM5CpEEFgAd68uElX6/4LveilnZazdyXLGMIApQq1jEIY6Io4tfGenQKDtZRZCkk0B+Xnj/jswf/+do1rLMQaVEB4KHee3VZ0pZthbmr8wsN1Dfg9CK0WqTpDaxjEMZqurqwo40W/52M5zicO3NCXdqYCRk3PvjgEdZ5iPSoAPBwrzzxt39+81PeQ2XVDfRvfRIOx2cB/GkWwKttam5Ek62bdQxZSRgeJlx87sxHljz49FOssxDnoUHBC6x4+xl9wd4Dm79evXWMtZv2FOgpTKPF5ECaBfBW7XY7NjTVs44hGz4aFS6aO213SNzYjHvvvbeTdR7iXFQAeJE3X1h2QW7+9s9pkeCJMg3BCKInArzSzrYWVHXROAcAWWmjTdlTplx0432PrGWdhbgGFQBe6KV/LH3j659zFx+raaJ/fwBGtRoZQdQXwNtYHA6sb6JH/+KiQ4QL52W+RG18vQ8NAF5qxdvP6AsKD21cuWZTiqWL7n+m6w0Ip+6AXqWwvQ3lnd77pIy/ToOFc6dvNw5LzKLpfu9EBYCXe++VZZlbtu1duXZzscHhxT3Q/ZRKZBtD6Q3hJayCA7821sPhhU/IKBQc5mZMaJiSNnbBDXcv2846D2GHrncEAPDGs4/cviZn88s795V77c3wJP8AjKCdAr1CUUc7yizet2Pt5JSErtmZaX+5/f5/vs86C2GPCgByguceuffdH9duutEbHxtUcTxmB4dCzfOsoxAn6nQ4sK6pHoIXffofERMmnDdn+hv3LnvuTtZZiHx43UWenNmLL77o01Fz6Kcff92SVdfc4VW/I8O0PhivD2IdgzjR3o42HLV4x73/iBC9OH/21DVjfILPX/TYY7TYh5zAqy7uZGC+eO/JkD17y3754ddtE1o7LKzjuEyGIRhGeizQI5ntduQ01cPTV7sY9TosmDVtW0pS7NxFtz7QxjoPkScqAMgZffDy07GFB/avWZWzI8HsBU8M+CuVmGkIBU/vDo+zvbUFtVbPXfDur9Pg3Fnp+0ePHjPnpjtOsHo+AAAICklEQVTur2adh8gbXeJIv73z8kPji/cd+3b1xp3DPb0QGO0XgJE6WhDoSZq6u7GppZF1DKfw12kwb8akQ+PGJp5//Z0PH2Cdh7gHKgDIgP37xcfHHdhf8t0vebtizZ1W1nGcggeHmcYQ+CuVrKMQieQ1NaDF7lmtsAN0WszNmlianJiw4Ia7Hy1lnYe4FyoAyKC99+qypOKiI9//kr8zvsPseYVAoEqNTEMwvUk8wLFOC/a0t7KOIRm9nxbzZqSVJI2OP48GfjJYdG0jQ/be00/Hl1Yf+nbNxp3jGlo7WMeR1Bj/ACRQbwC3ZhMErG+sh1V0/6V/YQZ/ce6MSbtGxIRdeMPSJytY5yHujQoAIpkVbz+j31d69Nu1eQVZx2qaPeJ3iweHGcYQBNCtALdV2N6K8k73foolLjJEnD1j4hpjzJhLlixZ4n0djIhTeMRFmsjLimXL1Ee62z7O3bHnksKSCrcfOf2VSsw0hoCnt4vbabHZkN/SCNFNm/6kjh5um5Gesjw2Zdr1ixYtcrDOQzwLXdGIU73x1MNLt+8qemRjwf4Au8N9p2DjfHVI9tezjkEGQASwoakeHXY76ygDolYpMDNtbGtayuhltz/01Gus8xDPRQUAcYm3X3wsa//Bwx+s27Q7zl2bCtGOge7loLkDJSb3WZNi0PsiO2PC4ZEJCX/6y9JHNrHOQzwfFQDEpb54d5mhtLTpk827iue62+0BNc9hpjEUPryCdRRyBu12O3LdpONf6ujhtqkTx/40MjbyOuraR1yJCgDCzJvPPnJLYfHBJ3K2FYe6Sz+BIJUaGUHB1CVQxgSI2NjUIOup/wCdFlmTk2uTk+IfXHzfUx+yzkO8E13GCHPvv/DwsGO1zR9v230gs6hU/rMCcb5+SPYPYB2D9KK4ow1HZLjZD8dxGJc4zDZlXGJOSmL0tQtvfriOdSbi3agAILLy1rP/uPJASckzeQX7Yxpa5Hv/dqI+CFFaH9YxyEnqu63Y1tIEOa35DzMGiDMmjS1LTo6954a7nljJOg8hv6MCgMjSimXL1OWC6Y29Bw5dvn1PiX+nVV4tXBUch0xDMAKUKtZRyG+sgoCcpnp0C+zv/Ptq1ZiaMrJ9XHLCJ8MEv3toK14iR1QAENl7/4WHh9U0tr+1q+jgnILico1DBhd4APDhFZhhDIaGFgUyJwLY3NyIJhu7cValVCB9bFznuHEJPyfHRiymKX4id1QAELfyzssPja8ob3xr94HDk4pKKlSsi4EglRoZhmDwTFOQ/aZ2HDK7vkGegueRkhjTPT5p5NaY4aG33XjXY/tcHoKQQaICgLitd194fNKx2uqXCosPTd178JiaVaOhKK0PJuqDmJybANVdnShoa3HZ+VRKBSaMGW4dm5iwKSIy/K7b7n200GUnJ0RCVAAQj/Deq8uSqivqX9l3+Oj0XfvKfS1drp0KHqnzw2g/ejLA1TrsNuS1NMIuOHfZn85Hg/Fj4sxjRsVsjI4Iv4t24COegAoA4nFWvP2MvrKm8anSI8cu2b2/LLSqvsUlv+cpAYEY7uPrilMRAFZRQG5TAzodzmmRPyzcII4fE1cbP2L4Ck1QzN9pEx7iaagAIB7vzWf/fkNFZc2dB8uOjS4uqdQ464kCjuOQpg9CuIbaBTubABGbmpvQIuGiP1+tGskjo62J8THF0VGRLy2+//HPJDs4ITJEBQDxKl+8u8xQWdv5aHl55cX7S45GHqqoVwgS7hTHcxymBhpgVGskOyY51Y62ZtR0dQ3pGAqeR0JMqCNpVGzl8OjIFWpjzOP0KZ94EyoAiFf74LUnR9c1ND1YeaxmzsHyirBDx+oVQ32yQMFxyAgyIlClligl6amoox1lloGP00oFj8S4MPvImOja6KiINUZdyD9vfPDBI06ISIhboAKAkB7ef+HhYc2mzocqK+vPKausjSw9Wqs2WQb+SVPF8ZhmMEJPjYIkVWLqwEFz/zpEBui0SBge3h0fHVEZFR26Sm8IfeqmO+6vdnJEQtwGFQCE9GHFihWKxrK919U3NF1bVV2bUnqsLvBYdSPfn0cO1TyPaUFG6hYokSMWM4o7Tr9ZnkqpwPCoYCE+OqIlOjJ0T5gx8CPjiPGfLVq0yDkrBAnxAFQAEDJAX7y7zNDYYL+htrnp/Pq6hqRj1fWBRyoaladbXEhFgDTKLWYU/jb467RqxEWH2odHhTaHhRr3BQYFfhcZrH+fttIlZGCoACBEAitWrFCYagrPq280X9zc1JRW19QaVVXd6FdR16yw2xyYEmREEBUBA2IXBdgUnAiDrjM4LuyIwRi0I9DH/yvDiHE/0yd7QoaOCgBCnGjFihWKjvKDs9os7QvqDlfO6Whqj+k2WXSi1aFQiiKUXv4WtIsibApAoVI5VAE+Zp3et9pf57vLJyjga5OP4dvHHnvMzjojIZ7Ku68+hDD28kN3jbeaui7p6LBMs5o646yWTmOnxeorWm1KOAROIQJK8XiPAXciArCJIhw8ICp4Qa1ROVS+Gouvr7ZRo/M77Ovvu9lH7fvV3S++WMQ6KyHeyr2uKoR4oQ+uu07bERGUabF0ZnV3WcdYu+3hts7uYJvN7m+zWn2Fbrva4XCohG4774DI8QI4URA5ThTBiT3e5CLA//YHrkdRIYoiRADggD866nLHB3GRA0SOE8EDIs+JCnAir1YKCoXCptRqrCoVb1Go1B0qH3WTRq2sVWl8iny1yg0B9e2br//oo6E9qE8Icar/A/MthgAT421cAAAAAElFTkSuQmAA',1,'Camilo90@exxonmobil.com'),(6,'Nicolas Agudelo','Nagudelo','kqPfQWm42TGH+4TaqnMSASC2XGUMWZW52S0S1TcZdFuEzk3+NTKsYQW2aa08LAo=','4b08282aa09dbff3298eb84a34c532e7dcb932abc4c5a3a8f39674e165b6352e',2,'iVBORw0KGgoAAAANSUhEUgAAAgAAAAIACAYAAAD0eNT6AAAABHNCSVQICAgIfAhkiAAAAAlwSFlzAAALEwAACxMBAJqcGAAAIABJREFUeJzs3Xl4XGd9N/zv2WZftIx2yZJt2fK+JF6yx80CgUAJhJYA5aHQ5QG6ELrzUh4e3rZP+7D2LVBaSoFCS0jZCUs2yOKsZHdix3bseJVkabSNZp85y/uHYuNYkj2Szpn7zJzv57q4QizrnJ+d0Zzv3MvvlrITgxaIiIjIM0zTNGTRRRAREVH1MQAQERF5EAMAERGRBzEAEBEReRADABERkQcxABAREXkQAwAREZEHMQAQERF5EAMAERGRBzEAEBEReRADABERkQcxABAREXkQAwAREZEHMQAQERF5EAMAERGRBzEAEBEReRADABERkQcxABAREXkQAwAREZEHMQAQERF5EAMAERGRBzEAEBEReRADABERkQcxABAREXkQAwAREZEHMQAQERF5EAMAERGRBzEAEBEReRADABERkQcxABAREXkQAwAREZEHMQAQERF5EAMAERGRBzEAEBEReRADABERkQcxABAREXkQAwAREZEHMQAQERF5EAMAERGRBzEAEBEReRADABERkQcxABAREXkQAwAREZEHMQAQERF5EAMAERGRBzEAEBEReRADABERkQcxABAREXkQAwAREZEHMQAQERF5EAMAERGRB6miCyAS4bGf/hzJE0PoXrUc3atWINHVDklmHiYi72AAIE8aPT6Ih37wszP/7gv40bF8GTpW9KK9bxk6VixDe283gpGwwCqJiJzDAECeJCvKq/69VCji2Isv4diLL73q16ONDWjt7UJbTxdaujvR0t2ORHcnGluaOWJARDWNAYA8yRfwVfT70pNTSE9O4fCze1/164qmoqm1BU2dbUh0tqGxrRUNrc1obEmgsS2BcDwGSZKcKJ2IyBYMAORJgVBoSd9vlHUkB4eRHBzGgTm+rvpURBsaEGtunPlfUyOijQ0IxaMIx6IIx6OIxKMIxaLwh0PQNG1J9czHNE3k01nkM1nks1kUs3kUcnkUc3nkszkUc3mUyyVYpgXTNGGZJmBaMC0LsiJD8/vg8/ug+nzQ/H74A36EYlFEGmKINMQRicegaHwbIapF/MklTwrHoo5eXy/pmBwdw+ToWEW/X9FUBEJBBMJB+INBaJoGxadB8/mgajP/lCTAemVU4czogmmiVCpDL5VQLpVglMool8vIp7PIpbMo5vNO/RHPCERCaEg0o7mzHc3tLWjqaEeisxVtvT2IJ5ocvz8RLQ4DAHlStLlBdAmvYpR1ZFNpZFNp0aUsWCGTw6lMDqeOnpj1tXA8io4Vvehcvgxd/cvRu34ATW0tAqokonMxAJAnNbYmRJfgCdlUGoeeeQGHnnnhzK81tDSjb8MarNi4Fqu2bkBzR5vACom8S8pODFqiiyCqNr2k4yM3vXtmzpuEaunpxLqdF2Ptzq3oWz8AmbsriBxnmqbBAECe9Ynf+RDGBk+JLoPOEm6IYfOVl2DrNVegd+0q0eUQ1S0GAPK0//y7f8Se3Y+LLoPm0dzRhouvuwo7XncNYk3uWrNBVOsYAMjTHvzuT/Djf/tP0WXQBciKgg2XbcOlb3wNVm5aJ7ocorpgmqbBRYDkWSs2rRVdAlXANAzs2f049ux+HN2rV+Cat92E9ZdtY6MloiXiCAB5lmVZ+Ju3vx+ZqZToUmiBWpd149p3vBlbrr6UQYBoEUzTNLjcljxLkiRsvGK76DJoEUaPn8Rt//A5/NMffWRWm2YiqgxHAMjTju0/hC/c+lHRZdASrdm+BW96/3vQ3NkquhSimsARAPK83jX96Fm9UnQZtET7n3gWn/mff4Z7/+t70Eu66HKIagIDAHnete94i+gSyAblchl3f+Pb+OwH/hLHDxwSXQ6R6zEAkOetu+QirNq6UXQZZJPkySH884c+hjv/43YYuiG6HCLXYgAgAnDN294kugSykWma+MVtP8AX/uR/YWIkKbocIlfiIkDyrOSJITz34GN4/qHHMXzkuOhyyCHBSBhv+7MPYN0lF4kuhcg12AmQPOfU0RPYs/sx7Nn9S4wePym6HKoSSZJw3TtvxvW/dbPoUohcgQGAPKGQyeGJe+7H4z/9BUZPDIouhwTauusyvPVP3wdN00SXQiQUAwDVtaFDR/HwHXfjufsfQalYFF0OuUTf+gG89+N/gUAkJLoUImEYAKju6CUde3Y/ikfvuBvH9nMrGM2tY/ky/O7/+TCijTxlkLyJAYDqRrlcxmM/vgf33f4j9vaniiS62vG+T/4vxJoaRZdCVHUMAFTzjLKOx++8D/d96/tIjU+KLodqTEt3J973yY9yJIA8hwGAapZpGHjyngfw829+H5OjY6LLoRrW1tuDD3z6YwhGwqJLIaoaBgCqSfseewp3fOnrGB8aFV0K1Ym+9QP4vb//f6D5fKJLIaoKBgCqKVPJcfzwn7+GvY8+KboUqkMbr9iB3/rIrZAkSXQpRI5jAKCaYJomHvrBnbjn699GsVAQXQ7VsWvefhNuePfbRJdB5DjTNA1VdBFE53PiwGF895/+DUOHj4kuhTzgF7f9AF39fdh4+U7RpRA5jgGAXMkyTdz7ze/j59/8HkzTFF0Oech/f/pL6OjrRaKrXXQpRI7iFAC5zvTEJL75D5/Dy3teFF0KeVRnfx/+6LN/A0XjZySqT6ZpGjwOmFzlwJPP4bMf+Cs+/EmooUNHcefX/1t0GUSOYrwlVzANAz/76u148Ls/hmVxUIrEe/C7P8GGy3egd02/6FKIHMERABKuWCjgq//7U3jgO3fw4U+uYZkmvv3pf4FR1kWXQuQIBgASanpiCl/8s4/jwBPPii6FaJbRE4N48Hs/Fl0GkSMYAEiY0eMn8YVbP4qhQ0dFl0I0r59/8wdIjU2ILoPIdgwAJMThPfvw+T/5GPv4k+uVikXc+bVviS6DyHYMAFR1h5/di6/89f9FIZMTXQpRRZ7+xcM4dfSE6DKIbMUAQFV1ZO8BfPV/fxLlUkl0KUQVs0wT9/7nd0WXQWQrBgCqmuMHDuErf/1/USoURZdCtGDPP/xLJE8MiS6DyDYMAFQVQ4eO4ssf+XsU83nRpRAtimVZePB7PxVdBpFtGADIcePDI/i3j/wfzvlTzXv6F7uRnc6ILoPIFjwLgBxVzOfxuQ/+L4wePym6FKIl000TJ6ZTaGxtxrIVvVg+sAoDG9dh7eYNCEfDossjqphpmgYDADnGMk187eOfxouPPy26FKIlKxkGBqenUDaMWV+TFQX9a1fhost2YMfVl2PFANsHk7sxAJCjfvLv38QD375DdBlES1bUdQxOT0Gv8Gjqju5OXPHaX8OuG1+DrmXdDldHtHAMAOSYZ37xEG77xBdEl0G0ZAW9jMHUFIxFnlOxbstG3HDzG3DZdbug8nhhcgkGAHLE2NAI/vEDf8ntflTzcqUShtIpmDYcUtXY3IQb33YTXv+bNyEU4XoBEosBgGxnGga+8Ccfw4kDh0WXQrQk6WIBp9LTsPsNMhgO4w233ISb3vmbCMciNl+dqDIMAGS7u7/xbdz7X98TXQbRkqQKeYxk0o7eIxQJ4+Z334I3vONm+P1+R+9FdC4GALLV0X0H8S9/9nGYFS6UInKjiVwOY7nq7fVvaW/Fb9/6Plx+3dVVuycRAwDZplwq4TPv+3OMD42KLoVo0ZLZDCbzYhpWbblkG97/4VvR1tUh5P7kLaZpGuwESLa47/Yf8uFPtcuycCo9LezhDwDPPvYkPnjL7+Int/8Alg2LDokuhCMAtGTjQ6P49Pv+FHpJF10K0YKZloXh9DSyJffsWtl66XZ88ON/iYamRtGlUJ3iCADZ4odf/Cof/lSTDMvC4PSUqx7+APDMo0/gQ2//fbzw1HOiS6E6xgBAS7L3kSew/4lnRZdBtGCGaeJkahL5cll0KXOaHJ/Axz7w5/jpf/9QdClUpxgAaNFMw8BPvvxfossgWrCyYeB4ahJF3d0jV4Zh4Euf+Cd8+VNfgMXdNWQzBgBatKfufRBjQyOiyyBakIKh40Rqcs5Dfdzqx9/6Hj79kb+DrtdOzeR+DAC0KEZZZ8Mfqjm5cgknpyYrPtTHTR6653588i8/zhBAtmEAoEX55V33Y3J0THQZRBVLl4oYTE3Z0tdflMcfeBif+cjfcjqAbMEAQAuml3T84jZ++qfaMZnPYXg6ZXtffxEe+fmD+NInPie6DKoDDAC0YM/c/xBS45OiyyCqyFg2g2S2eq19q+Fn3/kR7rjtu6LLoBrHAEAL9tAP7hRdAtEFWQBOZaYxIbC7n5O+9o//in3PPC+6DKphDAC0IIf37MPwy8dEl0F0XuYrDX6mCwXRpTjGMAx8+iN/h+x0fY1uUPUwANCCPPxDfvond9NNEydSk8iVSqJLcdz4aBJf/swXRJdBNYoBgCo2NTqGfY8+JboMonnVSoMfO93347vZMpgWhQGAKvbUvbthcvsRuVReL+N4agJ6DTX4scuXPvE5mB78c9PSMABQxZ7++W7RJRDNKVMq4mRqCoZZDxv9Fu744SO490c/E10G1RgGAKrI8QOHkBwcFl1GzVE1BeFIAIGgD5qmQpYk0SXVncl8HkPTKVg13ODHDt/60tdR8sC6B7KPKroAqg1P3/ug6BJcKxDyobu3FW0djWjrbERrRyNiDWGEIwH4/Nqs359N5zE+lsZkchrDg+M4fHAIQ0eTNd2hTpTRTAZThfrc5rdQE8lx3PXdO/DGt98suhSqEVJ2YpDvOnRepmnib97+PmRTadGluIKiyFi+uhP9a7qwcqALnb2JJX+yLxZKOLD3BJ546EUc3j/k+U+zF2JaFk6lp5EpFUWX4irNrS341x/9F1RVEV0KuZxpmgZHAOiCju494PmHvyxJWDHQiU3bVmLD1uUIhgO2Xt8f8GHTxSux6eKVmBibxkP3Po/HH9zHRZdz0E0TQ9MpFPSy6FJcZ3w0iUfuuQ9Xve460aVQDWAAoAva99jToksQJhILYueV67DjqnWIxUNVuWdTIoZfv+VyXLprPX7ynUdx4IXjVblvLSgZBganp2rqKN9q+/Ht32cAoIowANAFvfi49wJAZ08zLr92EzZvWwlF0HBqS3sDfvsPX4fnnjiEH972EPI5bw9350olDKVTXCtxAQdf2I+jBw+jb/VK0aWQyzEA0HklB4eRPDkkuoyqae1oxPW/vg3rtyyH5JIV+5u396O3vx3f+vLPcezwKdHlCJEq5DGSzQB8+FfkFz++C+/9kw+ILoNcjtsA6bwOPrlHdAlV0ZiI4m3v+TXc+tHfwIatK1zz8D+toTGC3//TN+Lq125xXW2OsiyMZtMYyaT58F+A3XfdB4vrR+gCOAJA5/Xy8/tEl+AoRVWw67VbcPXrtkJz+cppWZZxw5t3YsXqTvz31+5DNp0XXZKjDMvCcDrliZ7+dpscn8DeZ57Hhos3iy6FXIwjADQvy7Lw8vMvii7DMf1runDrR9+K6964zfUP/7OtXt+DP/7rm9G/pkt0KY4pGwZOTE3w4b8Ev3zgYdElkMsxANC8Ro6drMvtf/6Ahre+exd+59Y3INHWILqcRYnFw3jvH9+I173lEihKff0YZ0slHJuaRIkr/Zfkid2Pii6BXI5TADSvl5/fL7oE2y1b0Ya3vfcaNCVioktZMkmWcNVrNqN/bTe+8x/3YfjkuOiSlmwil8NYrvLz7YNBP1paYmhuiqOxMYJ4PIRINIRw2I9gwAefX4NPUyHJMiRJgmWY0A0DxWIZhUIJ2WwB09M5TE5lMD6WwshICqNjU7Dq4EyB4RNDODU4hPauTtGlkEsxANC8Thx4SXQJtpElCde84WL82usvqrt+/J09zfiDD78F9/30adx/5zMwjNpb/GVZFobP09mvpSWO5X3tWLasFd3dCXR2NqG9rQnhiL0NmQCgVNZx8uQYjrx8CgdfOol9+45jaKg2w9XzTzzLAEDzYitgmtdn3vcXOHX0hOgyliwYDuAdv3sd+tfW75z5aacGJ/Gjb+3GkZdq5+CmkqFjaHoaJUMHAGiaioHVXVi7dhkG1nSjv78L0UhQaI3JZApPPnkQDz28F/v3187PxK4br8etH/8r0WWQC5mmaTAA0JzKpRI+etN7ar4VbXtXI971/hvqYsh/IZ55/CX89LuPIjPt3p0CFoDJfBbj2Sw6Opuxc8cANm5agbUDPfD53Ts4OTQ0jrvuehL3/PwZFAvubkfc0dOJL37/G6LLIBdiAKB5HT9wCJ//4EdFl7Ek67f04Tffc82cJ/J5QalYxu5792D3Pc+57kFV1HXkUMalV63HVVduwvLlbaJLWrB0Jo/vfGc37rzzSei6excsfuPn30c07q0ATBfGAEDzeuSOu/GDL3xVdBmLdumuDXjj2y7zVtOceWQzBdx/5zN4fPc+lIu60Fosy0KgKYjXv/kSXLxtFRS59ncwnDiRxOc+/yMcPuzOjpkf/+dPYvOOi0SXQS7DAEDzuv1T/4yn7t0tuoxFufYN23DdGy4WXYbr5LMFPL77RTx6315Mp7JVvbc/oGHHlWuxaXs/upe1VPXe1aDrBr761btx511Pii5llvd86P140zvfKroMchkeB0zzGjx0VHQJCyZJEt54y+W49Or1oktxpWA4gF03bMWV12/GC0+/jGd/eQgv7Tvh6K6BcCSAy67ZiMt2bUAg5HPsPqKpqoLf+73XobEpgttuu190Oa9y4uWjoksgl2IAoFlMw6i5A4AkScLN77oaF182ILoU11MUGZu392Pz9n7kswU8//RRvPDMYRw7PIJScelrBSKxINZs7MW6zX3oX9ddU10Wl+qtN1+JXK6EH/7wEdGlnDF07KToEsilGABolvGhERguXtQ0l1+/5Qo+/BchGA5gx5VrsOPKNTBNE0PHx3H00DCOvzyC8eQ0pibSyGXnP4bY59eQaIujpbUBLR0NWLWuBz19LZ5ee/Gud16DIy8PYc/zR0WXAgAYOs4AQHNjAKBZkoO1s4ccAF5/86W45Op1osuoebIso7uvBd19r56jLxXLmJrIQNdNSDIgQYYkWQiG/YjFw4KqdS9JlvAHf/gmfPCDX0ShIP4sg6mJSRSLRfj9ftGlkMvU/hJcst3EqVHRJVTs2jdsw5XXbxJdRl3z+TW0djSis6cZHV3NaO9qRFtnEx/+55FojuHtt+wSXcYZ4zX0M03VwwBAs0wlJ0SXUJEtO1dztT+51g03bEOrSw6bGh8dE10CuRADAM0yPTEpuoQL6uxpxlt+60rRZRDNS1UV/MbN7niNTo7V5lkG5CwGAJolOzUtuoTzCob8+K3/+VpoGpewkLtdddVGNDdFRZeBqcmU6BLIhRgAaJZCNie6hPN623uvQWNC/Jsq0YWoqoLrXyN+mmp6igGAZmMAoFkKefceILN15yoMbFgmugyiil17zRbhLY+z02mh9yd3YgCgWYySuw6OOS0U9uPG37hMdBlEC9LUFMWmTSuE1pDNVLf1M9UGBgCaxTDc2QTo9TdfinAkILoMogW76iqx7anzOXdP65EYDAA0m+W+86GWr+pgpz+qWdu3D0AV2BK5kC8Iuze5FwMA1YQb3rxTdAlEixYM+rFx43Jh9y8VGABoNgYAcr3VG3qwbEWb6DKIlmTbtlXC7l0qiW9JTO7DAECu95o3bhddAtGSbd26Uti99bI71/WQWAwA5GprN/Wiq7flwr+RyOXaWhvR3tYk5N6mrgu5L7kbAwC52q4btoougcg26wX1sDBNU8h9yd0YAMi1OpclOPdPdWXD+l4h9zVduLOHxGMAoFkkwV3LTrv0arF7p4nsNrCmR3QJRGe4452eXEVRxR+yEwz5sXlHv+gyiGzV1tqIeDxc9fvKslT1e5L7MQDQLLIirmHJaRddspqn/VFd6u/vrPo9Vc1X9XuS+zEA0CxaQPybxUWXrhZdApEj+ld2VP2egSBbaNNsDAA0SzAUEnr/RFsDOnsSQmsgcsqKFdUPAMFwsOr3JPdjAKBZ/CGxbxabt4lrmELktN7e6u9siUSiVb8nuR8DAM0SjFZ/kdLZNm/n4j+qXy0tcQSD/qreMxJnAKDZGABolnAsJuzeHV3NaGlvEHZ/ompYtqy1qveLNfJnimZjAKBZoo3iAsDARjGd0oiqqbu7uar3izfGq3o/qg0MADRLpEHcp4UBQa1Siaqpq7O6i1wbE9UNHFQbGABolnhzo5D7BkI+LFvJ1r9U/7q7qxwAmsUcQkTuxgBAs8RbxLxZrFrbDVlixzKqf21t1R1la2rltlqajQGAZokLGi5cvZ7D/+QNbW2NkKrUnleSJCRaeaQ2zcYAQLP4An6EYpGq33d5f3vV70kkgqapaGqozs9YvLEBmk+ryr2otjAA0Jya2qu7TSkSC6K5lSuVyTtaW6uz1qa1k+tqaG4MADSnprbqDhku769+e1QikVrbqhN42zr5s0VzYwCgOTVWeQSgjwGAPCaRqFIA6K7+6YNUGxgAaE6JzurOx/dy+x95TCJRnYZbHd0M1zQ3BgCaU0tX9d40FEVGexf3KZO3NDdVJwC0d3dV5T5UexgAaE7NVVw41NbZCEVVqnY/IjdoaqrOAT2dy7qrch+qPQwANKdYcyN8geqcWNa5jHuUyXsaG50PAMFgEI0Jjq7R3BgAaE6SJCFRpbnDzh52KSPvicWCjjcD6uzrcfT6VNsYAGherT3VmTvsrPLJaERuIMsyYtGQo/fo6mN3TZofAwDNq61KAaC1U8zhQ0SixePOBoAejgDQeTAA0LxalzkfAKKxEIKh6qw1IHKbWCzs6PW7lnMEgObHAEDzau9zfvVwawc//ZN3xR0OAL0r+hy9PtU2BgCaV3NnO1Sf6ug9WtureywqkZtEIgHHrq1qKtqrNI1HtYkBgOYlyzJaHG4ikqjyuehEbhKJBh27dueyHigK+2vQ/BgA6LzaHZ5DbGqpTjMUIjeKhJ0LAH39yx27NtUHBgA6L6f3ETc2MwCQd4UcXADbywBAF8AAQOfl+AhAlQ5EIXKjsINrAHpXrXTs2lQfGADovDpW9Dp27Ug0CM3hRYZEbhYOOjcCsHz1CseuTfWBAYDOK9bUgEiDM+eWxxqc3QJF5HZO9cCIxKNobuUZG3R+DAB0QR0OTQPEGxkAyNuCQZ8j1+3j8D9VgAGALqhzZZ8j143FGQDI2wIOTQGsWM0AQBfGCVi6oM7+PkeuG21wtg861TbLslAuFlEuFFEul6GXyzBNA6ZhwjItyLIESDIUVYGqaVA1Db6AH5rfD0ly9pQ9uwT9zowALB9Y5ch1qb4wANAFdTs0AhB1+CCUpTINA8V8fuYBVChCL5dQLukw9TJMw4RpGrBMwLJMQAIkSJBlCZKsQFYVqJoKRdWg+n3w+f3wBQPwBQKQZA68nc2ChXw6h2wqhVwmjXwmi3wmi3KxAMta+PUkCfAFggiEwwhHIwjFY4g0xOEPOLfifrF8fmfegleu6XfkulRfGADoghJd7fAF/CgVirZeNxxxrgnKwlkoFYrITaeRT2dQyGRRLi78z2sAAMrz/wYJ8AUCCEbCCEYjCMViUH3OfAp0s0Iuj6lkEqmxcaQnp2Doum3XtiygmM+jmM8jNTZ25tf9wSDizc1oaE0gnmiCLIvvkqdpKmRZhmmatl3T7/ejm8cAUwUYAOiCJFlG58o+HN17wNbrOrkHujIWCtk80uMTyExOLeqBv4hbopQvoJQvIJUcBwD4gkFEGuKINjfCHwoCqI3h64Uq5vMYGxrG+PAp5DNZIfcfPXkSoydPQlYVNLW2oqWrE9GmJoicMfD5VBQKJduu17tqOWS2AKYKMABQRbpXLa+bAGAaBlLJcaSSYyjl80JqOFspn8dEPo+J4VPwBYOItzQjnkhAVmv/TdyChcmRJEaPn0BqfEJ0OWeYuoGxoWGMDQ0jEAmho7cXia5OyAKmZ/x+zdYAsHLtatuuRfWNAYAq0r3K/qYiTu2Bno+hlzE5PIrJ0SQsw6jqvStVyueRPH4SYyeHEG9JoKmjrSanCCzLQnJwCEOHj6DogpB1PoVMDkf2vojBwy+ja+UKtHR3VXURoWZz0OtnAKAKMQBQRbpX2d9XPODQHuhzmZaFqeERjA+fcu2D/1yWaWJqZBSp0STirS1o7uqAotbCj6uFiZFRHN//kusf/OcqFYo4svdFnDp2HH3r1iLW1FiV+6qavQFg5RoGAKpMLbyjkAu0dHfCHwigWCjYcj1VU2x/45tLbjqDkaNHUbZ5AWO1WJaFqZFRTI+NI9HdiYbWVtcuEShkszi6dz9SE+4Z6l+MfCaLF3/5JNp6urFsYLXjUzGqjcHO7/ejx6FdO1R/uB+JKiLJsq39AAIBZz/9W5aF5ImTOLn/QM0+/M9mGgZGj53AiRcPVGex4gJYFnDq6HE8//BjNf/wP9vIiZN4/rHHkMtkHL2Pptn3Nrx8oB8KFwBShRgAqGI9Nh4u4uQhQHq5jBMvHsTk8Ihj9xAln8ng6AsvIu2SBXV6uYwDTz2DY/sP2LqVzS0KmRz2Pvo4JkZHHbuHndsRV61fY9u1qP5xCoAq1j1gX3tRpwJAKV/A4IGXUC7Zt6r6XJIkQVYVyIoCWZbPLBizTAumacI0DBi6AWARXWwqYBkGhg8fQT6TRUtvNyRBcwL5TAYHnnrWgbl+Cf5QEIFQCIFQAJrfD9Xng6qqkBUFkiTBsmb+ro2yDr1cQqlYQqlQQDGXRSGbtzWMmIaJl57eg951A2hf1mPbdU9TFfs+h61aP2Dbtaj+MQBQxXps7C/uRAAo5nI4uf8l25rKyKqCYDiMQDgMLRiAPxCA6vdBUdQLzsNbsGCUdOilIkqFIor5AorZLArZLEzDnofT1Mgo9FIJ7SuXV3372vTEJA4+/awtf9eyIiPW1IRYUxOiDXGEYtEl7WO3LAv5zExnwfTUJFJj4zY0sbJwbN9+wDTR3mfvEdl2/rdbtX6tbdei+scAQBVr7mhDKBZBbnrpc6J2LwAs5vN6rqvaAAAgAElEQVS2PPz9oRAiTQ0Ix+MIhEKLXnAnQYLq06D6NAQikTO/blkWirkcslMpZKdSKGRzS6o3MzmFoYOH0LW6v2othlNjYzj49HNL+pQtyzIa21vR3N5ue1c+SZIQioYRiobR0t0JwEJ2OoPJkREkh4ZRyi9+Ieux/Qchqypau7vsq9em/2zReAwdPZ32XIw8gQGAFqRnoB8Hnnh2ydexc9hTL5cxdODQoh/+siIjlkigoTUBX9DZ9sSSJCHwyqhCc1cnSvkCpsfGkUqOw9DP00L4PHLTaQy+dHgmBDi8f33mk//iH/6+QAAdfb1IdHVA1TSbq5uPhHAsinAsiq5VK5FKjuPU0WOLbkx09IUX4Q8EEE8021KdXSMAqzdw/p8WhgGAFqRn9QpbAoBdn1Yty8LQS4cXNecvyTKaOtrR2N4qrHWqLxhAoqcLTV0dmB4bx8TwKejFhf9ZcqlpjBw5hvYVvXBqn2A+k8HBp59d1MNf8/nRvar6TXbOJUFCQ0sCDS0JpKemcHz/QWSmUgu6hgULh557Hhsu2wm/DYHRrjUcAxvX23Id8g4GAFqQXpu6jNn1EBg7OYTCIvrKR5sa0LJsGVRftT6Fnp8sy2hobUE80Yyp0STGB4dhLrBp0fTYOPzBIBo72myvTy+XceDp5xY8yiJJQFtvL3r6V7qutXG0oQHrdu7A2OAgju0/uKA/m14u49Bzz2Pdzu1Lfi1Lkj2LRddsYgCgheE2QFqQgW2b8f5PfQwD27eILgWFTGbBW/0kWUbHyj509K90zcP/bJIso7G9DX0b1yPSGF/w94+dGETB9n3rFo48vw/F3MLWK/iDQazbuR29a5xvprNYkgS0dHdh4+WXIByPLeh7M1MpnDp6fMk1mEt4/ms+Da//zTfh89/+Cjbt2LrkWshbOAJAC7Z8wxr8zoY1OLrvIG77h89hcnTswt90DmsxB72f8/0jR45jIVvtNJ8PnQP9tgzbOk31aehctRJTo2NIHj8Jq8JhdwsWhl8+it4N62ybW06eHF7wPvh4ohn9mzdWcZ5/aU6HlZf3vIDxU5WHypOHDqG5Y+a47MVa7HqKTTu24g8+8qdo6+pY9L3J2zgCQIvWt241bv3nf8CGy7cv+HsXOrx9rumx8QXtP9f8fnSvG6iJh/+vSGhobUHPmtULepCWC0VMDp+ypYJysYRjBxZ2CmRLdycGLt5aMw//02RZxsotG5HoqnwlvWmYOPHSoSXd1zAWFoYlScItv/9ufPwLn+TDn5aEAYCWJBgJ411//SHsfN01C/o+c4Fveucq5QsVLyRUNBXda1ZDq8FT9QAgEAmjZ90aaP7K6g83xBG16SCbk4cOwShXPjfe2tOF5evXC13otxQSJKzYsK6iFf7+UBDd/SvQvXJpB2UZCwjDsqLgDz/6Z7jl9/9Hzf4dk3twCoCWTJIkvOWPfxd6uYyn7t1d0fcs9FPPuVqWdaO5qwPpiUlMj40jn55v3ltCx8qVFT883Urz+9C9dgAnXjww7y4BfyiIxLJuhGMLm8ueTyGbRfLkYMW/v7G1BX3r17r1rKKKSZKE/s0b8fzDj85qIKSoKprb25Do7kS0IQ47dlzoeuUB4P0fvhXX/voNS74nEcAAQDaRJAm/+SfvQ3pyGgefeu6Cv98wl34sr6woiLckEG9JoFwsYnpsAtNj4686LKehrQWhWOQ8V6kdms+H7oFVOLHvwKtWrKuahubuTsRamm1tCzx05CgqXaoRDIfRv2mjsLbEdlM1DX3r1uLg089CkoBYIoGWrk40tiZsbVoEALpe2RqAt7z7Flx/0+ttvTd5GwMA2UaSZbz9zz+Az37grzA9MXne32tU+KZXKc3vR3NXB5q72pFPZzE9Po7sVGpB87m1wBcIoKN/BU4eOAgZEho72tHY0Q7ZxsZKAFAulTA+VNk6AgkSVm7e4NqV/ovV2JrA8g3r0NiagOZb/CK/C9Er2H64YdsWvOsPfsexGsibGADIVuGGGN7x4T/Cv/7l35535fpChj0XRkIwGkEwGoEFq24+kZ4tFIuiY+UKBCJhx9Y1jA8NV7w6vX35MtumHdxFsrXl73z08vl/FsLRMD70//5V1Vo9k3fwFUW2W7FxLS698drz/h7nAsCv1OPD/7RoU6OjixrHKtwKp6gqOlcsbRGc1+kXWAT42x98H5pbW6pUDXkJAwA54oZ334JIw/yNbEybpwDIPuViCdkK2+O29XTX3HY/tymfZ5fFmo3rcN2bXlfFashLOAVAjghEQnj9e9+O//7Mv8z59WqMADjFNC08uecwHnr6IF56eRiT01nIMtDSGMe6VV3Ydck6DKyo3bUH05OVH5LT0tPtYCUzLMvC/sNDuP/xfXjx0CDGJqdhmkBTPIzVyztwxfY1uGj9cshybY746OX5w/B7//QPuN2PHMMAQI65+Lorcd+3f4TkiaFZX7vQsKdbPfjLF/G5/7gLx4dmdz88fGwUjz37Er7y7fuxZV0vPvTeG7FmZe0FgWxquqLfF4xEEAg521hp70sn8Nl//xmePzC75e6RE8BTLxzBbXc8gr7uVnzwt2/AZRfbc1ZFNZXnCcM7d13OE/7IUZwCIMdIsozr3/GWOb9mnOdTjxvphol/+OKP8Od//19zPvzP9ey+Y3jvX/wLvvXjR6pQnb3yFR6uFGtscKwGy7Lwje/vxu/+1ZfmfPif6+jJUXzob7+OT/3bj2EYtfPaMk1z3sWWt/zeu6tcDXkNAwA5avPVl6KlZ/anYNM0YS7xPIBqMU0LH//H7+D7d/9yQd9nmCY+++8/xde++6BDlTnj7D4K5xOIhB2r4cu334fPf/0umAs8KefbP30Mf/P57y35rIlqmW/4/6JLd2D5wMoqV0NewwBAjpJkGVfeNPciJuMC25/c4hs/2I27H9qz6O//4n/ejceeOWhjRc7SK2z9q6rOzCA++MsX8eXbf7Ho7//Z/c/i9p88amNFzplvAeCb3vUbVa6EvIgBgBx30bVXIhCePVdcCwsBh0cn8W+3/XzJ1/n7L/4IpQX01BfJsiocQndgcVqxWMYn/vWOJV/ni9+4B6Pjla1lEKk0RxOg7uW92LzjIgHVkNcwAJDjfAE/tl1/9axfr4UA8M07Hpl3kdZCnEpO4e7dix9F8Iqf3P8MkhNLf3AXSuWaGAXQS7MDwGvefKOASsiLGACoKuY6LfBCHdBEM00L9zxo30P7rgcvfEaC1935gH1/R3fvfs71awHK5/wMqKqCXa+/TlA15DUMAFQVbb096FzZ+6pfc3sAOD48hsnpylbEV+K5fcdgVNhe14vKuoG9B0/Ydr3RsWkMj07Zdj0nnDstdNHlOxE7TwMtIjsxAFDVXHTtVa/693M//bjN0KnzH2i0UMWyjvGJ+Y4tptHxFHSbt/CdPFV5UyMRzl1weeVrZ4+UETmFAYCqZsuuS1/V1cztawAKpbID1yzZfs16USzav0iyWLT/v6Gdyme1xPb7/dh25SUCqyGvYQCgqok1NaJn9a/2Nle63UyUSChg+zWjc+yGoBlO/H1HIvZf006lswLKlku2IRjk64OqhwGAqmr9ZdvO/H/D5SMAfV32nsAWi4bQEAvZes16kmiKIhS094RDu/8b2u3sNQA7rr5MYCXkRQwAVFVnBwDd5ScCtiZiWNaZsO16Ozat5MEu5yHLEi7euMK2663qbUdj3LluhXYolWdGACRJwsVX7BRcDXkNAwBVVWtPFxpamgGc/xhUt3jDtfY1ZHnjtVttu1a9+vVrL7btWjfa+N/OKacXwi4f6EdDU6PgashrGACo6lZt3QjA/dsAAeCtr9tpy6fITWuWYeeWVTZUVN+u2LbGlhMUW5tjePP12y78GwUrl2Z+Btj5j0TgccBUdasv3oQn7r6/JkYAwkE/7vzah0WX4RmyLOE/PvUB0WVUTVmfmQLYtJ2jQ1R9HAGgqlu+cS2A2jsSmMhupZIBRVGwZssG0aWQBzEAUNXFmhrQ3Nnq+j4ARE4r6waWD6zk9j8SggGAhOhbvwZlw9192omcVi6bWLOJn/5JDAYAEmLZwCroZQYA8rZS2cTqDWtEl0EexQBAQvSu6YfBEQDyuLJuYOW6AdFlkEcxAJAQbX09sPjyI4/TNB86e7pEl0EexXdgEkJRFTS1N4sug0ioju52dockYRgASJhEZ6voEoiE6uhZetMjosViACBhmtsZAMjb2jo7RJdAHsYAQMLE2xgAyNsYgkkkBgASRguw+Ql5my/o7tMKqb4xAJA4kia6AiKhJJk/AyQOAwAJIyk+0SUQiaUwAJA4DAAkDt/8yOtkhmAShwGAxJFkSJIiugoiMSQVYA8AEogBgMTiNAB5lMQRMBKMAYDEUlTRFRCJIfO1T2IxAJBYHAEgr+IIAAnGAEBi8U2QvIrhlwRjACCxuAqavIo9AEgwBgASiguhyKskleGXxGIAILH4KYi8iq99EowBgMTiCAB5FdcAkGAMACQW1wCQV3EEgARjACCxOAJAXsU+ACQYAwCJxQBAHiWpfO2TWAwAJJQkKTwPgLxHkmfOAiASiAGAxOMoAHkNX/PkAgwAJB7fDMljJO4AIBdgACDxuBOAvIY7AMgFGABIPI4AkNdwBIBcgAGAxOOnIfIYiVsAyQUYAEg4ngdAnsMRAHIBxlASj2sAaoYkAbKiQlEVKCrfPhaNoZdcgD/BJB5PRXOVvnVrIUkSFFWFrChQVQWyqkJRVMiKBEASXWLt47QXuQADAInHT0Ou0tjaIrqE+scpAHIBrgEg8bggiryG017kAgwAJB4/DZHHSApDL4nHAEDCSZIy0xudyAskiaNe5Ap81yVXYGtU8gwO/5NLMACQO3AhIHkFX+vkEgwA5A78VEQeIfG1Ti7BAEDuwEVR5BUcASCXYAAgd+CnIvIIiY2vyCUYAMgVeB4AeQZ3AJBLMACQOzAAkFfwtU4uwQBA7sApAPIKvtbJJRgAyB3YB4C8gq91cgkGAHIHzouSV/AkQHIJBgByB66MJo/ggldyCwYAcgWeB0CewHMAyEX4jkvuwU9GVO84/E8uwgBArsEDgajuMeSSizAAkHvw0xHVO4ZcchEGAHIPfjqiOicx5JKLMACQe7BBCtU5TnORmzAAkGvwkBSqexzlIhdhACD3UPyiKyByFl/j5CIMAOQeHB6lesdRLnIRBgByDzUgugIiR0kKX+PkHgwA5BqS4gcgiS6DyDGWyikAcg8GAHIPSYLEN0iqV4o20/KayCUYAMhVLC0ougQiR0gKX9vkLgwA5CqSyjdJqlMa5//JXRgAyF0YAKhecXSLXIbnUpKrSP4wLNFFOMWyMDWextRECv6gH5FoGKFoEIrCHO4FkhYSXQLRqzAAkKtIWkR0CY4wTBNPPbAHwydGX/XrkgQEw0GEYyFEomFEYiGEozP/HoqEIMvcFVEvJC0sugSiV2EAIHdRfDPtUo2y6EpsdezAiVkPfwCwLCCXySOXySOJ8Vd9TZIkhCKvhINYCJFo6JX/H0YwHIAkMRzUDgmWFuQmV3IVBgByHy0CGJOiq7BVJp1f8PdYloVsOodsOofRwVd/TZZlhCLBmRGDWPiVEYSZoBAIBcBs4DJakFsAyXUYAMh1JH8MVqG+AkDnslYc2X/ctuuZponMdBaZ6SyA5Ku+psgywvEQwpHQKwEhdGaKIRD0gemg+iRffU5tUW1jACDXkfzRulsImGhrRENTDFMT047fyzBNTE9mMD2ZmfU1RVVmphNiIYSjYYSjvwoJfr/GcOAQyR8VXQLRLAwA5DpSICa6BPtJElZtXI4nHnhOaBmGbiA1kUZqIj3ra6qmInJ6OiEWQiT6q8WJmp/H2C6F5GMAIPdhACD3kX2QtCCs8sLnzd2sY1lb1UYBFkMv65gaT2FqPDXra5pfO7PG4PSag+grixJVjW8j5yVJsPxRLgAk1+FPLrmTvwGoswAgScD6bavx8N1Pii5lwcrFMiaLKUyOzQ4H/oDvzEjB6dGDcCyMSDQIReXCN8kX4QJAciUGAHKnYCOQGRZdhe0S7U3o6mvH4NFTokuxTbFQQrFQwsTo1KyvBUIzDY/C8SAikfCZBYnhWAiK7JEGSP4G0RUQzYkBgFxJDjTCEF2EQzZuX4Pk8DhKxfrqdTCXQq6IQq6IsZFzviBJCIb8v+pvEA/P/DMaRiQWrKvFiFKwUXQJRHOSshOD9bbgmuqEOfQ0rJI758uXaujYiPAFgW7Vs7ITF122vj5CgCRBXnYFpwDIdUzTNDwyBke1SAo1iy7BMZ29bVg+sEx0Ga504vAQjrw0eOHfWAv8DXz4k2sxAJBrSeGE6BIctWH7ajS3cnh4LplUVnQJtpCCTaJLIJoXAwC5lxYG6vgENVmWsePXNiMcq98/42JIkoxlKzpEl2ELKdwiugSieTEAkKvJ4TbRJTjK5/fh8uu3IRgOiC7FFSRJwrarNiLeXPvNoCRfDJLK/67kXgwA5G6RVtEVOC4YDuCK125HKBIUXYpQiiJj+67N6Oytk9Dngdcu1TYGAHI1SQ0CwfrfRx2KBHHlDTsQb/TmoTGaX8Ol129DR0+dPDQlCXK4Tv4sVLcYAMj15GiX6BKqIhDy44obdqK9x1vzxvHGCHbdeAmaW+sn6EnBJkDxiS6D6LwYAMj1pGDCM2+mqqZgx66tWLt1FaR62Ad/AX2re3Dl63fW3fSHFOkUXQLRBbERENUEK3Uc5uTLosuoqsmxKTz90F5kputjS9zZAiE/tlyyDm3d9TfaIWlByJ076qOREdUt0zQNBgCqDaYO48RjgKWLrqSqDNPEwedexqG9R2GapuhylkySJCxf04O1W/rr9hRBqWkV5Jg3pq2odjEAUE0xJ4/ASh0TXYYQ2XQO+55+CUPHzm2qXzvauluw7qJViDXU8UJHRYPcfQm7/5HrMQBQbTHKMAYfB0xvjQKcbWo8hQN7XsapE0nRpVSstTOBgU0r0FRHi/zmIzeugBRni2dyPwYAqjlW6hjMySOiyxAuncrgyP4TOP7yMIyy+wKRosjo7GvHynV93tnaKPsg9+zkp3+qCQwAVHMsy4A1+AQsvSC6FFcwyjoGj43i5JEhjJ2agCX4p7khEceyFR3oXt4Bza+JLabK5ObVkKJc/U+1gQGAapKVS8Ic3Su6DNcpFkoYOTmGkcEkkqcmUC6WHb+nLEtoam1Ae3cLOnraEIrW13a+ivnCUDq2ceU/1QwGAKpZ5sgeWPkJ0WW4lmVZSE2mMTk6hfHkFNKTGWSmc0veSeDza2hoiqEhEUdzWwOaWxqg1Olq/oWQ27dCCsRFl0FUMQYAqlmWXpiZCrAM0aXUDMuykM8UkE3nkM3mUcgWUCgUUS6UUdYNWKYJCRJkVYGmKtD8PvgDGoKRAMKREMLxEAJ+Hz/lnkOKdEJOrBZdBtGCMABQTbPSQzDHD4oug7xM9UPp3AHIXPhHtcU0TYOtgKlmSdFOSKGE6DLIw5TEWj78qWYxAFBNk5sHANUvugzyICneCwTqv7cB1S8GAKptiga5dQPnpam6gg2QG/pEV0G0JAwAVPMkXxRy04DoMsgjJDUAJbGeoZNqHgMA1QUp2o5MJi+6DKpzlmVBbtsIKN5qckT1iQGA6sZ0JotcliGAnGFZwOREGtDCokshsgU7eFD9sIDxiRRkWUYgyIWBZB8LwPjYJMp67R/JTHQaRwCorliWhbGxSRQKJdGlUL2wgPHxKeTyPH+C6gsDANUd07KQTE6gUCiKLoVqnAVr5uHPqSWqQwwAVJcsy0JydBL5PEMALY4FC2PJKWRzfPhTfWIAoLo18wY+iUwmJ7oUqjGmaWJ0ZAJ5DvtTHeMiQKprFixMTKSg6wYaGqKiy6EaoOsGkqMTKOu66FKIHMUAQJ4wPZ1Buawj0dwASWYDF5pboVDC2Njkko9NJqoFnAIgz8jnCzg1Mgadn+xoDul0DsnkOB/+5BkMAOQp5bKOU6fGUeDiQHqFZc1ME01OpmDxcHTyEAYA8hzTNJFMTiCVyoguhQQzdAMjI+NcKEqexDUA5EkWgFQqjWKphERTA2SFWdhrCvkixsanOORPnsV3PfK0Qr6I4VNjKJXYOdAzrJnwNzo2wYc/eRoDAHmeYRgYGZlAOp0VXQo5zDBMjCbHZ6Z/ON9PHscpACLMLASbnJxGoVBCc3McssxsXG8KhSLGx6dgGPzUTwRwBIDoVfL5AoaHx1AsckqgXliwMDk1jdHkBB/+RGdhACA6h2EYGB2ZQGqauwRqna7rGDk1jvR01pYhfy0QXPpFiFyCAYDqRiBsX6tfCxZSU2mMjo7DMAzbrkvVk83mX1ngWbblej6fhlC0wZZrEbkBAwDVjWAwjHAoZOs1C4UShofHeChMDbEsC2PjUxgfn4Jl2rPSz+/zIRwOg02kqZ5wESDVFb/fB0mWkMnmYFdbt5nGQZOIRkKIN8YgS3wMuFWxWMLY+BQM3b5RG7/fh3DQ3mBJ5AYcAaC649M0xMJhSDY/qNOZHEaG7RtSJvtYwMyUzci4rQ//QMA/M6rEzEd1iAGA6pKqqYhFI7Z/Wi/rOkZGxjHNBYKuoZd1jJwaQ2o6Y+vW/mAwgFCQi/6ofjEAUN1SFAXRaBSyrNh6XcuyMDWVxojNnzZp4dLpnK0L/U4Lh0IIBgK2XpPIbRgAqK4piox4LAJVsTcEADPzzUPDSWQzeduvTednmAZGkxOvnOBn4+d+SUIkHIbf77PvmkQuxQBAdU+SJESjEWg+zfZrW5aF8YkpJJOTbDJTJdlcAcNDY7Yf6SxJEqKRMHwOvE6I3IgBgDxBeuWTXcDvd+T6+XwBp04lkctxu6BTTNPE2NgkxscmbT/ER5JlxCIRaCo3RpF38NVOniEBCIWCkGUJOQf29RvGzAMqFA6iqSHGI4ZtlM8VMDGZcmSURVFkRCMRnv9AnsMAQJ4TCASgyAoyuZy988evyGXzKOZLaGqOIRjkQrKlME0TE5PTyGWdWWehqSoiEfu3jBLVAkZe8iTNpyEajUCWnPkRMEwDyeQkxsanYHJtwKLMHMyUdOzh7/f5EOXDnzyMIwDkWaqiIBaLIJPJQneo338um0exUERjYxyhEEcDKuH0p35gZo8/t/mR1zEAkKfJsoxoNIJMNody2ZkOf2fWBgQDaGyKQ+HagHllcwVMOTTXD2Bmm18oCJ+P2/yIGADI8yRJQiQSRi6XR7Fo79ays+XyBRSGi2hoiCESYW/5s+mGicmJKeRt3tp3NkmSEY2EoHKlPxEABgAiADM7BMKhIBRFRj6Xt7Wl7NlM08LERArZbB5NTXFoGn8E0+kspqbSjizIPE2RZUSiEShc6U90Bt99iM4S8PuhKjLSGWd2CJxWLJZw6lQS0WgE8XjEkwvRSiUdExMplEolR++jaRoi4ZAn/46JzocBgOgcqqohFo0gncnBNJ3r9W9ZwPR0BrlcHvGGKMIhbxw8Y5kWplJpZNI5WI6Ntczw+/0IhYI8zI9oDgwARHNQFAXxaATpbA667uzxv7puYHxsChl/Do2NsbpuRZvL5jE5lYbh0K6L02aaPoXY05/oPBgAiOYhyRKiUecXB542My0whlAogHg8WlfrA4rFEqam0igWnR3uB2YW+0UiIbb1JboA/oQQncfpxYGqKiOXy8PBZQFn5HIF5PIFBAMBRKNhBAK1+ym2VCojlcog70Dr5bkoioJIJMzFfkQVYAAgqoDf559pH5zNwjSrkAKsmU54+XwBqqoiHA4gFArWxKhAqVRGPl9ALldAuaxX7b4+TUOYi/2IKub+dxMil1BVFbFoFOlM1vE57LPpuo5UKoNUKgNVVRAIBhAM+OD3+Vxx4JCu6ygWyigUiygUikKORQ4GAwj6A+BqP6LKMQAQLYAsy4hFI8jm8o5vX5uLrhvIpLPIpLOANHOYjc+vwa9p0HwaNE117FQ707Kglw3o5TJK5TJKZR2lYtn2o3kXQpIkhMMh+LT6XThJ5BQGAKIFkiQJkXAIeUVGvlCAwzvZ5mcB5bKOcllHFr/qmy8rMlRVgaaokFUZqqJAlmUosgxJliDJMmQJkF75uGzBgmkBlmnCsiyYhgnDNGEYBnTDhKEb0HUDhmmI+7POQVEURMNhV4yCENUiBgCiRQoGAlBVFZlsFlY11gVUyDRMlAwTJTi7fVGkmfn+MDjdT7R4jM5ES6C9si5AURXRpXjCzP7+ICIRPvyJlooBgGiJFFlGLBKBnyfMOUqWJEQiEQT8ftGlENUFTgEQ2eD0YjRVVZDLV6dfgJeoqopIOAxZ5sd+IrswABDZyO/3Q1EUZDI5mJa41fH1JBAIIBgMcIcfkc04BUBkM1VVEYtFodZA0x43k2QJkUgYIT78iRzBAEDkAFmWEI1EEAxyvnoxVFVBPBrl/n4iB/EjCpFDJADBQBCqoiKTzcHiwoCKBAJ+BANBrvInchhHAIgcpmkaGmL1dbqfE2RZQiwSQSjIhz9RNTAAUO2zLBi5KViGexvfSLKMSCSCYJD96ufi03yIx2KuXzdhGSUY+RS4zYPqgZSdGOQrmWqOWc5Dz4xBnx6Dnh2DZVTv1Lml0nUdmWxOaA99t5AkCaFQsOZ6KEiKBjXSDDXaAjWSgKwFRJdEtCCmaRoMAFQTLNOAkZ2AnhlDOT0Gs5gRXdKSWJYl7EAht9BUFeFwyLHDi6pJ9kegRRNQIwkokSZIEjtDkrsxAJCrGYU09HQSemYMRnaiLhfRlUplZHPeWiAoSRKCwQACPn9dTodIsgwl1Agt2gIlkoASiIouiWgWBgByFUsvQs+Mo5wZg54eg6UXRZdUFZZlIZfPoVh07xoGu/h8GsLBIKQ6+NRfKUn1Q31ldECLJCCptTXdQfWJAYCEMvUyCscfQWniMNSGARj5adElCaXrOnL5PHTdEF2K7VRVRSg4c3qi1ynBOPTJvfC1DCDQfSlklb0OqPoYAKjKTBVKapYAABXpSURBVBSTh5A/+gCKQ09Cn3wJllkCJAmRjX8IyR8TXaAr6LqOQrFUF+sDVFVDMOCDxoY+Z5iFCWSf/yIAQJJ90JpWw9+5DcG+q+BLrBZcHXkFAwA5zkoPIb3vNhSGHoM+PQLTmHvlu7/zSvi6rqpyde5mWRZKpTKKpTIMvYxa+UGVZRk+nw9+nwZF4WK4cxVP/gKl4Ufn/JqsKlBjbQh07UR03TshhdurXB15BQMA2c8oInfoR8gduQflicMwCpXN40u+KCKb/xBsTTE3y7RQ1nWUy2WU9TJM010/toqqQFNV+DQNqqLW5eI+O1iWieyz/x8sPVfR71cCAfiaViK4/DUI9b8BUNhamuzBAEC2KI3sQfbA7SiN7IGenYK1yIdTcMVNUJvX21xdfTIMA7quQzdMGLoOwzCqN0IgSVBlGaqqQtVUqIrKY3orpI/tQf7IHYv6XkmWoIYb4W/bguCa34C/daPN1ZGXMADQohiFceRevB2Fkw+jPDUIs2xPEx451Irw+t+z5VreY82EAsOEaZgwDAOmZcIwzEVvMZRlCbIkQ1ZkKIoMRVZn/r+ssFXvYlgWsnv/FWZ+3JbLyZoCLd6NwLIrEFr3dii+BluuS97AAEAVsqCP7UXp1AMojz2FzJGDjnVCDa56G9SGfmcu7mGmORMETMsCXvnn6We4BUCWJECSIEsSpFf+yae8vcoT+1E4/F1Hri3JEqJ9q6EmLoav/SqoifXgPAydDwMAzcvMJ1EcvB968nGY0/sAI33ma/lJC05t0VdCHQitfw/45kV1xbKQ3fdlmLlRRy6vBiQEzxoAkJQYEFsHrfUS+Dt3QQ42O3Jfql0MAHSGaZRRHnkM5ZGHYU48C6s4BMwzq1zOWSg4uGWfawGo3ixl7r8SgbgELTjfVyUg0A2lcTO0tsvhb7sEUNiPwesYADyuPHkI+vAD0MefhJk5CFiV7Tu3TCCbtBybBpB9cYQ3vR9gP3WqB0YZmef/BVbZodQsAdFWqfJBM9kHObwaamI7fJ27oMRXOFMXuRoDgNeUplEYfADl0UdhTr8AlCcXfan8FKAXnHvp+Lt3wddxuWPXJ6qW0uBuFIcedOz6ahAIxpcwZaY2QW7YCK3lUgS6rgJ8PLvACxgA6p2po5x8BqVTD8OYfAZW7gjmG9ZfKL1oIb/4/HBhsorIht+H5G908CZEzjILY8ju/TJgOtfeOdgEqD671sxIkELLoTRuha/9CmitWzkSV6cYAOqQnh5EafB+mOO/hJF5ETDyjt0rm7ScfF+DEutDaOCdzt2AyFEWcvu/DiN90rE7yAoQbnFwwawcghxbBy2xHWrX1VDDXc7di6qKAaAOmEYe5aGHUR55BMbUc0DJmVXGcyllgWLa2ZdPoO9GaC1bHL0HkRPKI0+icPwuR+/hj0rwhR29xav52iE3bIav7RJonVdAVgJVvDnZiQGgJp3ek78b+vhTsHKHAcueRjwLrsThxYDAzGEpofW/AznQ5NxNiGxm5JPI7fsKYDr4sykBkVZJXLsGSYMUXgm1+WL4Oq6C2rQW3L5bOxgAaoSZH0dx6H4YycdhTr8AS09f8HuqpThtoVRZW/NFk8MdCK9598x4J5HbmTpy+74CI5909Da+8MwIgGuoMSixDVBbdsLXdTXkAHsPuBkDgFsZOoqv7Mk3Jp8DCidh1+I9u1mmhUwSjpentW1HYNlrnL0JkQ0KR3+KcvIZZ28iAZEWCZJrz8463XtgC7T2K+Bv2w7IPBLaTRgAXMRIvYzS0P2/2pNvOtRqzwGFFFDOO/8yCqx4I7TmTY7fh2ixysmnUTj6M8fv4wtL8NfSbj3ZDzkyAKV5O/ydV7H3gAswAIhUSqMw+CDKyUdhpZ6HVZ4QXdGimSaQc3gtAABAVhFa8z+ghDscvhHRwhmZE8jv/09YlunofSQZCCfc/On/wiStGXLDJqgtO+HvugqSVktppj4wAFSTZaCcfBal4d2278l3g1IGKGac//NIvijCa34bkj/m+L2IKmUWJ5F78f9v785i47ruO45/z91m4ZAURZHarNiWd0dOInirrdhxGwTNQzegC1IXbR+aFm3RBn3KQ5GgLy3aIG2Rxi99ERCgCOq4BRo/uE2KAq1VyXbs2I6lVLJkW15kaqdIkRzOcu89pw+XWmyJkihx5s7M/X0AQuRwNPcIGsz53bP8z3dwcYcXxJDDyv9OMx5UbiVYu51ow+OEE59S7YEuUADosKQ+RTK1i/j0y9mBOrbzHw55cS4bBbCdvfkBwCuvo3rP72CCZYufi3SNixepH/gOrtXJylgZ40Nt3QrK/vaj87UHlhYTasSvIxQAVplNm8RHd9M+8RJ29g1oH8+7SV2VNKBxtjtvJ692E0N3PamFRZIrZ2MaB/6JdPFYV65XGTUULfeaaANm7NNE63cQbnwUzy/l3aSBoABwwxzJmQO0j+3K9uTX3wEX592oXDXOQNLuzlvKH91K9fZfB08nm0kO0pjGW8+QzL/XlcsFJaiMDfKt/zUwIWbodvy191Pa9JhqD9wABYDrYJvTtKeeJzn1I9K5n0LSwXNx+5BNoX7adW15g0KA5CKNabz1PZL597tzPZMt/FMpjI8JRvFH7iOYfIho0+dUMGwFFACuhY1pnXiF+Phu0pmf9PSe/F7RWnC0F7p3vSwE/JqmA6QrnG3TOPQMabc6f6A0nG39kyswBsqfyGoPrN9Baf0D+ky4AgWAZaRz79Kaep50+hXswsG+2pPfCxzQmHakXZwN8WubqdzxJUyg2uTSOS5ZpHHoadJ6d+b8AfwQquPq/FfMK2NqdxOsu59o0xMEI7fk3aKeogCwxMXztI/+L/HJl7Cze3HxdN5N6ns2hcXTXagNcBGvMkH1zt/E6Dxz6QDbnqVx8J+xze7V7DAGqhr6Xx3hBP6abYSTj2YHGYW1vFuUq+IGAJcSn9qbHahz5jVovJudbCOrKl6E5lx3314mGqF6x2/gVdd39boy2NLFYzQPPYONuzi3BZTXGEINaq2+c7UHxu8n3PAY0br7Cld7oFABwNaP0Z56PtuTP78f0nreTSqExowj6fYMih9SvuWXCNfe3eULyyCKp39K873nOnuy32WEFSiPaui/K/wa3vC9BBMPUtr8BF51Q94t6riBDgA2bREfe4H2iT242b24Vvfm7OQC57KpAJt2+8qG0qYdRJsfR9uE5Lo4R2vqf2gfe6Hrl/YCGBof8II/PcyUNuGv+TTh+h0EG39mIGsPDFgAcCQzb9Ka2kV65lXc4ttgi70nv1fYFBanXS6zLMHoVspbfxkTVLt/celbNl6gdfj7JHPdW+l/jvGyRX+a9+8RJsLUbsdf+wClzY8TrLmTQUhmfR8AbPMM7aPPk5x8mXRuHyRn826SLCNpZdMBefDCGqXbfoVg+OZcri/9JZ17l8Y7z+KSfKYJq2OGAbzhHBzBGrzRbYQTDxNtegKvvCbvFl2X/gsANqZ18tWL9uR/QFeXmcsNadehNZ/X/5dHtPERSpseQ7dWclkupTW1i/bxF3P7XCmPGEINVvURD1PZgj+2nWjDDsLJB/qmKFlfBIBk7r3sLv/0j3ELb4Jt5t0kuQGtOWgv5veW86rrqdz6i9olIB+R1o/TfPdZbON0bm2IaoZSsXem9b/ztQceJLrpZwlqW/Ju0bJ6MgDYeIH46G7iky+Szu6D+FTeTZJV1px1xDnmOGM8wk2fpbThUY0GFJ1NaB3bQ3xsDy7H0USt+B9Q4QT+2KcIJx8h3Lijp2oP9E4ASBOaR35A+8Mf4ub2AV1fMi7d5KAx071Dg5bjlccp3fJFguFbcm2H5CM5e5jm+z/oyjG+VxKUoDxmBmBZmVyRCTDD91Ha8kVKW76Qe5ni3ANAMj9F8+3vkp76b0i6W2BD8uVctigwbefdEgjHtxFt+XxPpXPpHBfP0Xr/v4hnDuTdFPwSVNdou1/RGH8Ef/3nqdz5ZG41B3ILAMmZ/TQO7sTOvIIO1imuXgoBxosINz5Maf0jWfF1GTjOxrSP7qF94uWe2CIcREvH+6rzLy7j4489TOmuLxOO3dHVS3c9ACRn9rO4/x9xc69365LS43opBACYaJjS5s8RrrsP8PJujqwC5xzJ6ddpfbgrt619HxdEhsoY6vwlYwzemoeo3vvH+KNbu3LJrgUAWz/G4r5vk87s0bY9uYRz0Jh1pD106KJXXku06THC8XtREOhPzjnS6X20ju7G5jzPfzG/DNVR3fnLZRgPf+LnqG77U7zy2o5eqvMBwMYsHthJfORfwPbILZ70JAc0z0LS6K2A6FXGiTZ+lmDtJzFGn9j9wDlLMr2P9tHd2NZs3s35iLBiKI1kp/yJLMurEt7621Tv+i06lRQ7GgDik6/S2PcN1eCXFWnOQZxjnYDlmNII0eTDhJPbMTmv3pXLc2mL+NRrtI//GBfP5d2cS0RDUBpWzy/XzlRuo/KZrxGO3b7qr92RAGDTmMW9f0967N8BHbErK5dvxcCr8MtEk9sJJ7bjlcbybo2QlQSPT71KfOonuF5ZTPIx5REIq+r85TqYkOjmJ6nc+3us5mjAqgeAeOZtGq9/Hdf8cLVeUgoqaWUFg3p3yYjBH72VaGI7wdidaJ1AdzlnSWYPkpx8lWTuA3p2N5FZqu0f5d0Q6Xem9klqD/4VXmV8VV5vVQNA8/CztA49BbaHVnJJX7OJozFjsGmPfrgvMdEw4fg2gvFt+JXJvJsz0OziceLpfcSn/69nVvQvx/Ohslan+skqCkapfuYvCCcfvOGXWp0A4FIWXv8m6fHnbrhBIh/nLDTPOpI+yZVedZJw/D6CtffgRaN5N2cg2NYMyZkDxNP7cq3VvxJBCSoq8COdYHxKt/0h5Tu/dEMvc8MBwMYL1H/0VezcvhtqiMjVtOvQXujlKYFLeUMbCcfuIhi7G6+8OsN2RZE2TpHMvEkycxC7eCLv5lwzA0Qjhkgn+kmH+Rt/gdr2r3K9KfOGAoBtTDP/0leg8cF1XVxkpdI2NGbB2T5KAUtMaYxwdCvB6G14IzdjPE0KX8ylbdK590jPvkMy925P7du/VsbP7vpVSFK6xRt7iOGHvgH+yo8gvu4AkNSnqL/4FWifXPFFRW5Ev00JXJbnEwzdhD/8CfzhLXi1zYULBM7G2PkjJAtHSOffxy5M4Vz/7hoKyobyCBitBZUu84a3MfTot/D80or+3nUFgGThCPUX/gSSMyu6mMhqihvQnHM9u/h7JYwxeNWN+LWb8IY24Fc34JXXDVC1GEvamMbWj5HWj2PrR0jrJxmEbcLGM5RHHEF5UP6vpB+Z2j3Udjy1ohCw4gBg60eZ3/NH6vylJzjrsuqB/TwasAzjhXjVDXiVCfzKOrzKOrzKOCYcybtpV+Ta89jGKdLGKWxzGts4Sdo4CWn+h++stqAEpVGDp7t+6QHe8DaGH33qmqcDVhQAbHOa+d1/oGF/6TlxIysc1McjyNfM+BFetAZKo3jRGrzyKCYcxQuHMOe+VjgUeM3SJrZdxyV1bFLHteaw7VlcaxbXOottzeJ64JS9TvM8KA1DUNFdv/QWb82DDD/yzWxBylVccwCwaZOFXb+Pa7y3Gm0UWXXOZiEgbuTdkh5gfExYxfgRxoswfgR+BYyHMUHWgxkf8MC47DQml4K1OJdk36dNXNLG2RakbWzSyB4vuKgKUc1orl96lrf+5xm+/2tXfd41BgDH/J4/w559bZWaJ9I5aRua864XjnuXAeKF2SI/rfCXfhBu/TLVu3/3is+x1qZXzbH1N76lzl/6hh/B0LihrLlZWQXGM5RHYWhcnb/0j/jwTlpHd1/1eVf8iGwd+U+SqX9btUaJdEtYgeqEIRpC1dhk5QxENahNZEf4ivQXR3PfX5LUp674rGUDQDI/RXP/3zIQ+6ykkIzJjl+trTOEVaMcIFdnIKzC0IShVFMpX+ljaZ3FV/4cbLLsUy4fAFzK4mtfh1QrqqT/GT87jrU6YQgrA7S9XlaNITuut7bOUB7R9JEMBrd4mPreby/7+8u+zev7d+Lqb3WsUSJ58HwojxqG1hmCCrq7k+yOf2m6qDxyTbunRPpKcvRZ4hOvXPZ3lwSAdPYdkg+e7nijRPJifKiMGmoTEA0ZjQgU0dIc/9DE0oJRdfwysCyL+/4Gm15aMe1jAcBRf+OvwWkPlQw+4xlKwzA0mf2pu7/B5/lQGjHUJrM5fg31SyG0T7K49x8uefgjb//m4e/j6ge71iaRXmBMNhJQmzBU1mQlXmWwBCWojBmGJrKjejXqI0WTHn+OZObARx47HwBs2qD19s6uN0qklwRlQ2UsCwPRkE5362eeB9FQNsxfGTMKdlJszrK49++4eGff+Y+3xv6dkJzNo1kiPcf42RbCc51HWEaLBvuBgaAMlbXnpnY0vy9yjqsfpPX+f5z/OQCwzVmSqWdza5RIrzImGz4OSoayg7jhSJqGpK36GL3CGPAiCEvZ7g4N74ssr/nWTkpbvgD42QhA482dYJs5N0ukx5lsr3hlLdQms9XjQUkDA7lYCmaVUcPQBFTHDKHm9kWurn2SxUPPABDQnic5/sOcWyTSX4yX7R8PKwYcJE1IWo6kTSGOJc6D8SCIDEHJ4ZcuPpFPvb7ISsRHvkd0668S1A99F6wq/olcNwNB5cL58GkCaTMLA2mMqmlfL5MdwHOu0/dCc+EXInL94hmah//VM0effsCRnMm7OSKDyUESO9I22DYkCgTLOjeX70cQhCY7fU99vUhnROsJ1PmLdJBZuoONsh8d2dkctu1I42y0wCXgChYKjAETgB9kd/l+CCZQVUaRrolPZ7sARKQ7DEudXmA4f7y8y4KAXfpKE4eNDc4ORiowfvZv9nzwAoMXZj/r7l4kXwoAInkzF+6Czz8AOGuwKbjUYdPse5s6XAo2pXemEkxWdMcLwPgGz3OYwCx1+FqZL9KrFABEepTxwPeA8OIe9ML3zmU7DlwK1gIWrHXgzv3OgAXnHA6DcS57fOlV3EWveO6xbGOwwRiHMQYMGM9lnbjJzk8wXtbhGy+7u7+0g1ePL9IPFABE+pQxSwcY+XCh2N3lOt/rWT1/+dAhIoNDlc5FREQKSAFARESkgBQARERECkgBQEREpIAUAERERApIAUBERKSAFABEREQKSAFARESkgBQARERECkgBQEREpIAUAERERApIAUBERKSAFABEREQKSAFARESkgBQARERECkgBQEREpIAUAERERApIAUBERKSAFABEREQKSAFARESkgBQARERECkgBQEREpIAUAERERApIAUBERKSAFABEREQKSAFARESkgBQARERECkgBQEREpIAUAERERApIAUBERKSAFABEREQKSAFARESkgBQARERECkgBQEREpIAUAERERApIAUBERKSAFABEREQKSAFARESkgBQARERECkgBQEREpIAUAERERApIAUBERKSAFABEREQKSAFARESkgAKMn3cbREREpKs8/h9H1fWOPUveSQAAAABJRU5ErkJgAA==',4,'nicolas.agudelo@ideteco.com');
/*!40000 ALTER TABLE `usuarios` ENABLE KEYS */;
UNLOCK TABLES;
/*!40103 SET TIME_ZONE=@OLD_TIME_ZONE */;

/*!40101 SET SQL_MODE=@OLD_SQL_MODE */;
/*!40014 SET FOREIGN_KEY_CHECKS=@OLD_FOREIGN_KEY_CHECKS */;
/*!40014 SET UNIQUE_CHECKS=@OLD_UNIQUE_CHECKS */;
/*!40101 SET CHARACTER_SET_CLIENT=@OLD_CHARACTER_SET_CLIENT */;
/*!40101 SET CHARACTER_SET_RESULTS=@OLD_CHARACTER_SET_RESULTS */;
/*!40101 SET COLLATION_CONNECTION=@OLD_COLLATION_CONNECTION */;
/*!40111 SET SQL_NOTES=@OLD_SQL_NOTES */;

-- Dump completed on 2018-01-12 15:52:52
